jp	kind	budget	count	modules
ゆ)？<08>セ<0E>れ<0C>らェアアぬらアイ<12>よアウュひ	dialog	23	26	BTL_A3,BTL_A3_2,BTL_A5,BTL_A5_2,BTL_A5_3,BTL_A7,BTL_A7_2,BTL_B2,BTL_B5,BTL_B5_2,BTL_B5_3,BTL_B6,BTL_B6_2,BTL_C2,BTL_C2_2,BTL_C4,BTL_C5,BTL_C5_2,BTL_C8,BTL_C8_2,BTL_D2,BTL_D2_2,BTL_D4,BTL_D5,BTL_T0,BTL_X0
(お礼に何かあげた方がいいかな)	narration	33	7	TWN_CARA
ガリル砂漠で、ハイガを\n倒した時に変化した姿。\nこの時から、身体を自由に\n変形できるようになった。	ui	96	5	MENUEN
ゲオルギウスで目覚めた\n巨大なドラゴンを倒した\n時に変化した姿。\n翼のしま模様が美しい。	ui	86	5	MENUEN
タム・バシレウスを倒した\n時に変化した姿。\n甲殻におおわれた部分が\n増えている。	ui	78	5	MENUEN
アトルムドラゴンを倒した\n時に変化した姿。\n翼の内側に、目のような\n模様ができている。	ui	84	5	MENUEN
攻性生物に寄生された\nグリグオリグを倒した時に\n変化した姿。\n少しずつ、人の姿に\n近づいてきているような\n気がする。	ui	112	5	MENUEN
<02><01>エ」。なカむキむク…はるツむはるツむはるツ	dialog	24	4	BTL_B5,BTL_C5,BTL_C5_2,BTL_C8_2
グレイスリングをあげる	dialog	23	4	TWN_CARA
ジェムレンズをあげる	dialog	21	4	TWN_CARA
ザアルナッツをあげる	dialog	21	4	TWN_CARA
(ゾアで道具屋をやっていたヤレドだ…)	narration	39	4	TWN_SEEK
(ここでの肩書きは「調整士」らしい)	narration	37	4	TWN_SEEK
(発掘品の加工をしている)	narration	27	4	TWN_SEEK
ゲオルギウスで戦ったと\nいうドラゴンも、これと\n似た姿をしていたらしい。\nこれが<01><01>の\n本当の姿なのだろうか。	ui	105	3	MENUEN
すいません、仕事があるので…	dialog	29	3	TWN_CARA
…お話なら、母に聞いてください…	dialog	33	3	TWN_CARA
(何か手仕事をしているようだ)	narration	31	3	TWN_CARA
まだ、こんな土地が残ってたんですね…	dialog	37	3	TWN_CARA
ョー」アアなアイーーイな＋ウイイュャ	dialog	19	2	1ST_READ
トゥプナック	dialog	13	2	BTL_B5_3,MENUEN
チアりハセ。ホ<0E>？	dialog	10	2	FLD_C4
ウルの地下遣跡で戦った。\nふ化したタルメランは、\n短時間でタルバーニへと\n羽化する。同時に攻撃力も\n上がってしまうので、\nその前に倒しておきたい。	ui	142	2	MENUEN
ウルの地下遣跡で戦った。\nふ化したデルメランは、\n短時間でデルバーニへと\n羽化する。\nまた、仲間の成長を早める\n能力もあるので、群れで\n現れた時には、先に倒して\nおいた方がいい。	ui	172	2	MENUEN
帝国軍の中でも、特殊な\n任務につく部隊が使用する\n船だ。3方向に攻撃できる\n6連装誘導爆雷を積んで\nいる。\n爆雷点火から発射までには\n時間がかかるので、その\n間に爆雷を撃ち落とせば\n痛い目にあわずにすむ。	ui	197	2	MENUEN
帝国軍の空中騎兵連隊が\n使っている戦闘機。\n運動性と引きかえに装甲が\n薄くなっていて、攻撃を\n受ければ、あっという間に\n墜落してしまう。\nしかし、腕のいい操縦士が\n扱えば、光の矢をかわす\nこともできる。	ui	195	2	MENUEN
旧式艦を改良したもの。\nエンジンの出力が弱く、\n火炎噴射砲しか積むことが\nできなかったらしいが、\n装甲には、最近発掘された\n素材を使っているようだ。	ui	144	2	MENUEN
昔、帝都に現れたという\nドラゴンも、これと同じ\n姿をしていたらしい。\nこれが<01><01>の\n本当の姿なのだろうか。	ui	101	2	MENUEN
ごめんなさい…	dialog	15	2	TWN_CARA
よその人とお話したこと、なくって…	dialog	35	2	TWN_CARA
私、生まれた村から出たことがなくって…	dialog	39	2	TWN_CARA
旅に出てから、ずっと心細かったんです	dialog	37	2	TWN_CARA
まだ若いのに、ひとり旅かい？	dialog	29	2	TWN_CARA
大変だねえ…	dialog	13	2	TWN_CARA
あんた、珍しい品物持ってないかい？	dialog	35	2	TWN_CARA
あったら、うちのひとに見せてやっとくれ	dialog	39	2	TWN_CARA
ねえ、お母さん…	dialog	17	2	TWN_CARA
ひとり旅って、どんな感じかな？	dialog	31	2	TWN_CARA
変な事聞く子だねえ	dialog	19	2	TWN_CARA
どうかしたのかい？	dialog	19	2	TWN_CARA
別に…	dialog	7	2	TWN_CARA
ただ、なんとなく…	dialog	19	2	TWN_CARA
ほんとに、ありがとうよ	dialog	23	2	TWN_CARA
エンカクの薬だけどさ	dialog	21	2	TWN_CARA
うちのひとが作ってくれたんだよ	dialog	31	2	TWN_CARA
あんな道楽も、たまには役に立つんだねえ	dialog	39	2	TWN_CARA
(よかった…元気になったらしい)	narration	33	2	TWN_CARA
(なんとなく元気がないようだ)	narration	31	2	TWN_CARA
あの子、すっかり元気になっただろ？	dialog	35	2	TWN_CARA
だって…	dialog	9	2	TWN_CARA
わからん…今、資料庫を調べてるところだ	dialog	39	2	TWN_SEEK
昔の記録に、手がかりがあるかもしれない	dialog	39	2	TWN_SEEK
彼女も、旧世紀の産物だからな	dialog	29	2	TWN_SEEK
アゼル…どうして…	dialog	19	2	TWN_SEEK
彼女は、塔を開く唯一の鍵だ	dialog	27	2	TWN_SEEK
俺達が塔に行きたがってるのを知っていた	dialog	39	2	TWN_SEEK
彼女にとって、あそこは…	dialog	25	2	TWN_SEEK
クレイメンが死んだ場所だよ	dialog	27	2	TWN_SEEK
そいつはわかってるんだが…	dialog	27	2	TWN_SEEK
ちょっとばかり、話を急ぎすぎたかなあ	dialog	37	2	TWN_SEEK
とにかく、儀はアゼルを探してみる	dialog	33	2	TWN_SEEK
ああ、おまえにまかせるよ	dialog	25	2	TWN_SEEK
すみませんでした…お役に立てなくて	dialog	35	2	TWN_SEEK
俺…足をやられたんです	dialog	23	2	TWN_SEEK
もう、戦えないかもしれない…	dialog	29	2	TWN_SEEK
ごめん…	dialog	9	2	TWN_SEEK
俺、結局足手まといだったね…	dialog	29	2	TWN_SEEK
初陣とはそういうものだ	dialog	23	2	TWN_SEEK
気にする事はない	dialog	17	2	TWN_SEEK
 はい いいえ	dialog	15	1	1ST_READ
※\n<04>わるョミヌフメトな」ミミヘミにに	dialog	21	1	1ST_READ
ョミヌフメトな」ミミヘミにに	dialog	15	1	1ST_READ
ゆよらりるれろわをんソタチツテト	dialog	17	1	1ST_READ
はりツ	dialog	4	1	BTL_C5_2
りむ。<08>ーッマ<08>チ』り<1C>ねぬソ。アエマ<08>タり。	dialog	24	1	FLD_C4
りむ。<08>ーーチ』り<1C>ソ。<13>にマ<08>アエタり。	dialog	22	1	FLD_C4
りむ。<08>チ』り<1C>ーア	dialog	11	1	FLD_C4
チチりコセ。ホ<0E>？	dialog	10	1	FLD_C4
なはゆをカなはゆをカなはゆをカ	dialog	16	1	FLD_D2
なはゆをカなはゆをカな	dialog	12	1	FLD_D2
少年、エッジの心に宿りし者よ	dialog	29	1	FLD_D5
おまえの本当の名前を示せ…	dialog	27	1	FLD_D5
で間違いないか？	dialog	17	1	FLD_D5
間違いない	dialog	11	1	FLD_D5
いや違う	dialog	9	1	FLD_D5
クルル(上位体)	ui	17	1	MENUEN
渓谷地帯で戦った。\n体力を回復する力を持つ\n厄介な敵だ。\n仲間の体力も回復して\nしまうので、群れの中に\nこいつがいる時は、\n狙いをつけて先に倒した\n方がいい。	ui	152	1	MENUEN
渓谷地帯で戦った。\nこちらを追うようにして\n向きを変えてくるが、回り\n込んで危険方向をさければ\n無傷で倒せる相手だ。\nただし、複数いる場合は、\nそれぞれの向きに注意する\n必要がある。	ui	176	1	MENUEN
渓谷地帯で戦った。\nメラコラとの違いは、頭の\n飾りと特殊攻撃だ。\nたくさんの針を集中して\n撃ってくるので危険だが、\n前に回り込んで、針を出す\n□を攻撃すれば、大きな\nダメージを与えることが\nできる。	ui	191	1	MENUEN
渓谷地帯で戦った。\n2匹が一緒に行動している\nことが多い。\n後ろに回り込めば安全だが\n動きがすばやいのでかなり\n難しい。逆に回り込まれて\n大アゴに襲われないように\n気をつける必要がある。	ui	180	1	MENUEN
渓谷地帯で戦った。\n発掘所のどこかにいると\n噂されていた奴だ。確実に\n弱点を狙っていかないと、\n長期戦になるだろう。\nシャプリの幼体が際限なく\n出てくるのも厄介だ。	ui	159	1	MENUEN
ガリル砂漠で戦った。\n常に群れで行動している。\nこういう奴らは群れ全体が\n1匹の生物だと考えた方が\nいい。1体倒したところで\nその攻撃力はほとんど\n弱まらない。群れを率いて\nいる個体を倒すのが、一番\n確実な方法だろう。	ui	211	1	MENUEN
トゥプ(上位体)	ui	17	1	MENUEN
トゥプの群れを率いている\nリーダー。どうやら、この\n種の攻性生物は、リーダー\nだけが意志を持っている\nようだ。それを利用すれば\n群れは簡単に追い払える。	ui	148	1	MENUEN
ガリル砂漠で戦った。\nこいつのように角のない\nアシュティは、攻撃を\nされない方向に回り込み、\nすきを見て攻めていれば\n簡単に倒せる。	ui	128	1	MENUEN
アシュティ(上位体)	ui	21	1	MENUEN
アシュティのリーダー。\n角の有無で見分けがつく。\nこいつの吐くしびれ液を\nくらうと、動きがとれなく\nなってしまう。\n群れの中にこいつがいたら\n真っ先に倒しておかないと\n痛い目にあうだろう。	ui	182	1	MENUEN
ガリル砂漠で戦った。\n岩のふりをしていて、敵が\n近寄った時に襲ってくる。\n背中が弱点。\nダメージを受けると、その\n方向に向き直って攻撃して\nくることがあるので、気を\nつけた方がいい。	ui	176	1	MENUEN
プーキオ	ui	9	1	MENUEN
ガリル砂漠で戦った。\nトゥプを招き寄せる性質が\nあるらしい。また、攻撃を\n受けると即座にその方向に\n反撃してくる。ただし、\n後ろに反撃することだけは\nできないようだ。	ui	161	1	MENUEN
ガリル砂漠で戦った。\n小型の攻性生物で、狩りの\n獲物としては手ごろだ。\n装甲が厚いわりにすばやく\nダメージを与えにくいが、\n攻撃は単調なので、とくに\n手ごわい相手ではない。	ui	167	1	MENUEN
ウルで戦った。\nめったに出会うことのない\n珍しい敵だ。おまけに、\n一度攻撃すると、すぐに\n逃げてしまう。こういう\n相手は、出会いがしらに\nバーサーク技で攻撃するに\n限る。	ui	164	1	MENUEN
ガリル砂漠の地下の空洞で\n戦った。\n光の粉をまき散らしながら\n飛ぶ姿は美しいが、それに\n見とれていては、命が\nいくつあっても足りない。\nその光が、さらに恐ろしい\n巨大攻性生物・ハイガを\n呼び寄せているのだから。	ui	203	1	MENUEN
ハイガ(幼生)	ui	15	1	MENUEN
姿も大きさも全然違うが、\nハイシュとハイガは、同じ\n種のオスとメスにあたる。\nこの時のハイガはほとんど\n攻撃力を持たないが、\nオスであるハイシュを食う\nことで、機動形態へと姿を\n変える。	ui	180	1	MENUEN
この形態のハイガは動きが\nとても速かったが、その\nせいか後方が死角になって\nいた。\n攻撃力は、それほど高く\nなかったようだ。	ui	120	1	MENUEN
ハイガ(完全形態)	ui	19	1	MENUEN
攻撃力や防御力、さらに\nすばやさも上がった\n最後の形態。\nこいつを倒すと同時に\n<01><01>も\n変形能力を手に入れた。\n単なる偶然だろうか？	ui	125	1	MENUEN
ウルで戦った。\n砂漠に住んでいるトゥプが\n水辺の環境に合わせて変化\nしたものだ。攻撃方法や\n生態は、ほとんど同じと\nいっていいだろう。\nただし、トゥプよりは多少\n打たれ強いようだ。	ui	174	1	MENUEN
トゥプナック(上位体)	ui	23	1	MENUEN
ウルで戦った。\n砂漠に住んでいるトゥプが\n水辺の環境に合わせて変化\nしたものだ。リーダーの\n役目もほぼ一緒らしい。	ui	111	1	MENUEN
ウルで戦った。\n砂漠に住むアシュティが、\n水辺の環境に合わせて変化\nしたものだ。攻撃方法や\n生態は、ほとんど同じと\nいっていいだろう。\nただし、アシュティよりは\n多少打たれ強いようだ。	ui	178	1	MENUEN
ミシュティ(上位体)	ui	21	1	MENUEN
ウルで戦った。\n砂漠に住むアシュティが、\n水辺の環境に合わせて変化\nしたものだ。攻撃方法や\n生態は、ほとんど同じと\nいっていいだろう。\nリーダーの役目もほぼ一緒\nらしい。	ui	164	1	MENUEN
卵(小)	ui	9	1	MENUEN
ウルの地下遣跡で戦った。\n攻性生物タルメランの卵。\nふ化すると厄介なので、\nその前に倒しておきたい。\n銃弾のエネルギーを吸収\nしてしまうので、攻撃する\n時には注意が必要だ。	ui	167	1	MENUEN
卵(大)	ui	9	1	MENUEN
ウルの地下遣跡で戦った。\n攻性生物デルメランの卵。\nふ化すると厄介なので、\nその前に倒しておきたい。\n光のエネルギーを吸収して\nしまうので、攻撃する\n時には注意が必要だ。	ui	165	1	MENUEN
ナウパダ	ui	9	1	MENUEN
ウルの地下遣跡で戦った。\n周囲にいる仲間が傷つくと\nダメージを回復させる。\nたまに粘着液を吐き出して\n自ら攻撃することもある。	ui	123	1	MENUEN
ウルで戦った。\nドラゴンに似た姿なので\nこう呼ばれているが、力は\n遠く及ばない。最近は数も\nかなり減っているようだ。	ui	113	1	MENUEN
ウルの地下遣跡で戦った。\n攻撃された時だけ反撃する\n珍しい攻性生物。\n銃で撃つと上を向く。この\n状態なら、反撃されても\nこちらには当たらない。	ui	138	1	MENUEN
タム・リッサ＆巣	ui	17	1	MENUEN
どうやら、こいつが\nタム・プロを産んでいた\nようだ。武器が届かない\n頭上から攻撃してくるので\n面食らったが、攻め方が\nわかってしまえば、どうと\nいうことはなかった。	ui	159	1	MENUEN
ウルの地下遣跡で戦った。\n攻撃された時だけ反撃する\n珍しい攻性生物。\nこいつは他のタム・プロと\n違い、爆発する卵のような\nものを持っている。	ui	136	1	MENUEN
禁止区域近辺で出会う。\n編隊を組んで飛ぶ姿は、\n帝国軍の戦闘機のようだ。\n後方への攻撃ができない\nかわりに、レーザーを回避\nする能力がある。それさえ\n何とかすれば楽に倒せる。	ui	169	1	MENUEN
ヴェロクス(中軸体)	ui	21	1	MENUEN
禁止区域近辺で戦った。\n編隊を組んで飛ぶ姿は、\n帝国軍の戦闘機のようだ。\n角の長いやつが、指揮を\nとっているらしい。	ui	113	1	MENUEN
禁止区域近辺で戦った。\n水に潜っている間は攻撃を\n受けつけない。\n短い光の矢を放つ攻撃が\n危険だが、よく見ればその\n前兆がわかる。	ui	126	1	MENUEN
ヴェロキタ(中軸体)	ui	21	1	MENUEN
禁止区域近辺で戦った。\n水に潜っている間は攻撃を\n受けつけない。\nヴェロクスと同じように、\n他と姿が違うやつが群れに\n混じっている。これも、\n指揮をとる個体だろう。	ui	159	1	MENUEN
ゲオルギウスで出会う\n竜巻のまわりに浮いている\n岩の近くにいる。\nこいつの攻撃は、岩の\n向こうからでも当たるので\n常に視界に入れながら\n戦わないと不利だ。	ui	149	1	MENUEN
メル=カヴァで戦った。\nこれまでに出会った、どの\n攻性生物よりもすばやい。\n後方が弱点だが、なかなか\n狙い撃つことができない。\n相手の動きを追うよりも、\n敵が前に来る一瞬を狙う\n方がいいだろう。	ui	188	1	MENUEN
ゾアの森で戦った。\nこれは帝国アカデミーでの\n呼び名だ。昔、ドラゴンが\n帝都に現れた時、大量に\n目撃されたらしい。\nこいつも、旧世紀生まれの\n血統書つきなのだろう。	ui	159	1	MENUEN
フォス	ui	7	1	MENUEN
必ず、ウンブラとともに\n行動している。それぞれ、\n左右と前後に対する攻撃を\n無効化する力があるうえ、\nこちらに反応して動くのが\n厄介だ。効率よく倒すには\n少し頭を使う必要がある。	ui	173	1	MENUEN
ウンブラ	ui	9	1	MENUEN
必ず、フォスとともに\n行動している。それぞれ、\n左右と前後に対する攻撃を\n無効化する力があるうえ、\nこちらに反応して動くのが\n厄介だ。効率よく倒すには\n少し頭を使う必要がある。	ui	171	1	MENUEN
メル=カヴァの船底に格納\nされている砲台。3方向へ\n攻撃をしてくるうえ、\n強力なバリアで守られて\nいるので、こちらの攻撃が\n届かない。バリアを何とか\nしない限り、正面から戦う\nのは、かなり危険だ。	ui	190	1	MENUEN
メル=カヴァの内部通路を\n守っている。正面に強力な\n光の矢を撃ってくるが、\n通路いっぱいに広がって\nいるので、左右によける\nことができない。	ui	136	1	MENUEN
『塔』の中で戦った。\n侵入者を阻むしかけが作動\nすると襲ってくる、下級\nガーディアン。\n強力な攻撃を一度だけ\n行って、すぐに逃げ出して\nしまう。体力が残り少ない\n時には危険な敵だ。	ui	174	1	MENUEN
ゾアの森で戦った。\n塔から攻めてきた群れの\n中にいた攻性生物。上に\n乗っているやつは、森林で\n戦うために生み出された\nらしい。	ui	122	1	MENUEN
ゾアの森で戦った。\n塔から攻めてきた群れの\n中にいた攻性生物。下に\nぶら下がっているやつは、\n森林で戦うために\n生み出されたらしい。	ui	128	1	MENUEN
塔から生まれ出た純血種が\nゾアの森に根づいたもの。\n森の上空に出ている部分を\n攻撃しても、力の源である\n根が活動している限り\n効きめがない。	ui	136	1	MENUEN
『塔』の中で戦った。\n侵入者を阻むしかけが作動\nすると襲ってくる、下級\nガーディアン。\n正面に放つ光の矢をさける\nために移動すると、それに\n反応して直接攻撃を行う。	ui	159	1	MENUEN
『塔』の下部格納層を\n守っていたガーディアン。\n塔のあちこちに配置された\n下級ガーディアンの\n上位種として生み出された\nらしい。	ui	124	1	MENUEN
意識融合体	ui	11	1	MENUEN
クレイメン艦隊で使われて\nいる、対攻性生物用の\n戦闘艦。軽量で小回りが\nきくだけでなく、兵装も\n大型の攻性生物を意識した\nものになっている。\n神経弾には毒矢のような\n効果があり、重散弾砲は\nどんな攻性生物の殻も破る\n破壊力を持つ。	ui	222	1	MENUEN
重散弾砲	ui	9	1	MENUEN
クレイメンの部下の\nツァスタバが乗っていた\n戦闘機。\n機体の運動性を最大限に\n発揮して襲ってきたが、\n本気で儀らを殺す気は\nなかったらしい。	ui	135	1	MENUEN
帝国軍の主力空中戦艦。\n今までに100隻以上も\n建造されているらしい。\nこれは輸送型で、武装の\n一部を取り外してある。	ui	115	1	MENUEN
帝国の基地のあちこちで\n見かける機体。\n武装がないぶん動きが早く\n攻撃が当たりにくいうえ、\nこちらを発見すると援軍を\n呼ぶ厄介な敵だ。	ui	130	1	MENUEN
帝国の基地を守っている\n機体。\n爆雷を積んでいるが、\n前方にしか撃つことが\nできないらしい。ただし\n見かけのわりにすばやく、\n油断していると後ろを\nとられてしまう。	ui	158	1	MENUEN
帝国の基地の防衛線近くで\n戦った。\n大きな砲身が狙いをつけて\nくるが、砲台の旋回が遅い\nので、こちらが動き続けて\nいれば、まず大丈夫だ。	ui	132	1	MENUEN
帝国軍が、ゾアの街を\n焼きつくそうとして使った\n兵器。自ら飛行する巨大な\n砲弾のようなものだ。\n着弾する前に破壊して\nいなければ、儀らも爆発に\n巻き込まれていただろう。	ui	163	1	MENUEN
帝国軍空中艦隊の旗艦。\n皇帝の乗艦でもあるが、\nむしろ王宮そのものが空に\n浮いていると言った方が\nいいかもしれない。\n最大の武器は、皇帝砲と\n名づけられた雷撃兵器。\nゾアの街は、これ一発で\n吹き飛ばされてしまった。	ui	207	1	MENUEN
回転砲台	ui	9	1	MENUEN
対攻性生物戦用にガス弾を\n装備した戦闘機。\n後ろをとらなければろくに\n攻撃が当たらないうえ、\nガスをくらうと、こちらの\n行動がほとんど封じされて\nしまう。	ui	149	1	MENUEN
ベースウィング	ui	15	1	MENUEN
発掘所の地下の遣跡で、\n初めて出会った時の姿。\nすべては、あの時から\n始まったんだ。	ui	82	1	MENUEN
バリアントウィング標準型	ui	25	1	MENUEN
バリアントウィング防御型	ui	25	1	MENUEN
バリアントウィング攻撃型	ui	25	1	MENUEN
バリアントウィング機動型	ui	25	1	MENUEN
バリアントウィング心技型	ui	25	1	MENUEN
ストライプウィング標準型	ui	25	1	MENUEN
ストライプウィング防御型	ui	25	1	MENUEN
ストライプウィング攻撃型	ui	25	1	MENUEN
ストライプウィング機動型	ui	25	1	MENUEN
ストライプウィング心技型	ui	25	1	MENUEN
パンツァーウィング標準型	ui	25	1	MENUEN
パンツァーウィング防御型	ui	25	1	MENUEN
パンツァーウィング攻撃型	ui	25	1	MENUEN
パンツァーウィング機動型	ui	25	1	MENUEN
パンツァーウィング心技型	ui	25	1	MENUEN
アームウィング標準型	ui	21	1	MENUEN
アームウィング防御型	ui	21	1	MENUEN
アームウィング攻撃型	ui	21	1	MENUEN
アームウィング機動型	ui	21	1	MENUEN
アームウィング心技型	ui	21	1	MENUEN
ライトウィング	ui	15	1	MENUEN
Dーユニットと呼ばれる\n記録版のようなものを\n全て集めた時に変化した\n異様な姿。なんだか、\n儀の<01><01>が\n手の届かないところに\n行ってしまったような\n感じだ…。	ui	150	1	MENUEN
ウルの地下遣跡で使った\n旧世紀の乗り物。\n出力は小さいが、光の矢を\n撃ち出すことができる。	ui	88	1	MENUEN
<01>イス、」スゆゆよもョ。ォ	dialog	14	1	TWN_CARA
ちょいと！	dialog	11	1	TWN_CARA
うちの娘に何するつもりだい！	dialog	29	1	TWN_CARA
アンユウのおじさんに聞きました	dialog	31	1	TWN_CARA
狩りに出るのって、命がけなんですね	dialog	35	1	TWN_CARA
外の世界も、もう恐くなくなりました	dialog	35	1	TWN_CARA
あなたも旅してる世界ですから…	dialog	31	1	TWN_CARA
また、すぐに出て行ってしまうんですね…	dialog	39	1	TWN_CARA
ずっと、ひとりで旅してるんですか？	dialog	35	1	TWN_CARA
ひとりで…さびしくないですか？	dialog	31	1	TWN_CARA
ハンターのお守りです	dialog	21	1	TWN_CARA
…無事でいてください…	dialog	23	1	TWN_CARA
え…いいんですか？	dialog	19	1	TWN_CARA
ありがとうございます…	dialog	23	1	TWN_CARA
嬉しい…	dialog	9	1	TWN_CARA
きっと、みんな喜びます	dialog	23	1	TWN_CARA
いい子だから、じっとしててね…	dialog	31	1	TWN_CARA
きれいにしないと、病気になっちゃうよ	dialog	37	1	TWN_CARA
あなたが、薬を取ってきてくれるなんて…	dialog	39	1	TWN_CARA
びっくりしたけど…うれしかったです	dialog	35	1	TWN_CARA
優しい人だって、わかったから…	dialog	31	1	TWN_CARA
おかげで、病気が治りそうです…	dialog	31	1	TWN_CARA
エンカクが病気になって…	dialog	25	1	TWN_CARA
目を覚まさないんです	dialog	21	1	TWN_CARA
エンカクが、病気になったんです	dialog	31	1	TWN_CARA
おじさん、早く帰ってこないかな…	dialog	33	1	TWN_CARA
薬を、ありがとうございました…	dialog	31	1	TWN_CARA
この子は重い病気だそうです…	dialog	29	1	TWN_CARA
父が言ってました	dialog	17	1	TWN_CARA
特別な薬を飲ませないと助からないって…	dialog	39	1	TWN_CARA
(よかった…安心したようだ)	narration	29	1	TWN_CARA
(じっと座ったままだ…)	narration	25	1	TWN_CARA
エンカクの様子、見ましたか？	dialog	29	1	TWN_CARA
病気だったのがうそみたい…	dialog	27	1	TWN_CARA
よかった…あの子が元気になって…	dialog	33	1	TWN_CARA
ここなら、静かに暮らせると思ったのに…	dialog	39	1	TWN_CARA
私達の居場所は、もうないんでしょうか？	dialog	39	1	TWN_CARA
…よろしくお願いします…	dialog	25	1	TWN_CARA
この子とは、村からずっと一緒なんです	dialog	37	1	TWN_CARA
この子、あなたになついてるみたいですね	dialog	39	1	TWN_CARA
おじさん達は、まだ戻ってませんけど…	dialog	37	1	TWN_CARA
この子には、ずっと無理させてるから	dialog	35	1	TWN_CARA
せめて、このくらいしてあげないと…	dialog	35	1	TWN_CARA
昔は、クーリアもいっぱいいたんです	dialog	35	1	TWN_CARA
でも、旅の途中でみんな死んでしまって…	dialog	39	1	TWN_CARA
長旅で疲れてるんです、この子も…	dialog	33	1	TWN_CARA
必ず、帰ってきてください…	dialog	27	1	TWN_CARA
私…待ってますから…	dialog	21	1	TWN_CARA
ここは、私達の村にどこか似ています…	dialog	37	1	TWN_CARA
あなたの故郷は、どんなところですか？	dialog	37	1	TWN_CARA
私たちの村も、こんな感じの所でした	dialog	35	1	TWN_CARA
あの子の事、忘れたわけじゃないけど…	dialog	37	1	TWN_CARA
泣いてばかりじゃ、生きていけませんから	dialog	39	1	TWN_CARA
今度は何しに来たんだい？	dialog	25	1	TWN_CARA
あたし達のことは、もうほっといておくれ	dialog	39	1	TWN_CARA
ごめんね、変な事言っちまって	dialog	29	1	TWN_CARA
あいつらがまた来たと思ったんだよ	dialog	33	1	TWN_CARA
これ以上食べ物持って行かれたら	dialog	31	1	TWN_CARA
あたし達、干からびちまうからね	dialog	31	1	TWN_CARA
の森を目指してるんだよ	dialog	23	1	TWN_CARA
あの森なら、楽に暮らせるだろうからね	dialog	37	1	TWN_CARA
でも、森には必ず攻性生物が…	dialog	29	1	TWN_CARA
あんた、教典読んだ事ないのかい？	dialog	33	1	TWN_CARA
ゾアの森は特別なんだよ	dialog	23	1	TWN_CARA
神様の力で守られてるのさ	dialog	25	1	TWN_CARA
大きな街もあるって話だよ	dialog	25	1	TWN_CARA
そんな場所が、本当にあるのか？	dialog	31	1	TWN_CARA
この辺の行商人に聞いたんだけどね	dialog	33	1	TWN_CARA
みんな、一度は買いつけに行くんだってさ	dialog	39	1	TWN_CARA
ずっと東に進めば、たどり着けるはずだよ	dialog	39	1	TWN_CARA
攻性生物でも、食べればうまいもんさ	dialog	35	1	TWN_CARA
料理の仕方にコツがいるけどね	dialog	29	1	TWN_CARA
あのひとも、狩りに出られればねえ…	dialog	35	1	TWN_CARA
体が弱いから、しょうがないんだけどさ	dialog	37	1	TWN_CARA
一族の血を絶やすわけにはいかないんだよ	dialog	39	1	TWN_CARA
おまえだって、わかってるだろ？	dialog	31	1	TWN_CARA
でも、私はまだ…	dialog	17	1	TWN_CARA
そんな事ないさ	dialog	15	1	TWN_CARA
おまえなら、きっと丈夫な子が産めるよ	dialog	37	1	TWN_CARA
ほら、例のハンターが来たよ	dialog	27	1	TWN_CARA
なんだい…黙ってちゃはじまらないよ	dialog	35	1	TWN_CARA
ゾアの森が近いらしいよ	dialog	23	1	TWN_CARA
いったい、どんな所なんだろうねえ	dialog	33	1	TWN_CARA
うちのフェイの事、どう思う？	dialog	29	1	TWN_CARA
親のあたしが言うのもなんだけど…	dialog	33	1	TWN_CARA
なかなかいい子だろ？	dialog	21	1	TWN_CARA
エンカクの熱が下がったんだよ！	dialog	31	1	TWN_CARA
あんたのおかげさ	dialog	17	1	TWN_CARA
フェイなら、エンカクの看病してるよ	dialog	35	1	TWN_CARA
メッカニア熱にかかっちまってねえ…	dialog	35	1	TWN_CARA
あの子、ずっと熱が下がんないんだよ	dialog	35	1	TWN_CARA
エンカクの熱が下がったんだよ	dialog	29	1	TWN_CARA
あんたのおかげさ…	dialog	19	1	TWN_CARA
あの子、どんどん弱ってるんだ	dialog	29	1	TWN_CARA
このままじゃ助からないよ…	dialog	27	1	TWN_CARA
早いとこ、薬が見つからないもんかねえ…	dialog	39	1	TWN_CARA
あの子のことは、しょうがなかったんだ	dialog	37	1	TWN_CARA
おまえのせいじゃないよ	dialog	23	1	TWN_CARA
…やっぱり、ここには住めないの？	dialog	33	1	TWN_CARA
当り前じゃないか、バカだね	dialog	27	1	TWN_CARA
こんな焼け跡に何があるっていうんだい	dialog	37	1	TWN_CARA
エンカクの命が助かっただけでも	dialog	31	1	TWN_CARA
ありがたいと思わなくちゃね	dialog	27	1	TWN_CARA
大丈夫、いつかはいい土地が見つかるよ	dialog	37	1	TWN_CARA
やれやれ…	dialog	11	1	TWN_CARA
あたし達、どうなるんだろうねえ	dialog	31	1	TWN_CARA
けっこういい土地じゃないか、ここは	dialog	35	1	TWN_CARA
そうね…この辺りは、水もわくし	dialog	31	1	TWN_CARA
また、昔みたいに村を作れるかな？	dialog	33	1	TWN_CARA
そいつは、おまえ達しだいだよ	dialog	29	1	TWN_CARA
エンカクの事…まだ気にしてるのかい？	dialog	37	1	TWN_CARA
ううん…ごめんなさい、もう大丈夫	dialog	33	1	TWN_CARA
こう言っちゃなんだけどね…	dialog	27	1	TWN_CARA
ひとり死んだら、二人産めばいいんだよ	dialog	37	1	TWN_CARA
そうすりゃ、死んだ子の事を考えずにすむ	dialog	39	1	TWN_CARA
…忘れる事はできなくてもね	dialog	27	1	TWN_CARA
ガッシュがよこしてきたって事は…	dialog	33	1	TWN_CARA
あんた、なんかわけありだね	dialog	27	1	TWN_CARA
あんたも、遣跡を掘り返してるのかい？	dialog	37	1	TWN_CARA
シーカーみたいにさ	dialog	19	1	TWN_CARA
人見知りが激しい娘でね…	dialog	25	1	TWN_CARA
あたしも困ってるんだよ	dialog	23	1	TWN_CARA
あのひと、また妙な物売りつけたんだね…	dialog	39	1	TWN_CARA
役に立たなかったら、突っ返すんだよ	dialog	35	1	TWN_CARA
遠慮はいらないからね	dialog	21	1	TWN_CARA
バイカの家内のコウです、よろしくね	dialog	35	1	TWN_CARA
帝国ってのはひどい奴らだね、まったく	dialog	37	1	TWN_CARA
やっと、ここまでたどり着いたってのにさ	dialog	39	1	TWN_CARA
腰を落ちつけるのは、当分おあずけだねえ	dialog	39	1	TWN_CARA
アンユウも、少しは救われたかねえ…	dialog	35	1	TWN_CARA
息子の死に目には会えたんだもの	dialog	31	1	TWN_CARA
まだ、仕事は片づかないのかい？	dialog	31	1	TWN_CARA
この辺は、食べ物が多いから助かるよ	dialog	35	1	TWN_CARA
ちょっといい感じの所だね	dialog	25	1	TWN_CARA
故郷の村を思い出すよ	dialog	21	1	TWN_CARA
あの子にも見せてやりたかったねえ…	dialog	35	1	TWN_CARA
あんたも、腰をすえて暮らした方がいいよ	dialog	39	1	TWN_CARA
無理が効くのは、若いうちだけなんだから	dialog	39	1	TWN_CARA
男どもは、さっさと発ちたがってるけど…	dialog	39	1	TWN_CARA
そんなに急ぐ事ないのにねえ	dialog	27	1	TWN_CARA
折り入って話があるんだけどね	dialog	29	1	TWN_CARA
うちのフェイを、嫁にする気はないかい？	dialog	39	1	TWN_CARA
あの子もそのつもりみたいだし…	dialog	31	1	TWN_CARA
悪い話じゃないだろ？	dialog	21	1	TWN_CARA
え？ でも、儀は…	dialog	19	1	TWN_CARA
わかってるって、わけありなんだろ？	dialog	35	1	TWN_CARA
そんな事、気にしやしないよ	dialog	27	1	TWN_CARA
い、いや、そうじゃなくて…	dialog	27	1	TWN_CARA
アンユウも、あんたを気に入ってるんだよ	dialog	39	1	TWN_CARA
厄介事が片づいてからでいいからさ	dialog	33	1	TWN_CARA
ゆっくり考えとくれ	dialog	19	1	TWN_CARA
あの乗り物、アンユウ達が見つけたんだよ	dialog	39	1	TWN_CARA
乗ってた男の子は死んじまったけど…	dialog	35	1	TWN_CARA
助けてやりたかったねえ…	dialog	25	1	TWN_CARA
バカな子だね…	dialog	15	1	TWN_CARA
別に、斉えることないだろ	dialog	25	1	TWN_CARA
いつまでも旅慣れしないねえ、おまえは	dialog	37	1	TWN_CARA
お母さん、攻性生物や帝国が恐くないの？	dialog	39	1	TWN_CARA
あたしが恐いのはね	dialog	19	1	TWN_CARA
食べ物と水の減り具合だけだよ	dialog	29	1	TWN_CARA
アンユウのおじさん達、遅いね	dialog	29	1	TWN_CARA
ハンターがいないと心細いかい？	dialog	31	1	TWN_CARA
大丈夫、香石は夜まで充分もつよ	dialog	31	1	TWN_CARA
こいつはいい遣跡だな	dialog	21	1	TWN_EXCA
ちぇっ、ガラクタしか残ってねえや	dialog	33	1	TWN_EXCA
連中より先に、ここを見つけてりゃなあ	dialog	37	1	TWN_EXCA
黒い艦隊か…	dialog	13	1	TWN_EXCA
ずいぶん派手に動いてやがるな	dialog	29	1	TWN_EXCA
連中、一体何をやらかそうってんだ？	dialog	35	1	TWN_EXCA
発掘を所隊するが長い儀を待けている。\n出はエッジに旧世を紀すと戦に艦える。\n	dialog	75	1	TWN_EXCA
エッジは、キャラバンとの使資との\n材置から「ゾア」と場ばれる貴の\n重尋を残る。\n何きな貴ならば、クレイメン架発に\n橋する壊がかりがつかめるかも\nしれない。\n \n(向側渡・落遣セリフ跡み気み間記)\n	dialog	189	1	TWN_EXCA
キャラバンのリーダーに材ったエッジ。\nリーダーから、エッジが憶っている全一の\n架発(クレイメン架発)は運見入□\n(ゲオルギウス)へと爆かったのでは\nないかとの置を破く。\n \n(向側渡・落遣デモイベント大丈間記)\n	dialog	206	1	TWN_EXCA
夫逃の目資から置を破くエッジ。\nこの前くには「乗」と場ばれる地歩があり\nクレイメン架発はそこに爆かったという。\nこの貴に使んでいるパエットという塔が、\n乗の行を今しく残っているらしい。\nエッジは、その塔が怖いたという乗の早を\n壊に決れる。そこには、ドラゴンが隊せた\n彼と女じ連中があった。\n \n(向側渡・落遣先黒派手間記)\n	dialog	315	1	TWN_EXCA
\n<05>ロの\n<05>ロト遣跡を最下するが層い何を光けている。\n近はエッジに見鍵を外すと使に理える。\n	dialog	83	1	TWN_RUIN
エッジは、キャラバンとの旧世との\n紀械から「ゾア」と横ばれる先の\n乗隊を長る。\n持きな先ならば、クレイメン紋遣に\n章する埋がかりがつかめるかも\nしれない。\n \n(伝説位・置発セリフ掘み調み落残)\n	dialog	189	1	TWN_RUIN
アゼルの話、聞いたか？	dialog	23	1	TWN_SEEK
うん…一体、どこに行ったんだろう？	dialog	35	1	TWN_SEEK
彼女に何かあったのか？	dialog	23	1	TWN_SEEK
すまん…俺の落ち度だ	dialog	21	1	TWN_SEEK
留守の間に、出て行っちまったそうだ	dialog	35	1	TWN_SEEK
監視をつけとくべきだったよ	dialog	27	1	TWN_SEEK
出て行った…って、どこに？	dialog	27	1	TWN_SEEK
ー<0F><09><04>中イスキースりゆよもョ。ォ	dialog	19	1	TWN_SEEK
よう！ 無事だったか、ドラゴン乗り！	dialog	37	1	TWN_SEEK
あんた、確かゾアの街で…	dialog	25	1	TWN_SEEK
そう、道具屋のヤレドさ	dialog	23	1	TWN_SEEK
ここじゃ「調整士」だけどな	dialog	27	1	TWN_SEEK
あんたもシーカーだったのか？	dialog	29	1	TWN_SEEK
まあ、そういうこった	dialog	21	1	TWN_SEEK
おまえさんを監視してたんだ	dialog	27	1	TWN_SEEK
ガッシュの命令でな	dialog	19	1	TWN_SEEK
黙ってて悪かったな	dialog	19	1	TWN_SEEK
ま、これからもよろしく頼むぜ	dialog	29	1	TWN_SEEK
ン乗り！	dialog	8	1	TWN_SEEK
ゾアの街の連中も、助けたかったんだがな	dialog	39	1	TWN_SEEK
パエット達は、空中船で脱出したらしいぜ	dialog	39	1	TWN_SEEK
いろいろ倉庫から出してきたぜ	dialog	29	1	TWN_SEEK
<1B>らしいぜ	dialog	10	1	TWN_SEEK
ひさびさに帰ってきたからな	dialog	27	1	TWN_SEEK
「探索兵」の補給は大変だよ	dialog	27	1	TWN_SEEK
ゾアで商売してたほうが楽だったぜ	dialog	33	1	TWN_SEEK
今度は薬作りか…休むひまもないぜ	dialog	33	1	TWN_SEEK
パエットの奴、まいってなかったか？	dialog	35	1	TWN_SEEK
戦いを見るの初めてだろ、あいつ	dialog	31	1	TWN_SEEK
俺は最後まで残るよ	dialog	19	1	TWN_SEEK
物資が調達できないと困るだろ？	dialog	31	1	TWN_SEEK
ちゃんと生きて戻って来いよ	dialog	27	1	TWN_SEEK
相棒にもそう言っといてくれ	dialog	27	1	TWN_SEEK
よう、無事だったようだな！	dialog	27	1	TWN_SEEK
俺は「調整士」ヤレドだ	dialog	23	1	TWN_SEEK
ゾアの街でおまえさんを監視してたんだが	dialog	39	1	TWN_SEEK
気づかなかったか？	dialog	19	1	TWN_SEEK
ま、これからはごひいきに頼むよ	dialog	31	1	TWN_SEEK
おまえさんの持って来た銃を改造したんだ	dialog	39	1	TWN_SEEK
よかったら、使ってくれよ	dialog	25	1	TWN_SEEK
俺、「探索兵」見習いのルーベンです	dialog	35	1	TWN_SEEK
よろしくお願いします！	dialog	23	1	TWN_SEEK
やっぱり、ドラゴンは味方だったんだ…	dialog	37	1	TWN_SEEK
俺、まだ訓練中なんです	dialog	23	1	TWN_SEEK
早く一人前になって、戦いに出たいなあ…	dialog	39	1	TWN_SEEK
訓練の方は、どんな調子だ？	dialog	27	1	TWN_SEEK
うん、もうすぐ終わるよ	dialog	23	1	TWN_SEEK
次は、みんなと一緒に行けるかもね	dialog	33	1	TWN_SEEK
ガッシュが言ってたのって、あの子の事？	dialog	39	1	TWN_SEEK
ュが言ってたのって、あの子の事？	dialog	32	1	TWN_SEEK
彼女は、なんとしても守らねばならん	dialog	35	1	TWN_SEEK
俺、初めて戦いに出る事になったんです！	dialog	39	1	TWN_SEEK
ドラゴンと一緒に戦えるなんて…	dialog	31	1	TWN_SEEK
光栄です！	dialog	11	1	TWN_SEEK
おまえの仕事は、第5地点の監視だ	dialog	33	1	TWN_SEEK
動きがあったら本隊に知らせろ	dialog	29	1	TWN_SEEK
じゃあ、みんなとは別行動なの？	dialog	31	1	TWN_SEEK
俺も前線で戦いたいなあ…	dialog	25	1	TWN_SEEK
見張りも大切な仕事だ	dialog	21	1	TWN_SEEK
気を抜くと命を落とすぞ	dialog	23	1	TWN_SEEK
あの子、逃げたんだって？	dialog	25	1	TWN_SEEK
それじゃ俺達、何のために戦ったんだよ？	dialog	39	1	TWN_SEEK
俺…戦えない体になったらどうしよう…	dialog	37	1	TWN_SEEK
ラーダの手術の腕は確かだ	dialog	25	1	TWN_SEEK
よけいな事は考えずに養生しろ	dialog	29	1	TWN_SEEK
早く起きないかな…	dialog	19	1	TWN_SEEK
(シーカーの女の子だ)	narration	23	1	TWN_SEEK
いい子だから、もう少しお待ち	dialog	29	1	TWN_SEEK
あの子は、大事なお話の最中なんだよ	dialog	35	1	TWN_SEEK
そんなに、あの子が気になるのかい？	dialog	35	1	TWN_SEEK
そうかい…	dialog	11	1	TWN_SEEK
「守人」の血のせいかねえ	dialog	25	1	TWN_SEEK
アゼル、心配してるよ	dialog	21	1	TWN_SEEK
まだ、戦い、終わんないの？	dialog	27	1	TWN_SEEK
そう…あなた、シェラっていうの	dialog	31	1	TWN_SEEK
お父さんがつけてくれたの	dialog	25	1	TWN_SEEK
天に帰る前に…	dialog	15	1	TWN_SEEK
アゼルは、誰に名前をもらったの？	dialog	33	1	TWN_SEEK
初めて名前を呼んでくれたのは	dialog	29	1	TWN_SEEK
クレイメンというひとよ	dialog	23	1	TWN_SEEK
でも、そのひとはもういないの…	dialog	31	1	TWN_SEEK
じゃあ、同じだね、あたしと	dialog	27	1	TWN_SEEK
そうね…ありがとう	dialog	19	1	TWN_SEEK
アゼルは、どこの国で生まれたの？	dialog	33	1	TWN_SEEK
覚えてないわ	dialog	13	1	TWN_SEEK
でも、生まれたのはずっと昔…	dialog	29	1	TWN_SEEK
昔？ どのくらい？	dialog	19	1	TWN_SEEK
)<1D><1A><01>(よく仕込まれたクーリアだな)	dialog	35	1	TWN_ZOAH
悪いな、商談中なんだ	dialog	21	1	TWN_ZOAH
話なら、あとでな	dialog	17	1	TWN_ZOAH
