module	offset	bytes	slot	chars	text
BTL_A5	05F570	6	16	5	ーイなよな
BTL_A5	05F580	6	16	5	アョなよな
BTL_A5	05F590	6	16	5	」イ。よな
BTL_A5	05F5A0	6	16	5	」イ。りな
BTL_A5	05F5B0	6	16	5	」イ。れな
BTL_A5	05F5C0	6	16	5	「」ー「な
BTL_A7_2	053A48	6	16	5	ーイなよな
BTL_A7_2	053A58	6	16	5	アョなよな
BTL_A7_2	053A68	6	16	5	」イ。よな
BTL_A7_2	053A78	6	16	5	」イ。りな
BTL_A7_2	053A88	6	16	5	」イ。れな
BTL_A7_2	053A98	6	16	5	「」ー「な
FLD_A3	040BC0	10	12	9	はりツもはゆらツな
FLD_A3	040BCC	3	12	2	カ…
FLD_A3	040BD8	11	12	10	なはるツもはゆらツな
FLD_A3	040BE4	11	12	10	めはるツもはゆらツな
FLD_A3	040BF0	11	12	10	なはれツもはゆりツな
FLD_A3	040BFC	11	12	10	めはれツもはゆりツな
FLD_A3	040C08	6	12	5	なはるツな
FLD_A5	00ED71	3	41	1	を
FLD_A5	00ED9A	5	41	2	をぬ
FLD_A5	00EDC3	7	41	3	をぬり
FLD_A5	00EDEC	9	41	4	をぬりか
FLD_A5	00EE15	11	41	5	をぬりかえ
FLD_A5	00EE3E	13	41	6	をぬりかえよ
FLD_A5	00EE67	15	41	7	をぬりかえよ■
FLD_A5	00EE90	17	41	8	をぬりかえよ■■
FLD_A5	00EEB9	19	41	9	をぬりかえよ■■ 
FLD_A5	00F263	3	41	1	を
FLD_A5	00F28C	5	41	2	をぬ
FLD_A5	00F2B5	7	41	3	をぬり
FLD_A5	00F2DE	9	41	4	をぬりか
FLD_A5	00F307	11	41	5	をぬりかえ
FLD_A5	00F330	13	41	6	をぬりかえよ
FLD_A5	00F359	15	41	7	をぬりかえよ■
FLD_A5	00F382	17	41	8	をぬりかえよ■■
FLD_A5	00F3AB	19	41	9	をぬりかえよ■■ 
FLD_A5	04A5A8	10	12	9	はりツもはゆらツな
FLD_A5	04A5B4	3	12	2	カ…
FLD_A5	04A5C0	11	12	10	なはるツもはゆらツな
FLD_A5	04A5CC	11	12	10	めはるツもはゆらツな
FLD_A5	04A5D8	11	12	10	なはれツもはゆりツな
FLD_A5	04A5E4	11	12	10	めはれツもはゆりツな
FLD_A5	04A5F0	6	12	5	なはるツな
FLD_A7	033E50	10	12	9	はりツもはゆらツな
FLD_A7	033E5C	3	12	2	カ…
FLD_A7	033E68	11	12	10	なはるツもはゆらツな
FLD_A7	033E74	11	12	10	めはるツもはゆらツな
FLD_A7	033E80	11	12	10	なはれツもはゆりツな
FLD_A7	033E8C	11	12	10	めはれツもはゆりツな
FLD_A7	033E98	6	12	5	なはるツな
FLD_B2	03AA28	10	12	9	はりツもはゆらツな
FLD_B2	03AA34	3	12	2	カ…
FLD_B2	03AA40	11	12	10	なはるツもはゆらツな
FLD_B2	03AA4C	11	12	10	めはるツもはゆらツな
FLD_B2	03AA58	11	12	10	なはれツもはゆりツな
FLD_B2	03AA64	11	12	10	めはれツもはゆりツな
FLD_B2	03AA70	6	12	5	なはるツな
FLD_B5	009DB1	37	39	18	■                 
FLD_B5	009DD8	37	39	18	…■                
FLD_B5	009DFF	37	39	18	…プ■               
FLD_B5	009E26	37	39	18	…プラ■              
FLD_B5	009E4D	37	39	18	…プラン■             
FLD_B5	009E74	37	39	18	…プラント■            
FLD_B5	009E9B	37	39	18	…プラントの■           
FLD_B5	009EC2	37	39	18	…プラントの再■          
FLD_B5	009EE9	37	39	18	…プラントの再起■         
FLD_B5	009F10	37	39	18	…プラントの再起動■        
FLD_B5	009F37	37	39	18	…プラントの再起動を■       
FLD_B5	009F5E	37	39	18	…プラントの再起動を開■      
FLD_B5	009F85	37	39	18	…プラントの再起動を開始■     
FLD_B5	009FAC	37	39	18	…プラントの再起動を開始し■    
FLD_B5	009FD3	37	39	18	…プラントの再起動を開始しま■   
FLD_B5	009FFA	37	39	18	…プラントの再起動を開始しまし■  
FLD_B5	00A021	37	39	18	…プラントの再起動を開始しました■ 
FLD_B5	00A048	37	39	18	…プラントの再起動を開始しました…■
FLD_B5	00A06D	39	41	19	■                  
FLD_B5	00A096	39	41	19	…■                 
FLD_B5	00A0BF	39	41	19	…維■                
FLD_B5	00A0E8	39	41	19	…維持■               
FLD_B5	00A111	39	41	19	…維持シ■              
FLD_B5	00A13A	39	41	19	…維持シス■             
FLD_B5	00A163	39	41	19	…維持システ■            
FLD_B5	00A18C	39	41	19	…維持システム■           
FLD_B5	00A1B5	39	41	19	…維持システムの■          
FLD_B5	00A1DE	39	41	19	…維持システムの活■         
FLD_B5	00A207	39	41	19	…維持システムの活動■        
FLD_B5	00A230	39	41	19	…維持システムの活動を■       
FLD_B5	00A259	39	41	19	…維持システムの活動を開■      
FLD_B5	00A282	39	41	19	…維持システムの活動を開始■     
FLD_B5	00A2AB	39	41	19	…維持システムの活動を開始し■    
FLD_B5	00A2D4	39	41	19	…維持システムの活動を開始しま■   
FLD_B5	00A2FD	39	41	19	…維持システムの活動を開始しまし■  
FLD_B5	00A326	39	41	19	…維持システムの活動を開始しました■ 
FLD_B5	00A34F	39	41	19	…維持システムの活動を開始しました…■
FLD_B5	00A376	39	41	19	■                  
FLD_B5	00A39F	39	41	19	…■                 
FLD_B5	00A3C8	39	41	19	…防■                
FLD_B5	00A3F1	39	41	19	…防御■               
FLD_B5	00A41A	39	41	19	…防御シ■              
FLD_B5	00A443	39	41	19	…防御シス■             
FLD_B5	00A46C	39	41	19	…防御システ■            
FLD_B5	00A495	39	41	19	…防御システム■           
FLD_B5	00A4BE	39	41	19	…防御システムの■          
FLD_B5	00A4E7	39	41	19	…防御システムの活■         
FLD_B5	00A510	39	41	19	…防御システムの活動■        
FLD_B5	00A539	39	41	19	…防御システムの活動を■       
FLD_B5	00A562	39	41	19	…防御システムの活動を開■      
FLD_B5	00A58B	39	41	19	…防御システムの活動を開始■     
FLD_B5	00A5B4	39	41	19	…防御システムの活動を開始し■    
FLD_B5	00A5DD	39	41	19	…防御システムの活動を開始しま■   
FLD_B5	00A606	39	41	19	…防御システムの活動を開始しまし■  
FLD_B5	00A62F	39	41	19	…防御システムの活動を開始しました■ 
FLD_B5	00A658	39	41	19	…防御システムの活動を開始しました…■
FLD_B5	00A67F	31	39	15	■              
FLD_B5	00A6A6	31	39	15	…■             
FLD_B5	00A6CD	31	39	15	…防■            
FLD_B5	00A6F4	31	39	15	…防御■           
FLD_B5	00A71B	31	39	15	…防御シ■          
FLD_B5	00A742	31	39	15	…防御シス■         
FLD_B5	00A769	31	39	15	…防御システ■        
FLD_B5	00A790	31	39	15	…防御システム■       
FLD_B5	00A7B7	31	39	15	…防御システムの■      
FLD_B5	00A7DE	31	39	15	…防御システムの稼■     
FLD_B5	00A805	31	39	15	…防御システムの稼働■    
FLD_B5	00A82C	31	39	15	…防御システムの稼働に■   
FLD_B5	00A853	31	39	15	…防御システムの稼働に問■  
FLD_B5	00A87A	31	39	15	…防御システムの稼働に問題■ 
FLD_B5	00A8A1	31	39	15	…防御システムの稼働に問題…■
FLD_B5	00A8C0	39	41	19	■                  
FLD_B5	00A8E9	39	41	19	…■                 
FLD_B5	00A912	39	41	19	…予■                
FLD_B5	00A93B	39	41	19	…予備■               
FLD_B5	00A964	39	41	19	…予備シ■              
FLD_B5	00A98D	39	41	19	…予備シス■             
FLD_B5	00A9B6	39	41	19	…予備システ■            
FLD_B5	00A9DF	39	41	19	…予備システム■           
FLD_B5	00AA08	39	41	19	…予備システムで■          
FLD_B5	00AA31	39	41	19	…予備システムでの■         
FLD_B5	00AA5A	39	41	19	…予備システムでの起■        
FLD_B5	00AA83	39	41	19	…予備システムでの起動■       
FLD_B5	00AAAC	39	41	19	…予備システムでの起動を■      
FLD_B5	00AAD5	39	41	19	…予備システムでの起動を開■     
FLD_B5	00AAFE	39	41	19	…予備システムでの起動を開始■    
FLD_B5	00AB27	39	41	19	…予備システムでの起動を開始し■   
FLD_B5	00AB50	39	41	19	…予備システムでの起動を開始しま■  
FLD_B5	00AB79	39	41	19	…予備システムでの起動を開始します■ 
FLD_B5	00ABA2	39	41	19	…予備システムでの起動を開始します…■
FLD_B5	00ABC9	39	41	19	■                  
FLD_B5	00ABF2	39	41	19	…■                 
FLD_B5	00AC1B	39	41	19	……■                
FLD_B5	00AC44	39	41	19	………■               
FLD_B5	00AC6D	39	41	19	…………■              
FLD_B5	00AC96	39	41	19	……………■             
FLD_B5	00ACBF	39	41	19	………………■            
FLD_B5	00ACE8	39	41	19	…………………■           
FLD_B5	00AD11	39	41	19	……………………■          
FLD_B5	00AD3A	39	41	19	………………………■         
FLD_B5	00AD63	39	41	19	…………………………■        
FLD_B5	00AD8C	39	41	19	……………………………■       
FLD_B5	00ADB5	39	41	19	………………………………■      
FLD_B5	00ADDE	39	41	19	…………………………………■     
FLD_B5	00AE07	39	41	19	……………………………………■    
FLD_B5	00AE30	39	41	19	………………………………………■   
FLD_B5	00AE59	39	41	19	…………………………………………■  
FLD_B5	00AE82	39	41	19	……………………………………………■ 
FLD_B5	00AEAB	39	41	19	………………………………………………■
FLD_B5	043090	10	12	9	はりツもはゆらツな
FLD_B5	04309C	3	12	2	カ…
FLD_B5	0430A8	11	12	10	なはるツもはゆらツな
FLD_B5	0430B4	11	12	10	めはるツもはゆらツな
FLD_B5	0430C0	11	12	10	なはれツもはゆりツな
FLD_B5	0430CC	11	12	10	めはれツもはゆりツな
FLD_B5	0430D8	6	12	5	なはるツな
FLD_B6	00B31A	23	23	11	エレベーター：地下3階
FLD_B6	00B331	23	23	11	エレベーター：地下5階
FLD_B6	00B348	23	23	11	エレベーター：地下4階
FLD_B6	00B35F	21	23	10	地下？？階への入り□
FLD_B6	00B376	9	23	4	地下1階
FLD_B6	00B393	15	23	7	生体兵器実験棟
FLD_B6	00B3AA	13	23	6	地下3階 東
FLD_B6	00B3C1	13	23	6	地下3階 西
FLD_B6	00B3D8	9	23	4	地下4階
FLD_B6	04239C	10	12	9	はりツもはゆらツな
FLD_B6	0423A8	3	12	2	カ…
FLD_B6	0423B4	11	12	10	なはるツもはゆらツな
FLD_B6	0423C0	11	12	10	めはるツもはゆらツな
FLD_B6	0423CC	11	12	10	なはれツもはゆりツな
FLD_B6	0423D8	11	12	10	めはれツもはゆりツな
FLD_B6	0423E4	6	12	5	なはるツな
FLD_C2	03DA78	10	12	9	はりツもはゆらツな
FLD_C2	03DA84	3	12	2	カ…
FLD_C2	03DA90	11	12	10	なはるツもはゆらツな
FLD_C2	03DA9C	11	12	10	めはるツもはゆらツな
FLD_C2	03DAA8	11	12	10	なはれツもはゆりツな
FLD_C2	03DAB4	11	12	10	めはれツもはゆりツな
FLD_C2	03DAC0	6	12	5	なはるツな
FLD_C4	04A80C	10	12	9	はりツもはゆらツな
FLD_C4	04A818	3	12	2	カ…
FLD_C4	04A824	11	12	10	なはるツもはゆらツな
FLD_C4	04A830	11	12	10	めはるツもはゆらツな
FLD_C4	04A83C	11	12	10	なはれツもはゆりツな
FLD_C4	04A848	11	12	10	めはれツもはゆりツな
FLD_C4	04A854	6	12	5	なはるツな
FLD_C8	014BED	23	23	11	塔 8階 回転通路北□
FLD_C8	014C04	23	23	11	塔 8階 回転通路西□
FLD_C8	014C1B	23	23	11	塔 8階 回転通路東□
FLD_C8	014C32	23	23	11	塔 9階 回転通路北□
FLD_C8	014C49	23	23	11	塔 9階 回転通路西□
FLD_C8	014C60	23	23	11	塔 9階 回転通路東□
FLD_C8	014C77	9	23	4	塔10階
FLD_C8	014C8E	9	23	4	塔11階
FLD_C8	014CA5	9	23	4	塔12階
FLD_C8	014CBC	17	23	8	旧世紀の記録機械
FLD_C8	014CD6	9	17	4	塔13階
FLD_C8	014CE7	13	17	6	塔14階 西
FLD_C8	014CF8	13	17	6	塔14階 北
FLD_C8	014D09	13	17	6	塔14階 東
FLD_C8	014D1A	13	17	6	塔15階 西
FLD_C8	014D2B	15	17	7	塔15階 東1
FLD_C8	014D3C	11	17	5	塔 最下層
FLD_C8	014F3E	25	25	12	エレベーター：9階 西□
FLD_C8	014F57	25	25	12	エネルギーパイロンルーム
FLD_C8	014F70	23	25	11	エレベーター：7階 南
FLD_C8	014F89	17	25	8	パイロンルーム1
FLD_C8	014FA2	17	25	8	パイロンルーム2
FLD_C8	015005	25	25	12	塔中間層(回転通路内部)
FLD_C8	01501E	25	25	12	エレベーター：8階 西□
FLD_C8	015037	21	25	10	エレベーター：11階
FLD_C8	015050	25	25	12	エネルギーパイロンルーム
FLD_C8	015069	11	25	5	塔 中間層
FLD_C8	01524D	15	15	7	塔 下部格納層
FLD_C8	01525C	9	15	4	塔 5階
FLD_C8	01526B	9	15	4	塔 6階
FLD_C8	01527A	11	15	5	塔 中間層
FLD_C8	0152B2	23	23	11	塔 8階 回転通路北□
FLD_C8	0152C9	23	23	11	塔 8階 回転通路西□
FLD_C8	0152E0	23	23	11	塔 8階 回転通路東□
FLD_C8	0152F7	13	23	6	塔 8階 西
FLD_C8	01530E	13	23	6	塔 8階 北
FLD_C8	015325	13	23	6	塔 8階 東
FLD_C8	01533C	23	23	11	塔 9階 回転通路北□
FLD_C8	015353	23	23	11	塔 9階 回転通路西□
FLD_C8	01536A	23	23	11	塔 9階 回転通路東□
FLD_C8	015381	9	23	4	塔10階
FLD_C8	015398	15	23	7	塔 上部格納層
FLD_C8	063128	10	12	9	はりツもはゆらツな
FLD_C8	063134	3	12	2	カ…
FLD_C8	063140	11	12	10	なはるツもはゆらツな
FLD_C8	06314C	11	12	10	めはるツもはゆらツな
FLD_C8	063158	11	12	10	なはれツもはゆりツな
FLD_C8	063164	11	12	10	めはれツもはゆりツな
FLD_C8	063170	6	12	5	なはるツな
FLD_D2	045C50	10	12	9	はりツもはゆらツな
FLD_D2	045C5C	3	12	2	カ…
FLD_D2	045C68	11	12	10	なはるツもはゆらツな
FLD_D2	045C74	11	12	10	めはるツもはゆらツな
FLD_D2	045C80	11	12	10	なはれツもはゆりツな
FLD_D2	045C8C	11	12	10	めはれツもはゆりツな
FLD_D2	045C98	6	12	5	なはるツな
FLD_D3	0376E0	10	12	9	はりツもはゆらツな
FLD_D3	0376EC	3	12	2	カ…
FLD_D3	0376F8	11	12	10	なはるツもはゆらツな
FLD_D3	037704	11	12	10	めはるツもはゆらツな
FLD_D3	037710	11	12	10	なはれツもはゆりツな
FLD_D3	03771C	11	12	10	めはれツもはゆりツな
FLD_D3	037728	6	12	5	なはるツな
FLD_D5	027728	10	12	9	はりツもはゆらツな
FLD_D5	027734	3	12	2	カ…
FLD_D5	027740	11	12	10	なはるツもはゆらツな
FLD_D5	02774C	11	12	10	めはるツもはゆらツな
FLD_D5	027758	11	12	10	なはれツもはゆりツな
FLD_D5	027764	11	12	10	めはれツもはゆりツな
FLD_D5	027770	6	12	5	なはるツな
TWN_CAMP	00BC37	23	23	10	(<01><01>が回復していく…)
TWN_CAMP	00BC4E	15	23	7	クレイメンの話
TWN_CAMP	00BC65	9	23	4	帝国の話
TWN_CAMP	00BC7C	13	23	6	ドラゴンの話
TWN_CAMP	00BC93	11	23	5	旧世紀の話
TWN_CAMP	00BCAA	9	23	4	遣跡の話
TWN_CAMP	00BCC1	13	23	6	攻性生物の話
TWN_CAMP	00BCD8	13	23	6	シーカーの話
TWN_CAMP	00BCEF	11	23	5	話をやめる
TWN_CAMP	00BCFA	15	23	7	クレイメンの話
TWN_CAMP	00BD11	9	23	4	帝国の話
TWN_CAMP	00BD28	13	23	6	ドラゴンの話
TWN_CAMP	00BD3F	11	23	5	旧世紀の話
TWN_CAMP	00BD56	9	23	4	遣跡の話
TWN_CAMP	00BD6D	13	23	6	攻性生物の話
TWN_CAMP	00BD84	13	23	6	シーカーの話
TWN_CAMP	00BD9B	11	23	5	話をやめる
TWN_CAMP	00C097	19	19	9	ガリル砂漠の越え方
TWN_CAMP	00C0AA	15	19	7	クレイメンの話
TWN_CAMP	00C0BD	9	19	4	帝国の話
TWN_CAMP	00C0D0	13	19	6	ドラゴンの話
TWN_CAMP	00C0E3	11	19	5	旧世紀の話
TWN_CAMP	00C0F6	9	19	4	遣跡の話
TWN_CAMP	00C109	13	19	6	攻性生物の話
TWN_CAMP	00C11C	13	19	6	シーカーの話
TWN_CAMP	00C12F	11	19	5	話をやめる
TWN_CAMP	00C160	19	25	9	ワームの抜け穴の話
TWN_CAMP	00C179	13	25	6	地下遣跡の話
TWN_CAMP	00C192	15	25	7	クレイメンの話
TWN_CAMP	00C1AB	9	25	4	帝国の話
TWN_CAMP	00C1C4	13	25	6	ドラゴンの話
TWN_CAMP	00C1DD	11	25	5	旧世紀の話
TWN_CAMP	00C1F6	9	25	4	遣跡の話
TWN_CAMP	00C20F	13	25	6	攻性生物の話
TWN_CAMP	00C228	13	25	6	シーカーの話
TWN_CAMP	00C241	11	25	5	話をやめる
TWN_CAMP	00C299	19	19	9	ガリル砂漠の越え方
TWN_CAMP	00C2AC	15	19	7	クレイメンの話
TWN_CAMP	00C2BF	9	19	4	帝国の話
TWN_CAMP	00C2D2	13	19	6	ドラゴンの話
TWN_CAMP	00C2E5	11	19	5	旧世紀の話
TWN_CAMP	00C2F8	9	19	4	遣跡の話
TWN_CAMP	00C30B	13	19	6	攻性生物の話
TWN_CAMP	00C31E	13	19	6	シーカーの話
TWN_CAMP	00C331	11	19	5	話をやめる
TWN_CAMP	00C362	19	37	9	ワームの抜け穴の話
TWN_CAMP	00C387	13	37	6	地下遣跡の話
TWN_CAMP	00C3AC	15	37	7	クレイメンの話
TWN_CAMP	00C3D1	9	37	4	帝国の話
TWN_CAMP	00C3F6	13	37	6	ドラゴンの話
TWN_CAMP	00C41B	11	37	5	旧世紀の話
TWN_CAMP	00C440	9	37	4	遣跡の話
TWN_CAMP	00C465	13	37	6	攻性生物の話
TWN_CAMP	00C48A	13	37	6	シーカーの話
TWN_CAMP	00C4AF	11	37	5	話をやめる
TWN_CAMP	00C4BA	19	19	9	ガリル砂漠の越え方
TWN_CAMP	00C4CD	15	19	7	クレイメンの話
TWN_CAMP	00C4E0	9	19	4	帝国の話
TWN_CAMP	00C4F3	13	19	6	ドラゴンの話
TWN_CAMP	00C506	11	19	5	旧世紀の話
TWN_CAMP	00C519	9	19	4	遣跡の話
TWN_CAMP	00C52C	13	19	6	攻性生物の話
TWN_CAMP	00C53F	13	19	6	シーカーの話
TWN_CAMP	00C552	11	19	5	話をやめる
TWN_CAMP	00C583	19	37	9	ワームの抜け穴の話
TWN_CAMP	00C5A8	13	37	6	地下遣跡の話
TWN_CAMP	00C5CD	15	37	7	クレイメンの話
TWN_CAMP	00C5F2	9	37	4	帝国の話
TWN_CAMP	00C617	13	37	6	ドラゴンの話
TWN_CAMP	00C63C	11	37	5	旧世紀の話
TWN_CAMP	00C661	9	37	4	遣跡の話
TWN_CAMP	00C686	13	37	6	攻性生物の話
TWN_CAMP	00C6AB	13	37	6	シーカーの話
TWN_CAMP	00C6D0	11	37	5	話をやめる
TWN_CAMP	00C9CD	27	27	13	さあ…よくわからないけど…
TWN_CAMP	00C9E8	15	27	7	クレイメンの話
TWN_CAMP	00CA03	9	27	4	帝国の話
TWN_CAMP	00CA1E	11	27	5	話をやめる
TWN_CAMP	00EE06	25	25	12	悪いようにはしやしないさ
TWN_CAMP	00EE1F	7	25	3	塔の話
TWN_CAMP	00EE38	15	25	7	セストレンの話
TWN_CAMP	00EE51	15	25	7	クレイメンの話
TWN_CAMP	00EE6A	11	25	5	アゼルの話
TWN_CAMP	00EE83	13	25	6	ドラゴンの話
TWN_CAMP	00EE9C	11	25	5	話をやめる
TWN_CARA	00A4B7	23	37	11	旧世紀の力は、神の力だ
TWN_CARA	00A4DC	33	37	16	本当は、触れてはいけない物なんだ
TWN_CARA	00A501	37	37	18	でも、今はその力に頼るしかないんだよ
TWN_CARA	00A526	19	37	9	生きるためにはな…
TWN_SEEK	012739	29	29	14	全ての塔は、一瞬で死に絶える
TWN_SEEK	012756	17	29	8	グリグオリグの話
TWN_SEEK	012773	13	29	6	マサーンの話
TWN_SEEK	012790	15	29	7	セストレンの話
TWN_SEEK	0127AD	19	29	9	『絶対の客人』の話
TWN_SEEK	0127CA	13	29	6	ドラゴンの話
TWN_SEEK	0127E7	11	29	5	アゼルの話
TWN_SEEK	012804	13	29	6	ドローンの話
TWN_SEEK	012821	7	29	3	塔の話
TWN_SEEK	01283E	11	29	5	旧世紀の話
TWN_SEEK	01285B	13	29	6	攻性生物の話
TWN_SEEK	012878	9	29	4	帝国の話
TWN_SEEK	012895	13	29	6	シーカーの話
TWN_SEEK	0128B2	13	29	6	ガッシュの話
TWN_SEEK	0128CF	13	29	6	ゾアの街の話
TWN_SEEK	0128EC	11	29	5	話をやめる
TWN_SEEK	0128F7	17	29	8	グリグオリグの話
TWN_SEEK	012914	13	29	6	マサーンの話
TWN_SEEK	012931	15	29	7	セストレンの話
TWN_SEEK	01294E	19	29	9	『絶対の客人』の話
TWN_SEEK	01296B	13	29	6	ドラゴンの話
TWN_SEEK	012988	11	29	5	アゼルの話
TWN_SEEK	0129A5	13	29	6	ドローンの話
TWN_SEEK	0129C2	11	29	5	旧世紀の話
TWN_SEEK	0129DF	13	29	6	攻性生物の話
TWN_SEEK	0129FC	9	29	4	帝国の話
TWN_SEEK	012A19	13	29	6	シーカーの話
TWN_SEEK	012A36	13	29	6	ガッシュの話
TWN_SEEK	012A53	13	29	6	ゾアの街の話
TWN_SEEK	012A70	11	29	5	話をやめる
TWN_SEEK	012A7B	17	29	8	グリグオリグの話
TWN_SEEK	012A98	13	29	6	マサーンの話
TWN_SEEK	012AB5	15	29	7	セストレンの話
TWN_SEEK	012AD2	19	29	9	『絶対の客人』の話
TWN_SEEK	012AEF	13	29	6	ドラゴンの話
TWN_SEEK	012B0C	11	29	5	アゼルの話
TWN_SEEK	012B29	7	29	3	塔の話
TWN_SEEK	012B46	11	29	5	旧世紀の話
TWN_SEEK	012B63	13	29	6	攻性生物の話
TWN_SEEK	012B80	9	29	4	帝国の話
TWN_SEEK	012B9D	13	29	6	シーカーの話
TWN_SEEK	012BBA	13	29	6	ガッシュの話
TWN_SEEK	012BD7	13	29	6	ゾアの街の話
TWN_SEEK	012BF4	11	29	5	話をやめる
TWN_SEEK	012BFF	17	29	8	グリグオリグの話
TWN_SEEK	012C1C	13	29	6	マサーンの話
TWN_SEEK	012C39	15	29	7	セストレンの話
TWN_SEEK	012C56	19	29	9	『絶対の客人』の話
TWN_SEEK	012C73	13	29	6	ドラゴンの話
TWN_SEEK	012C90	11	29	5	アゼルの話
TWN_SEEK	012CAD	11	29	5	旧世紀の話
TWN_SEEK	012CCA	13	29	6	攻性生物の話
TWN_SEEK	012CE7	9	29	4	帝国の話
TWN_SEEK	012D04	13	29	6	シーカーの話
TWN_SEEK	012D21	13	29	6	ガッシュの話
TWN_SEEK	012D3E	13	29	6	ゾアの街の話
TWN_SEEK	012D5B	11	29	5	話をやめる
TWN_SEEK	012D66	17	29	8	グリグオリグの話
TWN_SEEK	012D83	13	29	6	マサーンの話
TWN_SEEK	012DA0	19	29	9	『絶対の客人』の話
TWN_SEEK	012DBD	13	29	6	ドラゴンの話
TWN_SEEK	012DDA	11	29	5	アゼルの話
TWN_SEEK	012DF7	13	29	6	ドローンの話
TWN_SEEK	012E14	7	29	3	塔の話
TWN_SEEK	012E31	11	29	5	旧世紀の話
TWN_SEEK	012E4E	13	29	6	攻性生物の話
TWN_SEEK	012E6B	9	29	4	帝国の話
TWN_SEEK	012E88	13	29	6	シーカーの話
TWN_SEEK	012EA5	13	29	6	ガッシュの話
TWN_SEEK	012EC2	13	29	6	ゾアの街の話
TWN_SEEK	012EDF	11	29	5	話をやめる
TWN_SEEK	012EEA	17	29	8	グリグオリグの話
TWN_SEEK	012F07	13	29	6	マサーンの話
TWN_SEEK	012F24	19	29	9	『絶対の客人』の話
TWN_SEEK	012F41	13	29	6	ドラゴンの話
TWN_SEEK	012F5E	11	29	5	アゼルの話
TWN_SEEK	012F7B	13	29	6	ドローンの話
TWN_SEEK	012F98	11	29	5	旧世紀の話
TWN_SEEK	012FB5	13	29	6	攻性生物の話
TWN_SEEK	012FD2	9	29	4	帝国の話
TWN_SEEK	012FEF	13	29	6	シーカーの話
TWN_SEEK	01300C	13	29	6	ガッシュの話
TWN_SEEK	013029	13	29	6	ゾアの街の話
TWN_SEEK	013046	11	29	5	話をやめる
TWN_SEEK	013051	17	29	8	グリグオリグの話
TWN_SEEK	01306E	13	29	6	マサーンの話
TWN_SEEK	01308B	19	29	9	『絶対の客人』の話
TWN_SEEK	0130A8	13	29	6	ドラゴンの話
TWN_SEEK	0130C5	11	29	5	アゼルの話
TWN_SEEK	0130E2	7	29	3	塔の話
TWN_SEEK	0130FF	11	29	5	旧世紀の話
TWN_SEEK	01311C	13	29	6	攻性生物の話
TWN_SEEK	013139	9	29	4	帝国の話
TWN_SEEK	013156	13	29	6	シーカーの話
TWN_SEEK	013173	13	29	6	ガッシュの話
TWN_SEEK	013190	13	29	6	ゾアの街の話
TWN_SEEK	0131AD	11	29	5	話をやめる
TWN_SEEK	0131B8	17	29	8	グリグオリグの話
TWN_SEEK	0131D5	13	29	6	マサーンの話
TWN_SEEK	0131F2	19	29	9	『絶対の客人』の話
TWN_SEEK	01320F	13	29	6	ドラゴンの話
TWN_SEEK	01322C	11	29	5	アゼルの話
TWN_SEEK	013249	11	29	5	旧世紀の話
TWN_SEEK	013266	13	29	6	攻性生物の話
TWN_SEEK	013283	9	29	4	帝国の話
TWN_SEEK	0132A0	13	29	6	シーカーの話
TWN_SEEK	0132BD	13	29	6	ガッシュの話
TWN_SEEK	0132DA	13	29	6	ゾアの街の話
TWN_SEEK	0132F7	11	29	5	話をやめる
TWN_SEEK	013302	17	29	8	グリグオリグの話
TWN_SEEK	01331F	15	29	7	セストレンの話
TWN_SEEK	01333C	19	29	9	『絶対の客人』の話
TWN_SEEK	013359	13	29	6	ドラゴンの話
TWN_SEEK	013376	11	29	5	アゼルの話
TWN_SEEK	013393	13	29	6	ドローンの話
TWN_SEEK	0133B0	7	29	3	塔の話
TWN_SEEK	0133CD	11	29	5	旧世紀の話
TWN_SEEK	0133EA	13	29	6	攻性生物の話
TWN_SEEK	013407	9	29	4	帝国の話
TWN_SEEK	013424	13	29	6	シーカーの話
TWN_SEEK	013441	13	29	6	ガッシュの話
TWN_SEEK	01345E	13	29	6	ゾアの街の話
TWN_SEEK	01347B	11	29	5	話をやめる
TWN_SEEK	013486	17	29	8	グリグオリグの話
TWN_SEEK	0134A3	15	29	7	セストレンの話
TWN_SEEK	0134C0	19	29	9	『絶対の客人』の話
TWN_SEEK	0134DD	13	29	6	ドラゴンの話
TWN_SEEK	0134FA	11	29	5	アゼルの話
TWN_SEEK	013517	13	29	6	ドローンの話
TWN_SEEK	013534	11	29	5	旧世紀の話
TWN_SEEK	013551	13	29	6	攻性生物の話
TWN_SEEK	01356E	9	29	4	帝国の話
TWN_SEEK	01358B	13	29	6	シーカーの話
TWN_SEEK	0135A8	13	29	6	ガッシュの話
TWN_SEEK	0135C5	13	29	6	ゾアの街の話
TWN_SEEK	0135E2	11	29	5	話をやめる
TWN_SEEK	0135ED	17	29	8	グリグオリグの話
TWN_SEEK	01360A	15	29	7	セストレンの話
TWN_SEEK	013627	19	29	9	『絶対の客人』の話
TWN_SEEK	013644	13	29	6	ドラゴンの話
TWN_SEEK	013661	11	29	5	アゼルの話
TWN_SEEK	01367E	7	29	3	塔の話
TWN_SEEK	01369B	11	29	5	旧世紀の話
TWN_SEEK	0136B8	13	29	6	攻性生物の話
TWN_SEEK	0136D5	9	29	4	帝国の話
TWN_SEEK	0136F2	13	29	6	シーカーの話
TWN_SEEK	01370F	13	29	6	ガッシュの話
TWN_SEEK	01372C	13	29	6	ゾアの街の話
TWN_SEEK	013749	11	29	5	話をやめる
TWN_SEEK	013754	17	29	8	グリグオリグの話
TWN_SEEK	013771	15	29	7	セストレンの話
TWN_SEEK	01378E	19	29	9	『絶対の客人』の話
TWN_SEEK	0137AB	13	29	6	ドラゴンの話
TWN_SEEK	0137C8	11	29	5	アゼルの話
TWN_SEEK	0137E5	11	29	5	旧世紀の話
TWN_SEEK	013802	13	29	6	攻性生物の話
TWN_SEEK	01381F	9	29	4	帝国の話
TWN_SEEK	01383C	13	29	6	シーカーの話
TWN_SEEK	013859	13	29	6	ガッシュの話
TWN_SEEK	013876	13	29	6	ゾアの街の話
TWN_SEEK	013893	11	29	5	話をやめる
TWN_SEEK	01389E	17	29	8	グリグオリグの話
TWN_SEEK	0138BB	19	29	9	『絶対の客人』の話
TWN_SEEK	0138D8	13	29	6	ドラゴンの話
TWN_SEEK	0138F5	11	29	5	アゼルの話
TWN_SEEK	013912	13	29	6	ドローンの話
TWN_SEEK	01392F	7	29	3	塔の話
TWN_SEEK	01394C	11	29	5	旧世紀の話
TWN_SEEK	013969	13	29	6	攻性生物の話
TWN_SEEK	013986	9	29	4	帝国の話
TWN_SEEK	0139A3	13	29	6	シーカーの話
TWN_SEEK	0139C0	13	29	6	ガッシュの話
TWN_SEEK	0139DD	13	29	6	ゾアの街の話
TWN_SEEK	0139FA	11	29	5	話をやめる
TWN_SEEK	013A05	17	29	8	グリグオリグの話
TWN_SEEK	013A22	19	29	9	『絶対の客人』の話
TWN_SEEK	013A3F	13	29	6	ドラゴンの話
TWN_SEEK	013A5C	11	29	5	アゼルの話
TWN_SEEK	013A79	13	29	6	ドローンの話
TWN_SEEK	013A96	11	29	5	旧世紀の話
TWN_SEEK	013AB3	13	29	6	攻性生物の話
TWN_SEEK	013AD0	9	29	4	帝国の話
TWN_SEEK	013AED	13	29	6	シーカーの話
TWN_SEEK	013B0A	13	29	6	ガッシュの話
TWN_SEEK	013B27	13	29	6	ゾアの街の話
TWN_SEEK	013B44	11	29	5	話をやめる
TWN_SEEK	013B4F	17	29	8	グリグオリグの話
TWN_SEEK	013B6C	19	29	9	『絶対の客人』の話
TWN_SEEK	013B89	13	29	6	ドラゴンの話
TWN_SEEK	013BA6	11	29	5	アゼルの話
TWN_SEEK	013BC3	7	29	3	塔の話
TWN_SEEK	013BE0	11	29	5	旧世紀の話
TWN_SEEK	013BFD	13	29	6	攻性生物の話
TWN_SEEK	013C1A	9	29	4	帝国の話
TWN_SEEK	013C37	13	29	6	シーカーの話
TWN_SEEK	013C54	13	29	6	ガッシュの話
TWN_SEEK	013C71	13	29	6	ゾアの街の話
TWN_SEEK	013C8E	11	29	5	話をやめる
TWN_SEEK	013C99	17	29	8	グリグオリグの話
TWN_SEEK	013CB6	19	29	9	『絶対の客人』の話
TWN_SEEK	013CD3	13	29	6	ドラゴンの話
TWN_SEEK	013CF0	11	29	5	アゼルの話
TWN_SEEK	013D0D	11	29	5	旧世紀の話
TWN_SEEK	013D2A	13	29	6	攻性生物の話
TWN_SEEK	013D47	9	29	4	帝国の話
TWN_SEEK	013D64	13	29	6	シーカーの話
TWN_SEEK	013D81	13	29	6	ガッシュの話
TWN_SEEK	013D9E	13	29	6	ゾアの街の話
TWN_SEEK	013DBB	11	29	5	話をやめる
TWN_SEEK	013DC6	15	29	7	セストレンの話
TWN_SEEK	013DE3	19	29	9	『絶対の客人』の話
TWN_SEEK	013E00	13	29	6	ドラゴンの話
TWN_SEEK	013E1D	11	29	5	アゼルの話
TWN_SEEK	013E3A	13	29	6	ドローンの話
TWN_SEEK	013E57	7	29	3	塔の話
TWN_SEEK	013E74	11	29	5	旧世紀の話
TWN_SEEK	013E91	13	29	6	攻性生物の話
TWN_SEEK	013EAE	9	29	4	帝国の話
TWN_SEEK	013ECB	13	29	6	シーカーの話
TWN_SEEK	013EE8	13	29	6	ガッシュの話
TWN_SEEK	013F05	13	29	6	ゾアの街の話
TWN_SEEK	013F22	11	29	5	話をやめる
TWN_SEEK	013F2D	15	29	7	セストレンの話
TWN_SEEK	013F4A	19	29	9	『絶対の客人』の話
TWN_SEEK	013F67	13	29	6	ドラゴンの話
TWN_SEEK	013F84	11	29	5	アゼルの話
TWN_SEEK	013FA1	13	29	6	ドローンの話
TWN_SEEK	013FBE	11	29	5	旧世紀の話
TWN_SEEK	013FDB	13	29	6	攻性生物の話
TWN_SEEK	013FF8	9	29	4	帝国の話
TWN_SEEK	014015	13	29	6	シーカーの話
TWN_SEEK	014032	13	29	6	ガッシュの話
TWN_SEEK	01404F	13	29	6	ゾアの街の話
TWN_SEEK	01406C	11	29	5	話をやめる
TWN_SEEK	014077	15	29	7	セストレンの話
TWN_SEEK	014094	19	29	9	『絶対の客人』の話
TWN_SEEK	0140B1	13	29	6	ドラゴンの話
TWN_SEEK	0140CE	11	29	5	アゼルの話
TWN_SEEK	0140EB	7	29	3	塔の話
TWN_SEEK	014108	11	29	5	旧世紀の話
TWN_SEEK	014125	13	29	6	攻性生物の話
TWN_SEEK	014142	9	29	4	帝国の話
TWN_SEEK	01415F	13	29	6	シーカーの話
TWN_SEEK	01417C	13	29	6	ガッシュの話
TWN_SEEK	014199	13	29	6	ゾアの街の話
TWN_SEEK	0141B6	11	29	5	話をやめる
TWN_SEEK	0141C1	15	29	7	セストレンの話
TWN_SEEK	0141DE	19	29	9	『絶対の客人』の話
TWN_SEEK	0141FB	13	29	6	ドラゴンの話
TWN_SEEK	014218	11	29	5	アゼルの話
TWN_SEEK	014235	11	29	5	旧世紀の話
TWN_SEEK	014252	13	29	6	攻性生物の話
TWN_SEEK	01426F	9	29	4	帝国の話
TWN_SEEK	01428C	13	29	6	シーカーの話
TWN_SEEK	0142A9	13	29	6	ガッシュの話
TWN_SEEK	0142C6	13	29	6	ゾアの街の話
TWN_SEEK	0142E3	11	29	5	話をやめる
TWN_SEEK	0142EE	19	29	9	『絶対の客人』の話
TWN_SEEK	01430B	13	29	6	ドラゴンの話
TWN_SEEK	014328	11	29	5	アゼルの話
TWN_SEEK	014345	13	29	6	ドローンの話
TWN_SEEK	014362	7	29	3	塔の話
TWN_SEEK	01437F	11	29	5	旧世紀の話
TWN_SEEK	01439C	13	29	6	攻性生物の話
TWN_SEEK	0143B9	9	29	4	帝国の話
TWN_SEEK	0143D6	13	29	6	シーカーの話
TWN_SEEK	0143F3	13	29	6	ガッシュの話
TWN_SEEK	014410	13	29	6	ゾアの街の話
TWN_SEEK	01442D	11	29	5	話をやめる
TWN_SEEK	014438	19	29	9	『絶対の客人』の話
TWN_SEEK	014455	13	29	6	ドラゴンの話
TWN_SEEK	014472	11	29	5	アゼルの話
TWN_SEEK	01448F	13	29	6	ドローンの話
TWN_SEEK	0144AC	11	29	5	旧世紀の話
TWN_SEEK	0144C9	13	29	6	攻性生物の話
TWN_SEEK	0144E6	9	29	4	帝国の話
TWN_SEEK	014503	13	29	6	シーカーの話
TWN_SEEK	014520	13	29	6	ガッシュの話
TWN_SEEK	01453D	13	29	6	ゾアの街の話
TWN_SEEK	01455A	11	29	5	話をやめる
TWN_SEEK	014565	19	29	9	『絶対の客人』の話
TWN_SEEK	014582	13	29	6	ドラゴンの話
TWN_SEEK	01459F	11	29	5	アゼルの話
TWN_SEEK	0145BC	7	29	3	塔の話
TWN_SEEK	0145D9	11	29	5	旧世紀の話
TWN_SEEK	0145F6	13	29	6	攻性生物の話
TWN_SEEK	014613	9	29	4	帝国の話
TWN_SEEK	014630	13	29	6	シーカーの話
TWN_SEEK	01464D	13	29	6	ガッシュの話
TWN_SEEK	01466A	13	29	6	ゾアの街の話
TWN_SEEK	014687	11	29	5	話をやめる
TWN_SEEK	014692	19	29	9	『絶対の客人』の話
TWN_SEEK	0146AF	13	29	6	ドラゴンの話
TWN_SEEK	0146CC	11	29	5	アゼルの話
TWN_SEEK	0146E9	11	29	5	旧世紀の話
TWN_SEEK	014706	13	29	6	攻性生物の話
TWN_SEEK	014723	9	29	4	帝国の話
TWN_SEEK	014740	13	29	6	シーカーの話
TWN_SEEK	01475D	13	29	6	ガッシュの話
TWN_SEEK	01477A	13	29	6	ゾアの街の話
TWN_SEEK	014797	11	29	5	話をやめる
TWN_SEEK	0147A2	15	29	7	セストレンの話
TWN_SEEK	0147BF	19	29	9	『絶対の客人』の話
TWN_SEEK	0147DC	13	29	6	ドラゴンの話
TWN_SEEK	0147F9	11	29	5	アゼルの話
TWN_SEEK	014816	13	29	6	ドローンの話
TWN_SEEK	014833	7	29	3	塔の話
TWN_SEEK	014850	11	29	5	旧世紀の話
TWN_SEEK	01486D	13	29	6	攻性生物の話
TWN_SEEK	01488A	9	29	4	帝国の話
TWN_SEEK	0148A7	13	29	6	シーカーの話
TWN_SEEK	0148C4	13	29	6	ガッシュの話
TWN_SEEK	0148E1	13	29	6	ゾアの街の話
TWN_SEEK	0148FE	11	29	5	話をやめる
TWN_SEEK	014909	15	29	7	セストレンの話
TWN_SEEK	014926	19	29	9	『絶対の客人』の話
TWN_SEEK	014943	13	29	6	ドラゴンの話
TWN_SEEK	014960	11	29	5	アゼルの話
TWN_SEEK	01497D	13	29	6	ドローンの話
TWN_SEEK	01499A	11	29	5	旧世紀の話
TWN_SEEK	0149B7	13	29	6	攻性生物の話
TWN_SEEK	0149D4	9	29	4	帝国の話
TWN_SEEK	0149F1	13	29	6	シーカーの話
TWN_SEEK	014A0E	13	29	6	ガッシュの話
TWN_SEEK	014A2B	13	29	6	ゾアの街の話
TWN_SEEK	014A48	11	29	5	話をやめる
TWN_SEEK	014A53	15	29	7	セストレンの話
TWN_SEEK	014A70	19	29	9	『絶対の客人』の話
TWN_SEEK	014A8D	13	29	6	ドラゴンの話
TWN_SEEK	014AAA	11	29	5	アゼルの話
TWN_SEEK	014AC7	7	29	3	塔の話
TWN_SEEK	014AE4	11	29	5	旧世紀の話
TWN_SEEK	014B01	13	29	6	攻性生物の話
TWN_SEEK	014B1E	9	29	4	帝国の話
TWN_SEEK	014B3B	13	29	6	シーカーの話
TWN_SEEK	014B58	13	29	6	ガッシュの話
TWN_SEEK	014B75	13	29	6	ゾアの街の話
TWN_SEEK	014B92	11	29	5	話をやめる
TWN_SEEK	014B9D	15	29	7	セストレンの話
TWN_SEEK	014BBA	19	29	9	『絶対の客人』の話
TWN_SEEK	014BD7	13	29	6	ドラゴンの話
TWN_SEEK	014BF4	11	29	5	アゼルの話
TWN_SEEK	014C11	11	29	5	旧世紀の話
TWN_SEEK	014C2E	13	29	6	攻性生物の話
TWN_SEEK	014C4B	9	29	4	帝国の話
TWN_SEEK	014C68	13	29	6	シーカーの話
TWN_SEEK	014C85	13	29	6	ガッシュの話
TWN_SEEK	014CA2	13	29	6	ゾアの街の話
TWN_SEEK	014CBF	11	29	5	話をやめる
TWN_SEEK	014CCA	19	29	9	『絶対の客人』の話
TWN_SEEK	014CE7	13	29	6	ドラゴンの話
TWN_SEEK	014D04	11	29	5	アゼルの話
TWN_SEEK	014D21	13	29	6	ドローンの話
TWN_SEEK	014D3E	7	29	3	塔の話
TWN_SEEK	014D5B	11	29	5	旧世紀の話
TWN_SEEK	014D78	13	29	6	攻性生物の話
TWN_SEEK	014D95	9	29	4	帝国の話
TWN_SEEK	014DB2	13	29	6	シーカーの話
TWN_SEEK	014DCF	13	29	6	ガッシュの話
TWN_SEEK	014DEC	13	29	6	ゾアの街の話
TWN_SEEK	014E09	11	29	5	話をやめる
TWN_SEEK	014E14	19	29	9	『絶対の客人』の話
TWN_SEEK	014E31	13	29	6	ドラゴンの話
TWN_SEEK	014E4E	11	29	5	アゼルの話
TWN_SEEK	014E6B	13	29	6	ドローンの話
TWN_SEEK	014E88	11	29	5	旧世紀の話
TWN_SEEK	014EA5	13	29	6	攻性生物の話
TWN_SEEK	014EC2	9	29	4	帝国の話
TWN_SEEK	014EDF	13	29	6	シーカーの話
TWN_SEEK	014EFC	13	29	6	ガッシュの話
TWN_SEEK	014F19	13	29	6	ゾアの街の話
TWN_SEEK	014F36	11	29	5	話をやめる
TWN_SEEK	014F41	19	29	9	『絶対の客人』の話
TWN_SEEK	014F5E	13	29	6	ドラゴンの話
TWN_SEEK	014F7B	11	29	5	アゼルの話
TWN_SEEK	014F98	7	29	3	塔の話
TWN_SEEK	014FB5	11	29	5	旧世紀の話
TWN_SEEK	014FD2	13	29	6	攻性生物の話
TWN_SEEK	014FEF	9	29	4	帝国の話
TWN_SEEK	01500C	13	29	6	シーカーの話
TWN_SEEK	015029	13	29	6	ガッシュの話
TWN_SEEK	015046	13	29	6	ゾアの街の話
TWN_SEEK	015063	11	29	5	話をやめる
TWN_SEEK	01506E	19	29	9	『絶対の客人』の話
TWN_SEEK	01508B	13	29	6	ドラゴンの話
TWN_SEEK	0150A8	11	29	5	アゼルの話
TWN_SEEK	0150C5	11	29	5	旧世紀の話
TWN_SEEK	0150E2	13	29	6	攻性生物の話
TWN_SEEK	0150FF	9	29	4	帝国の話
TWN_SEEK	01511C	13	29	6	シーカーの話
TWN_SEEK	015139	13	29	6	ガッシュの話
TWN_SEEK	015156	13	29	6	ゾアの街の話
TWN_SEEK	015173	11	29	5	話をやめる
TWN_ZOAH	00C8B3	29	29	14	(体裁のいいものじゃないな)
TWN_ZOAH	00C8D0	21	29	10	戦いに役立ちそうな物
TWN_ZOAH	00C8ED	21	29	10	ドラゴンに関する書物
TWN_ZOAH	00C90A	19	29	9	攻性生物の体の一部
TWN_ZOAH	00C927	21	29	10	(簡素な吊り床だ…)
TWN_ZOAH	01ACC8	37	50	18	神の使いは、神の街を守るべきだろう？
TWN_ZOAH	01ACFA	29	50	14	関係ないよ…儀はただの人間だ
TWN_ZOAH	01AD2C	37	50	18	そう言わずに、考え直してもらえんかね
TWN_ZOAH	01AD5E	27	50	13	やっぱりだめだよ…悪いけど
TWN_ZOAH	01AD90	9	50	4	そうか…
TWN_ZOAH	023DD2	31	31	15	二度とその巣は使わねえんだとさ
TWN_ZOAH	023DF1	9	31	4	帝国の話
TWN_ZOAH	023E10	13	31	6	ドラゴンの話
TWN_ZOAH	023E2F	13	31	6	ゾアの街の話
TWN_ZOAH	023E4E	11	31	5	開放区の話
TWN_ZOAH	023E6D	9	31	4	酒場の話
TWN_ZOAH	023E8C	11	31	5	神聖区の話
TWN_ZOAH	023EAB	15	31	7	「護り火」の話
TWN_ZOAH	023ECA	9	31	4	司祭の話
TWN_ZOAH	023EE9	13	31	6	シーカーの話
TWN_ZOAH	023F08	9	31	4	ウルの話
TWN_ZOAH	023F27	13	31	6	トビタマの話
TWN_ZOAH	023F46	11	31	5	話をやめる
TWN_ZOAH	023F5C	13	31	6	ドラゴンの話
TWN_ZOAH	023F7B	13	31	6	ゾアの街の話
TWN_ZOAH	023F9A	11	31	5	開放区の話
TWN_ZOAH	023FB9	9	31	4	酒場の話
TWN_ZOAH	023FD8	11	31	5	神聖区の話
TWN_ZOAH	023FF7	15	31	7	「護り火」の話
TWN_ZOAH	024016	9	31	4	司祭の話
TWN_ZOAH	024035	13	31	6	シーカーの話
TWN_ZOAH	024054	9	31	4	ウルの話
TWN_ZOAH	024073	11	31	5	話をやめる
TWN_ZOAH	024089	13	31	6	ドラゴンの話
TWN_ZOAH	0240A8	13	31	6	ゾアの街の話
TWN_ZOAH	0240C7	11	31	5	開放区の話
TWN_ZOAH	0240E6	9	31	4	酒場の話
TWN_ZOAH	024105	11	31	5	神聖区の話
TWN_ZOAH	024124	15	31	7	「護り火」の話
TWN_ZOAH	024143	9	31	4	司祭の話
TWN_ZOAH	024162	13	31	6	シーカーの話
TWN_ZOAH	024181	13	31	6	トビタマの話
TWN_ZOAH	0241A0	11	31	5	話をやめる
TWN_ZOAH	0241B6	13	31	6	ドラゴンの話
TWN_ZOAH	0241D5	13	31	6	ゾアの街の話
TWN_ZOAH	0241F4	11	31	5	開放区の話
TWN_ZOAH	024213	9	31	4	酒場の話
TWN_ZOAH	024232	11	31	5	神聖区の話
TWN_ZOAH	024251	15	31	7	「護り火」の話
TWN_ZOAH	024270	9	31	4	司祭の話
TWN_ZOAH	02428F	13	31	6	シーカーの話
TWN_ZOAH	0242AE	11	31	5	話をやめる
TWN_ZOAH	0242C4	13	31	6	ドラゴンの話
TWN_ZOAH	0242E3	13	31	6	ゾアの街の話
TWN_ZOAH	024302	11	31	5	開放区の話
TWN_ZOAH	024321	9	31	4	酒場の話
TWN_ZOAH	024340	11	31	5	神聖区の話
TWN_ZOAH	02435F	15	31	7	「護り火」の話
TWN_ZOAH	02437E	13	31	6	シーカーの話
TWN_ZOAH	02439D	9	31	4	ウルの話
TWN_ZOAH	0243BC	13	31	6	トビタマの話
TWN_ZOAH	0243DB	11	31	5	話をやめる
TWN_ZOAH	0243F1	13	31	6	ドラゴンの話
TWN_ZOAH	024410	13	31	6	ゾアの街の話
TWN_ZOAH	02442F	11	31	5	開放区の話
TWN_ZOAH	02444E	9	31	4	酒場の話
TWN_ZOAH	02446D	11	31	5	神聖区の話
TWN_ZOAH	02448C	15	31	7	「護り火」の話
TWN_ZOAH	0244AB	13	31	6	シーカーの話
TWN_ZOAH	0244CA	9	31	4	ウルの話
TWN_ZOAH	0244E9	11	31	5	話をやめる
TWN_ZOAH	0244FF	13	31	6	ドラゴンの話
TWN_ZOAH	02451E	13	31	6	ゾアの街の話
TWN_ZOAH	02453D	11	31	5	開放区の話
TWN_ZOAH	02455C	9	31	4	酒場の話
TWN_ZOAH	02457B	11	31	5	神聖区の話
TWN_ZOAH	02459A	15	31	7	「護り火」の話
TWN_ZOAH	0245B9	13	31	6	シーカーの話
TWN_ZOAH	0245D8	13	31	6	トビタマの話
TWN_ZOAH	0245F7	11	31	5	話をやめる
TWN_ZOAH	02460D	13	31	6	ドラゴンの話
TWN_ZOAH	02462C	13	31	6	ゾアの街の話
TWN_ZOAH	02464B	11	31	5	開放区の話
TWN_ZOAH	02466A	9	31	4	酒場の話
TWN_ZOAH	024689	11	31	5	神聖区の話
TWN_ZOAH	0246A8	15	31	7	「護り火」の話
TWN_ZOAH	0246C7	13	31	6	シーカーの話
TWN_ZOAH	0246E6	11	31	5	話をやめる
TWN_ZOAH	0246FC	13	31	6	ドラゴンの話
TWN_ZOAH	02471B	13	31	6	ゾアの街の話
TWN_ZOAH	02473A	11	31	5	開放区の話
TWN_ZOAH	024759	9	31	4	酒場の話
TWN_ZOAH	024778	11	31	5	神聖区の話
TWN_ZOAH	024797	9	31	4	司祭の話
TWN_ZOAH	0247B6	13	31	6	シーカーの話
TWN_ZOAH	0247D5	9	31	4	ウルの話
TWN_ZOAH	0247F4	13	31	6	トビタマの話
TWN_ZOAH	024813	11	31	5	話をやめる
TWN_ZOAH	024829	13	31	6	ドラゴンの話
TWN_ZOAH	024848	13	31	6	ゾアの街の話
TWN_ZOAH	024867	11	31	5	開放区の話
TWN_ZOAH	024886	9	31	4	酒場の話
TWN_ZOAH	0248A5	11	31	5	神聖区の話
TWN_ZOAH	0248C4	9	31	4	司祭の話
TWN_ZOAH	0248E3	13	31	6	シーカーの話
TWN_ZOAH	024902	9	31	4	ウルの話
TWN_ZOAH	024921	11	31	5	話をやめる
TWN_ZOAH	024937	13	31	6	ドラゴンの話
TWN_ZOAH	024956	13	31	6	ゾアの街の話
TWN_ZOAH	024975	11	31	5	開放区の話
TWN_ZOAH	024994	9	31	4	酒場の話
TWN_ZOAH	0249B3	11	31	5	神聖区の話
TWN_ZOAH	0249D2	9	31	4	司祭の話
TWN_ZOAH	0249F1	13	31	6	シーカーの話
TWN_ZOAH	024A10	13	31	6	トビタマの話
TWN_ZOAH	024A2F	11	31	5	話をやめる
TWN_ZOAH	024A45	13	31	6	ドラゴンの話
TWN_ZOAH	024A64	13	31	6	ゾアの街の話
TWN_ZOAH	024A83	11	31	5	開放区の話
TWN_ZOAH	024AA2	9	31	4	酒場の話
TWN_ZOAH	024AC1	11	31	5	神聖区の話
TWN_ZOAH	024AE0	9	31	4	司祭の話
TWN_ZOAH	024AFF	13	31	6	シーカーの話
TWN_ZOAH	024B1E	11	31	5	話をやめる
TWN_ZOAH	024B34	13	31	6	ドラゴンの話
TWN_ZOAH	024B53	13	31	6	ゾアの街の話
TWN_ZOAH	024B72	11	31	5	開放区の話
TWN_ZOAH	024B91	9	31	4	酒場の話
TWN_ZOAH	024BB0	11	31	5	神聖区の話
TWN_ZOAH	024BCF	13	31	6	シーカーの話
TWN_ZOAH	024BEE	9	31	4	ウルの話
TWN_ZOAH	024C0D	13	31	6	トビタマの話
TWN_ZOAH	024C2C	11	31	5	話をやめる
TWN_ZOAH	024C42	13	31	6	ドラゴンの話
TWN_ZOAH	024C61	13	31	6	ゾアの街の話
TWN_ZOAH	024C80	11	31	5	開放区の話
TWN_ZOAH	024C9F	9	31	4	酒場の話
TWN_ZOAH	024CBE	11	31	5	神聖区の話
TWN_ZOAH	024CDD	13	31	6	シーカーの話
TWN_ZOAH	024CFC	9	31	4	ウルの話
TWN_ZOAH	024D1B	11	31	5	話をやめる
TWN_ZOAH	024D31	13	31	6	ドラゴンの話
TWN_ZOAH	024D50	13	31	6	ゾアの街の話
TWN_ZOAH	024D6F	11	31	5	開放区の話
TWN_ZOAH	024D8E	9	31	4	酒場の話
TWN_ZOAH	024DAD	11	31	5	神聖区の話
TWN_ZOAH	024DCC	13	31	6	シーカーの話
TWN_ZOAH	024DEB	13	31	6	トビタマの話
TWN_ZOAH	024E0A	11	31	5	話をやめる
TWN_ZOAH	024E20	13	31	6	ドラゴンの話
TWN_ZOAH	024E3F	13	31	6	ゾアの街の話
TWN_ZOAH	024E5E	11	31	5	開放区の話
TWN_ZOAH	024E7D	9	31	4	酒場の話
TWN_ZOAH	024E9C	11	31	5	神聖区の話
TWN_ZOAH	024EBB	13	31	6	シーカーの話
TWN_ZOAH	024EDA	11	31	5	話をやめる
TWN_ZOAH	024EF0	13	31	6	ドラゴンの話
TWN_ZOAH	024F0F	13	31	6	ゾアの街の話
TWN_ZOAH	024F2E	11	31	5	開放区の話
TWN_ZOAH	024F4D	9	31	4	酒場の話
TWN_ZOAH	024F6C	15	31	7	「護り火」の話
TWN_ZOAH	024F8B	9	31	4	司祭の話
TWN_ZOAH	024FAA	13	31	6	シーカーの話
TWN_ZOAH	024FC9	9	31	4	ウルの話
TWN_ZOAH	024FE8	13	31	6	トビタマの話
TWN_ZOAH	025007	11	31	5	話をやめる
TWN_ZOAH	02501D	13	31	6	ドラゴンの話
TWN_ZOAH	02503C	13	31	6	ゾアの街の話
TWN_ZOAH	02505B	11	31	5	開放区の話
TWN_ZOAH	02507A	9	31	4	酒場の話
TWN_ZOAH	025099	15	31	7	「護り火」の話
TWN_ZOAH	0250B8	9	31	4	司祭の話
TWN_ZOAH	0250D7	13	31	6	シーカーの話
TWN_ZOAH	0250F6	9	31	4	ウルの話
TWN_ZOAH	025115	11	31	5	話をやめる
TWN_ZOAH	02512B	13	31	6	ドラゴンの話
TWN_ZOAH	02514A	13	31	6	ゾアの街の話
TWN_ZOAH	025169	11	31	5	開放区の話
TWN_ZOAH	025188	9	31	4	酒場の話
TWN_ZOAH	0251A7	15	31	7	「護り火」の話
TWN_ZOAH	0251C6	9	31	4	司祭の話
TWN_ZOAH	0251E5	13	31	6	シーカーの話
TWN_ZOAH	025204	13	31	6	トビタマの話
TWN_ZOAH	025223	11	31	5	話をやめる
TWN_ZOAH	025239	13	31	6	ドラゴンの話
TWN_ZOAH	025258	13	31	6	ゾアの街の話
TWN_ZOAH	025277	11	31	5	開放区の話
TWN_ZOAH	025296	9	31	4	酒場の話
TWN_ZOAH	0252B5	15	31	7	「護り火」の話
TWN_ZOAH	0252D4	9	31	4	司祭の話
TWN_ZOAH	0252F3	13	31	6	シーカーの話
TWN_ZOAH	025312	11	31	5	話をやめる
TWN_ZOAH	025328	13	31	6	ドラゴンの話
TWN_ZOAH	025347	13	31	6	ゾアの街の話
TWN_ZOAH	025366	11	31	5	開放区の話
TWN_ZOAH	025385	9	31	4	酒場の話
TWN_ZOAH	0253A4	15	31	7	「護り火」の話
TWN_ZOAH	0253C3	13	31	6	シーカーの話
TWN_ZOAH	0253E2	9	31	4	ウルの話
TWN_ZOAH	025401	13	31	6	トビタマの話
TWN_ZOAH	025420	11	31	5	話をやめる
TWN_ZOAH	025436	13	31	6	ドラゴンの話
TWN_ZOAH	025455	13	31	6	ゾアの街の話
TWN_ZOAH	025474	11	31	5	開放区の話
TWN_ZOAH	025493	9	31	4	酒場の話
TWN_ZOAH	0254B2	15	31	7	「護り火」の話
TWN_ZOAH	0254D1	13	31	6	シーカーの話
TWN_ZOAH	0254F0	9	31	4	ウルの話
TWN_ZOAH	02550F	11	31	5	話をやめる
TWN_ZOAH	025525	13	31	6	ドラゴンの話
TWN_ZOAH	025544	13	31	6	ゾアの街の話
TWN_ZOAH	025563	11	31	5	開放区の話
TWN_ZOAH	025582	9	31	4	酒場の話
TWN_ZOAH	0255A1	15	31	7	「護り火」の話
TWN_ZOAH	0255C0	13	31	6	シーカーの話
TWN_ZOAH	0255DF	13	31	6	トビタマの話
TWN_ZOAH	0255FE	11	31	5	話をやめる
TWN_ZOAH	025614	13	31	6	ドラゴンの話
TWN_ZOAH	025633	13	31	6	ゾアの街の話
TWN_ZOAH	025652	11	31	5	開放区の話
TWN_ZOAH	025671	9	31	4	酒場の話
TWN_ZOAH	025690	15	31	7	「護り火」の話
TWN_ZOAH	0256AF	13	31	6	シーカーの話
TWN_ZOAH	0256CE	11	31	5	話をやめる
TWN_ZOAH	0256E4	13	31	6	ドラゴンの話
TWN_ZOAH	025703	13	31	6	ゾアの街の話
TWN_ZOAH	025722	11	31	5	開放区の話
TWN_ZOAH	025741	9	31	4	酒場の話
TWN_ZOAH	025760	9	31	4	司祭の話
TWN_ZOAH	02577F	13	31	6	シーカーの話
TWN_ZOAH	02579E	9	31	4	ウルの話
TWN_ZOAH	0257BD	13	31	6	トビタマの話
TWN_ZOAH	0257DC	11	31	5	話をやめる
TWN_ZOAH	0257F2	13	31	6	ドラゴンの話
TWN_ZOAH	025811	13	31	6	ゾアの街の話
TWN_ZOAH	025830	11	31	5	開放区の話
TWN_ZOAH	02584F	9	31	4	酒場の話
TWN_ZOAH	02586E	9	31	4	司祭の話
TWN_ZOAH	02588D	13	31	6	シーカーの話
TWN_ZOAH	0258AC	9	31	4	ウルの話
TWN_ZOAH	0258CB	11	31	5	話をやめる
TWN_ZOAH	0258E1	13	31	6	ドラゴンの話
TWN_ZOAH	025900	13	31	6	ゾアの街の話
TWN_ZOAH	02591F	11	31	5	開放区の話
TWN_ZOAH	02593E	9	31	4	酒場の話
TWN_ZOAH	02595D	9	31	4	司祭の話
TWN_ZOAH	02597C	13	31	6	シーカーの話
TWN_ZOAH	02599B	13	31	6	トビタマの話
TWN_ZOAH	0259BA	11	31	5	話をやめる
TWN_ZOAH	0259D0	13	31	6	ドラゴンの話
TWN_ZOAH	0259EF	13	31	6	ゾアの街の話
TWN_ZOAH	025A0E	11	31	5	開放区の話
TWN_ZOAH	025A2D	9	31	4	酒場の話
TWN_ZOAH	025A4C	9	31	4	司祭の話
TWN_ZOAH	025A6B	13	31	6	シーカーの話
TWN_ZOAH	025A8A	11	31	5	話をやめる
TWN_ZOAH	025AA0	13	31	6	ドラゴンの話
TWN_ZOAH	025ABF	13	31	6	ゾアの街の話
TWN_ZOAH	025ADE	11	31	5	開放区の話
TWN_ZOAH	025AFD	9	31	4	酒場の話
TWN_ZOAH	025B1C	13	31	6	シーカーの話
TWN_ZOAH	025B3B	9	31	4	ウルの話
TWN_ZOAH	025B5A	13	31	6	トビタマの話
TWN_ZOAH	025B79	11	31	5	話をやめる
TWN_ZOAH	025B8F	13	31	6	ドラゴンの話
TWN_ZOAH	025BAE	13	31	6	ゾアの街の話
TWN_ZOAH	025BCD	11	31	5	開放区の話
TWN_ZOAH	025BEC	9	31	4	酒場の話
TWN_ZOAH	025C0B	13	31	6	シーカーの話
TWN_ZOAH	025C2A	9	31	4	ウルの話
TWN_ZOAH	025C49	11	31	5	話をやめる
TWN_ZOAH	025C5F	13	31	6	ドラゴンの話
TWN_ZOAH	025C7E	13	31	6	ゾアの街の話
TWN_ZOAH	025C9D	11	31	5	開放区の話
TWN_ZOAH	025CBC	9	31	4	酒場の話
TWN_ZOAH	025CDB	13	31	6	シーカーの話
TWN_ZOAH	025CFA	13	31	6	トビタマの話
TWN_ZOAH	025D19	11	31	5	話をやめる
TWN_ZOAH	025D2F	13	31	6	ドラゴンの話
TWN_ZOAH	025D4E	13	31	6	ゾアの街の話
TWN_ZOAH	025D6D	11	31	5	開放区の話
TWN_ZOAH	025D8C	9	31	4	酒場の話
TWN_ZOAH	025DAB	13	31	6	シーカーの話
TWN_ZOAH	025DCA	11	31	5	話をやめる
TWN_ZOAH	025DE0	13	31	6	ゾアの街の話
TWN_ZOAH	025DFF	11	31	5	開放区の話
TWN_ZOAH	025E1E	9	31	4	酒場の話
TWN_ZOAH	025E3D	11	31	5	神聖区の話
TWN_ZOAH	025E5C	15	31	7	「護り火」の話
TWN_ZOAH	025E7B	9	31	4	司祭の話
TWN_ZOAH	025E9A	13	31	6	シーカーの話
TWN_ZOAH	025EB9	9	31	4	ウルの話
TWN_ZOAH	025ED8	13	31	6	トビタマの話
TWN_ZOAH	025EF7	11	31	5	話をやめる
TWN_ZOAH	025F0D	13	31	6	ゾアの街の話
TWN_ZOAH	025F2C	11	31	5	開放区の話
TWN_ZOAH	025F4B	9	31	4	酒場の話
TWN_ZOAH	025F6A	11	31	5	神聖区の話
TWN_ZOAH	025F89	15	31	7	「護り火」の話
TWN_ZOAH	025FA8	9	31	4	司祭の話
TWN_ZOAH	025FC7	13	31	6	シーカーの話
TWN_ZOAH	025FE6	9	31	4	ウルの話
TWN_ZOAH	026005	11	31	5	話をやめる
TWN_ZOAH	02601B	13	31	6	ゾアの街の話
TWN_ZOAH	02603A	11	31	5	開放区の話
TWN_ZOAH	026059	9	31	4	酒場の話
TWN_ZOAH	026078	11	31	5	神聖区の話
TWN_ZOAH	026097	15	31	7	「護り火」の話
TWN_ZOAH	0260B6	9	31	4	司祭の話
TWN_ZOAH	0260D5	13	31	6	シーカーの話
TWN_ZOAH	0260F4	13	31	6	トビタマの話
TWN_ZOAH	026113	11	31	5	話をやめる
TWN_ZOAH	026129	13	31	6	ゾアの街の話
TWN_ZOAH	026148	11	31	5	開放区の話
TWN_ZOAH	026167	9	31	4	酒場の話
TWN_ZOAH	026186	11	31	5	神聖区の話
TWN_ZOAH	0261A5	15	31	7	「護り火」の話
TWN_ZOAH	0261C4	9	31	4	司祭の話
TWN_ZOAH	0261E3	13	31	6	シーカーの話
TWN_ZOAH	026202	11	31	5	話をやめる
TWN_ZOAH	026218	13	31	6	ゾアの街の話
TWN_ZOAH	026237	11	31	5	開放区の話
TWN_ZOAH	026256	9	31	4	酒場の話
TWN_ZOAH	026275	11	31	5	神聖区の話
TWN_ZOAH	026294	15	31	7	「護り火」の話
TWN_ZOAH	0262B3	13	31	6	シーカーの話
TWN_ZOAH	0262D2	9	31	4	ウルの話
TWN_ZOAH	0262F1	13	31	6	トビタマの話
TWN_ZOAH	026310	11	31	5	話をやめる
TWN_ZOAH	026326	13	31	6	ゾアの街の話
TWN_ZOAH	026345	11	31	5	開放区の話
TWN_ZOAH	026364	9	31	4	酒場の話
TWN_ZOAH	026383	11	31	5	神聖区の話
TWN_ZOAH	0263A2	15	31	7	「護り火」の話
TWN_ZOAH	0263C1	13	31	6	シーカーの話
TWN_ZOAH	0263E0	9	31	4	ウルの話
TWN_ZOAH	0263FF	11	31	5	話をやめる
TWN_ZOAH	026415	13	31	6	ゾアの街の話
TWN_ZOAH	026434	11	31	5	開放区の話
TWN_ZOAH	026453	9	31	4	酒場の話
TWN_ZOAH	026472	11	31	5	神聖区の話
TWN_ZOAH	026491	15	31	7	「護り火」の話
TWN_ZOAH	0264B0	13	31	6	シーカーの話
TWN_ZOAH	0264CF	13	31	6	トビタマの話
TWN_ZOAH	0264EE	11	31	5	話をやめる
TWN_ZOAH	026504	13	31	6	ゾアの街の話
TWN_ZOAH	026523	11	31	5	開放区の話
TWN_ZOAH	026542	9	31	4	酒場の話
TWN_ZOAH	026561	11	31	5	神聖区の話
TWN_ZOAH	026580	15	31	7	「護り火」の話
TWN_ZOAH	02659F	13	31	6	シーカーの話
TWN_ZOAH	0265BE	11	31	5	話をやめる
TWN_ZOAH	0265D4	13	31	6	ゾアの街の話
TWN_ZOAH	0265F3	11	31	5	開放区の話
TWN_ZOAH	026612	9	31	4	酒場の話
TWN_ZOAH	026631	11	31	5	神聖区の話
TWN_ZOAH	026650	9	31	4	司祭の話
TWN_ZOAH	02666F	13	31	6	シーカーの話
TWN_ZOAH	02668E	9	31	4	ウルの話
TWN_ZOAH	0266AD	13	31	6	トビタマの話
TWN_ZOAH	0266CC	11	31	5	話をやめる
TWN_ZOAH	0266E2	13	31	6	ゾアの街の話
TWN_ZOAH	026701	11	31	5	開放区の話
TWN_ZOAH	026720	9	31	4	酒場の話
TWN_ZOAH	02673F	11	31	5	神聖区の話
TWN_ZOAH	02675E	9	31	4	司祭の話
TWN_ZOAH	02677D	13	31	6	シーカーの話
TWN_ZOAH	02679C	9	31	4	ウルの話
TWN_ZOAH	0267BB	11	31	5	話をやめる
TWN_ZOAH	0267D1	13	31	6	ゾアの街の話
TWN_ZOAH	0267F0	11	31	5	開放区の話
TWN_ZOAH	02680F	9	31	4	酒場の話
TWN_ZOAH	02682E	11	31	5	神聖区の話
TWN_ZOAH	02684D	9	31	4	司祭の話
TWN_ZOAH	02686C	13	31	6	シーカーの話
TWN_ZOAH	02688B	13	31	6	トビタマの話
TWN_ZOAH	0268AA	11	31	5	話をやめる
TWN_ZOAH	0268C0	13	31	6	ゾアの街の話
TWN_ZOAH	0268DF	11	31	5	開放区の話
TWN_ZOAH	0268FE	9	31	4	酒場の話
TWN_ZOAH	02691D	11	31	5	神聖区の話
TWN_ZOAH	02693C	9	31	4	司祭の話
TWN_ZOAH	02695B	13	31	6	シーカーの話
TWN_ZOAH	02697A	11	31	5	話をやめる
TWN_ZOAH	026990	13	31	6	ゾアの街の話
TWN_ZOAH	0269AF	11	31	5	開放区の話
TWN_ZOAH	0269CE	9	31	4	酒場の話
TWN_ZOAH	0269ED	11	31	5	神聖区の話
TWN_ZOAH	026A0C	13	31	6	シーカーの話
TWN_ZOAH	026A2B	9	31	4	ウルの話
TWN_ZOAH	026A4A	13	31	6	トビタマの話
TWN_ZOAH	026A69	11	31	5	話をやめる
TWN_ZOAH	026A7F	13	31	6	ゾアの街の話
TWN_ZOAH	026A9E	11	31	5	開放区の話
TWN_ZOAH	026ABD	9	31	4	酒場の話
TWN_ZOAH	026ADC	11	31	5	神聖区の話
TWN_ZOAH	026AFB	13	31	6	シーカーの話
TWN_ZOAH	026B1A	9	31	4	ウルの話
TWN_ZOAH	026B39	11	31	5	話をやめる
TWN_ZOAH	026B4F	13	31	6	ゾアの街の話
TWN_ZOAH	026B6E	11	31	5	開放区の話
TWN_ZOAH	026B8D	9	31	4	酒場の話
TWN_ZOAH	026BAC	11	31	5	神聖区の話
TWN_ZOAH	026BCB	13	31	6	シーカーの話
TWN_ZOAH	026BEA	13	31	6	トビタマの話
TWN_ZOAH	026C09	11	31	5	話をやめる
TWN_ZOAH	026C1F	13	31	6	ゾアの街の話
TWN_ZOAH	026C3E	11	31	5	開放区の話
TWN_ZOAH	026C5D	9	31	4	酒場の話
TWN_ZOAH	026C7C	11	31	5	神聖区の話
TWN_ZOAH	026C9B	13	31	6	シーカーの話
TWN_ZOAH	026CBA	11	31	5	話をやめる
TWN_ZOAH	026CD0	13	31	6	ゾアの街の話
TWN_ZOAH	026CEF	11	31	5	開放区の話
TWN_ZOAH	026D0E	9	31	4	酒場の話
TWN_ZOAH	026D2D	15	31	7	「護り火」の話
TWN_ZOAH	026D4C	9	31	4	司祭の話
TWN_ZOAH	026D6B	13	31	6	シーカーの話
TWN_ZOAH	026D8A	9	31	4	ウルの話
TWN_ZOAH	026DA9	13	31	6	トビタマの話
TWN_ZOAH	026DC8	11	31	5	話をやめる
TWN_ZOAH	026DDE	13	31	6	ゾアの街の話
TWN_ZOAH	026DFD	11	31	5	開放区の話
TWN_ZOAH	026E1C	9	31	4	酒場の話
TWN_ZOAH	026E3B	15	31	7	「護り火」の話
TWN_ZOAH	026E5A	9	31	4	司祭の話
TWN_ZOAH	026E79	13	31	6	シーカーの話
TWN_ZOAH	026E98	9	31	4	ウルの話
TWN_ZOAH	026EB7	11	31	5	話をやめる
TWN_ZOAH	026ECD	13	31	6	ゾアの街の話
TWN_ZOAH	026EEC	11	31	5	開放区の話
TWN_ZOAH	026F0B	9	31	4	酒場の話
TWN_ZOAH	026F2A	15	31	7	「護り火」の話
TWN_ZOAH	026F49	9	31	4	司祭の話
TWN_ZOAH	026F68	13	31	6	シーカーの話
TWN_ZOAH	026F87	13	31	6	トビタマの話
TWN_ZOAH	026FA6	11	31	5	話をやめる
TWN_ZOAH	026FBC	13	31	6	ゾアの街の話
TWN_ZOAH	026FDB	11	31	5	開放区の話
TWN_ZOAH	026FFA	9	31	4	酒場の話
TWN_ZOAH	027019	15	31	7	「護り火」の話
TWN_ZOAH	027038	9	31	4	司祭の話
TWN_ZOAH	027057	13	31	6	シーカーの話
TWN_ZOAH	027076	11	31	5	話をやめる
TWN_ZOAH	02708C	13	31	6	ゾアの街の話
TWN_ZOAH	0270AB	11	31	5	開放区の話
TWN_ZOAH	0270CA	9	31	4	酒場の話
TWN_ZOAH	0270E9	15	31	7	「護り火」の話
TWN_ZOAH	027108	13	31	6	シーカーの話
TWN_ZOAH	027127	9	31	4	ウルの話
TWN_ZOAH	027146	13	31	6	トビタマの話
TWN_ZOAH	027165	11	31	5	話をやめる
TWN_ZOAH	02717B	13	31	6	ゾアの街の話
TWN_ZOAH	02719A	11	31	5	開放区の話
TWN_ZOAH	0271B9	9	31	4	酒場の話
TWN_ZOAH	0271D8	15	31	7	「護り火」の話
TWN_ZOAH	0271F7	13	31	6	シーカーの話
TWN_ZOAH	027216	9	31	4	ウルの話
TWN_ZOAH	027235	11	31	5	話をやめる
TWN_ZOAH	02724B	13	31	6	ゾアの街の話
TWN_ZOAH	02726A	11	31	5	開放区の話
TWN_ZOAH	027289	9	31	4	酒場の話
TWN_ZOAH	0272A8	15	31	7	「護り火」の話
TWN_ZOAH	0272C7	13	31	6	シーカーの話
TWN_ZOAH	0272E6	13	31	6	トビタマの話
TWN_ZOAH	027305	11	31	5	話をやめる
TWN_ZOAH	02731B	13	31	6	ゾアの街の話
TWN_ZOAH	02733A	11	31	5	開放区の話
TWN_ZOAH	027359	9	31	4	酒場の話
TWN_ZOAH	027378	15	31	7	「護り火」の話
TWN_ZOAH	027397	13	31	6	シーカーの話
TWN_ZOAH	0273B6	11	31	5	話をやめる
TWN_ZOAH	0273CC	13	31	6	ゾアの街の話
TWN_ZOAH	0273EB	11	31	5	開放区の話
TWN_ZOAH	02740A	9	31	4	酒場の話
TWN_ZOAH	027429	9	31	4	司祭の話
TWN_ZOAH	027448	13	31	6	シーカーの話
TWN_ZOAH	027467	9	31	4	ウルの話
TWN_ZOAH	027486	13	31	6	トビタマの話
TWN_ZOAH	0274A5	11	31	5	話をやめる
TWN_ZOAH	0274BB	13	31	6	ゾアの街の話
TWN_ZOAH	0274DA	11	31	5	開放区の話
TWN_ZOAH	0274F9	9	31	4	酒場の話
TWN_ZOAH	027518	9	31	4	司祭の話
TWN_ZOAH	027537	13	31	6	シーカーの話
TWN_ZOAH	027556	9	31	4	ウルの話
TWN_ZOAH	027575	11	31	5	話をやめる
TWN_ZOAH	02758B	13	31	6	ゾアの街の話
TWN_ZOAH	0275AA	11	31	5	開放区の話
TWN_ZOAH	0275C9	9	31	4	酒場の話
TWN_ZOAH	0275E8	9	31	4	司祭の話
TWN_ZOAH	027607	13	31	6	シーカーの話
TWN_ZOAH	027626	13	31	6	トビタマの話
TWN_ZOAH	027645	11	31	5	話をやめる
TWN_ZOAH	02765B	13	31	6	ゾアの街の話
TWN_ZOAH	02767A	11	31	5	開放区の話
TWN_ZOAH	027699	9	31	4	酒場の話
TWN_ZOAH	0276B8	9	31	4	司祭の話
TWN_ZOAH	0276D7	13	31	6	シーカーの話
TWN_ZOAH	0276F6	11	31	5	話をやめる
TWN_ZOAH	02770C	13	31	6	ゾアの街の話
TWN_ZOAH	02772B	11	31	5	開放区の話
TWN_ZOAH	02774A	9	31	4	酒場の話
TWN_ZOAH	027769	13	31	6	シーカーの話
TWN_ZOAH	027788	9	31	4	ウルの話
TWN_ZOAH	0277A7	13	31	6	トビタマの話
TWN_ZOAH	0277C6	11	31	5	話をやめる
TWN_ZOAH	0277DC	13	31	6	ゾアの街の話
TWN_ZOAH	0277FB	11	31	5	開放区の話
TWN_ZOAH	02781A	9	31	4	酒場の話
TWN_ZOAH	027839	13	31	6	シーカーの話
TWN_ZOAH	027858	9	31	4	ウルの話
TWN_ZOAH	027877	11	31	5	話をやめる
TWN_ZOAH	02788D	13	31	6	ゾアの街の話
TWN_ZOAH	0278AC	11	31	5	開放区の話
TWN_ZOAH	0278CB	9	31	4	酒場の話
TWN_ZOAH	0278EA	13	31	6	シーカーの話
TWN_ZOAH	027909	13	31	6	トビタマの話
TWN_ZOAH	027928	11	31	5	話をやめる
TWN_ZOAH	02793E	13	31	6	ゾアの街の話
TWN_ZOAH	02795D	11	31	5	開放区の話
TWN_ZOAH	02797C	9	31	4	酒場の話
TWN_ZOAH	02799B	13	31	6	シーカーの話
TWN_ZOAH	0279BA	11	31	5	話をやめる
TWN_ZOAH	02AB12	23	23	11	シャプリの安全方向は？
TWN_ZOAH	02AB29	5	23	2	前方
TWN_ZOAH	02AB40	5	23	2	後方
TWN_ZOAH	02AB57	5	23	2	左右
TWN_ZOAH	02AB6E	21	23	10	ズースーの倒し方は？
TWN_ZOAH	03B662	33	33	16	いや、いいんだ、人違いだったから
TWN_ZOAH	03B683	33	33	16	それにしても、よくここに入れたね
TWN_ZOAH	03B6A4	27	33	13	ここ、俺だけの隠れ家なんだ
TWN_ZOAH	03B6C5	25	33	12	他の奴には黙っててくれよ
