movie_no	movie	offset	bytes	text
0	EVT000_1	000000	17	エッジ、どうだ？
0	EVT000_1	000011	21	何もない、異状なしだ
0	EVT000_1	000026	23	こんなものか、実戦って
0	EVT000_1	00003D	21	気楽でいいな、子供は
0	EVT000_1	000052	23	ルーアは知ってるのか？
0	EVT000_1	000069	29	儀らがここで何を守ってるのか
0	EVT000_1	000086	11	どうして？
0	EVT000_1	000091	19	知りたくないのか？
0	EVT000_1	0000A4	11	ごめんだね
0	EVT000_1	0000AF	37	経験から言うと、帝国に首を突っ込むと
0	EVT000_1	0000D4	17	ろくなことがない
0	EVT000_1	0000E5	31	今だってろくなことなんてないさ
0	EVT000_1	000104	33	いいか、よけいなことに関わるなよ
0	EVT000_1	000125	19	それが俺達の鉄則だ
0	EVT000_1	000138	23	俺達は帝国軍に雇われて
0	EVT000_1	00014F	21	この発掘所を守ってる
0	EVT000_1	000164	11	それだけだ
0	EVT000_1	00016F	23	必要以上の詮索は無用、
0	EVT000_1	000186	19	死にたくないならな
0	EVT000_1	000199	13	ちくしょう！
0	EVT000_1	0001A6	23	中から現われやがった！
0	EVT000_1	0001BD	5	敵？
0	EVT000_1	0001C2	11	旧世紀の？
0	EVT000_1	0001CD	1	
0	EVT000_1	0001CE	1	
0	EVT000_1	0001CF	1	
1	EVT000_2	000290	31	栄華を誇った文明が滅んで数千年
1	EVT000_2	0002AF	27	かつての力を失った人類は、
1	EVT000_2	0002CA	33	自らが生み出した遣伝子改造による
1	EVT000_2	0002EB	23	生物兵器に斉かされつつ
1	EVT000_2	000302	25	黄昏の時代を過ごしていた
1	EVT000_2	00031B	31	だが、失われた文明の力を借りた
1	EVT000_2	00033A	25	（帝国）が出現した時から
1	EVT000_2	000353	21	再び時代は回り始めた
1	EVT000_2	000368	27	帝国の手によって発掘された
1	EVT000_2	000383	19	（旧世紀）の兵器は
1	EVT000_2	000396	19	人類の生存を斉かす
1	EVT000_2	0003A9	23	多数の巨大生物を撃退し
1	EVT000_2	0003C0	25	再びわれらの時代が来たと
1	EVT000_2	0003D9	17	人々を歓喜させた
1	EVT000_2	0003EA	23	しかし、力は欲望を生み
1	EVT000_2	000401	17	欲望は戦乱を生む
1	EVT000_2	000412	35	帝国と同じく旧世紀の力を手に入れた
1	EVT000_2	000435	19	周辺国家との戦争は
1	EVT000_2	000448	23	深刻化の一途をたどった
1	EVT000_2	00045F	21	自らの優勢を保つため
1	EVT000_2	000474	27	帝国は旧世紀の遣跡の発掘を
1	EVT000_2	00048F	19	強引に進める一方で
1	EVT000_2	0004A2	29	帝都に大規模な研究機関を設け
1	EVT000_2	0004BF	21	わずかずつではあるが
1	EVT000_2	0004D4	31	古の時代の謎に迫ろうとしていた
1	EVT000_2	0004F3	33	目的地4番発掘所まで、あと30分
1	EVT000_2	000514	37	帝都の作戦も順調に進行中です…しかし
1	EVT000_2	000539	1	
1	EVT000_2	00053A	31	あれを皇帝に渡すわけにはいかん
1	EVT000_2	000559	33	アーウェン、反逆の時は今しかない
1	EVT000_2	00057A	21	4番発掘所より入電！
1	EVT000_2	00058F	35	われ、攻性生物と遭遇…救助信号です
1	EVT000_2	0005B2	1	
1	EVT000_2	0005B3	13	ちょうどいい
1	EVT000_2	0005C0	33	向こうから呼んでくれているようだ
1	EVT000_2	0005E1	37	最大戦速、15分で到着すると伝えろ！
1	EVT000_2	000606	1	
1	EVT000_2	000607	1	
2	EVT000_3	000730	19	くそっ！ くそっ！
2	EVT000_3	000743	9	逃げろ！
2	EVT000_3	00074C	29	こいつはいつもの雑種じゃない
2	EVT000_3	000769	13	血統書つきだ
2	EVT000_3	000776	21	俺達の手には負えん！
2	EVT000_3	00078B	13	助けは呼んだ
2	EVT000_3	000798	29	エッジ、おまえは逃げるんだ…
2	EVT000_3	0007B5	13	バカ、無茶だ
2	EVT000_3	0007C2	15	何するつもりだ
2	EVT000_3	0007D1	17	エッジ、逃げろ！
2	EVT000_3	0007E2	9	ひ、人？
2	EVT000_3	0007EB	27	エッジ！ よそ見をするな！
2	EVT000_3	000806	9	足場だ！
2	EVT000_3	00080F	13	足場を狙え！
2	EVT000_3	00081C	19	奴はまだ死んでない
2	EVT000_3	00082F	21	早くここから出るんだ
3	EVT000_4	0008CC	7	隊長！
3	EVT000_4	0008D3	9	帝国軍？
3	EVT000_4	0008DC	31	待ってくれ…味方だ、俺達味方だ
3	EVT000_4	0008FB	7	味方？
3	EVT000_4	000902	21	ふん、さっきまではな
3	EVT000_4	000917	27	ツァスタバ、ザコにかまうな
3	EVT000_4	000932	19	あまり時間がない…
3	EVT000_4	000945	9	なぜだ？
3	EVT000_4	00094E	13	なぜ儀らを…
3	EVT000_4	00095B	17	それに…あれは…
3	EVT000_4	00096C	11	見たのか？
3	EVT000_4	000977	5	人だ
3	EVT000_4	00097C	9	女がいた
3	EVT000_4	000985	15	クレイメン閣下
3	EVT000_4	000994	27	もう、後戻りはできませんぞ
3	EVT000_4	0009AF	19	例のものを運び出す
3	EVT000_4	0009C2	25	急げ！ 『帝国軍』が来る
3	EVT000_4	0009DB	17	あれは……何だ？
3	EVT000_4	0009EC	15	畜生、待…て…
3	EVT000_4	0009FB	17	ガキめ、しぶとい
3	EVT000_4	000A0C	31	帝都の仕掛けもそろそろ作動する
3	EVT000_4	000A2B	17	次の作戦に移るぞ
4	EVT000_5	000AF4	7	同時刻
4	EVT000_5	000AFB	5	帝都
4	EVT000_5	000B00	33	帝都を中心とした半径1万リオン、
4	EVT000_5	000B21	19	完全に消滅しました
4	EVT000_5	000B34	25	アカデミーからの報告では
4	EVT000_5	000B4D	35	原因となった、地下の遣跡の暴走には
4	EVT000_5	000B70	35	人為的な手が加えられた跡があると…
4	EVT000_5	000B93	19	皇帝陛下、ご指示を
4	EVT000_5	000BA6	25	クレイメンめ…やりおるわ
4	EVT000_5	000BBF	25	まさか、我が帝国に取って
4	EVT000_5	000BD8	21	代わろうとするとはな
4	EVT000_5	000BED	31	だが、帝都を滅ぼしたこの力も、
4	EVT000_5	000C0C	31	『塔』に秘められた力に比べれば
4	EVT000_5	000C2B	19	赤子のようなものだ
4	EVT000_5	000C3E	29	あれさえ手に入れば、帝国など
4	EVT000_5	000C5B	19	何度でも再建できる
4	EVT000_5	000C6E	5	はっ
4	EVT000_5	000C73	17	クレイメンを追え
4	EVT000_5	000C84	31	奴が塔にたどり着く前に粉砕せよ
4	EVT000_5	000CA3	31	この、旗艦グリグオリグの力でな
4	EVT000_5	000CC2	1	
4	EVT000_5	000CC3	1	
5	EVT002	000D6C	17	…生きてる…！？
5	EVT002	000D7D	17	…助かったのか…
5	EVT002	000D8E	31	早く上に戻らないと…隊長達が…
5	EVT002	000DAD	1	
5	EVT002	000DAE	1	
5	EVT002	000DAF	1	
6	EVT004_2	000DD0	9	今のは…
6	EVT004_2	000DD9	21	乗れって…言うのか？
6	EVT004_2	000DEE	1	
6	EVT004_2	000DEF	1	
7	EVT008	000E08	7	隊長！
7	EVT008	000E0F	27	生きてたのか…よく無事で…
7	EVT008	000E2A	7	隊長！
7	EVT008	000E31	11	早く行け！
7	EVT008	000E3C	35	奴らは谷にそって…北へ向かってる…
7	EVT008	000E5F	29	あの男…クレイメン達を追え…
7	EVT008	000E7C	25	本物の帝国軍が来る前に…
7	EVT008	000E95	15	クレイメン！？
7	EVT008	000EA4	25	誰なんです、そいつは！？
7	EVT008	000EBD	9	それに、
7	EVT008	000EC6	35	なんで追わなきゃならないんです！？
7	EVT008	000EE9	17	帝国の特務部隊…
7	EVT008	000EFA	39	黒い艦隊を率いる男の話を聞いた事がある
7	EVT008	000F21	21	おそらくは…奴が……
7	EVT008	000F36	33	ここを見れば、帝国は俺達を疑う…
7	EVT008	000F57	27	あの発掘物を尋回する以外、
7	EVT008	000F72	31	おまえの生きのびる方法はない…
7	EVT008	000F91	19	胸の…ポケット……
7	EVT008	000FA4	7	そうだ
7	EVT008	000FAB	15	隊長、これは…
7	EVT008	000FBA	7	隊長？
7	EVT008	000FC1	9	隊長！！
7	EVT008	000FCA	1	
7	EVT008	000FCB	11	…くそっ…
7	EVT008	000FD6	17	…クレイメンめ…
7	EVT008	000FE7	1	
8	EVT016_1	0010B8	23	ここも…やられたのか…
8	EVT016_1	0010CF	11	やられた？
8	EVT016_1	0010DA	27	攻性生物…あの化け物どもさ
8	EVT016_1	0010F5	17	だが、何で突然…
8	EVT016_1	001106	25	俺はこの辺りを調べてくる
8	EVT016_1	00111F	35	悪いが、もう一晩だけつきあってくれ
8	EVT016_1	001142	1	
8	EVT016_1	001143	1	
9	EVT016_2	00117C	11	…ふうん、
9	EVT016_2	001187	21	で、こんなのと一緒に
9	EVT016_2	00119C	23	旅をする事になったのか
9	EVT016_2	0011B3	27	…俺達シーカーの間じゃあ、
9	EVT016_2	0011CE	37	ドラゴンは神様の使いって事になってる
9	EVT016_2	0011F3	21	もっとも、神様なんて
9	EVT016_2	001208	27	世界を護る存在がいるんなら
9	EVT016_2	001223	21	この村もこんな事には
9	EVT016_2	001238	23	ならなかっただろうがね
9	EVT016_2	00124F	37	ま、帝国じゃ逆の言われ方をしてるし、
9	EVT016_2	001274	25	本当のところはわからんよ
9	EVT016_2	00128D	5	逆？
9	EVT016_2	001292	27	旧世紀を滅ぼした悪魔だとよ
9	EVT016_2	0012AD	27	そりゃそうも言いたくなるさ
9	EVT016_2	0012C8	37	奴ら、何度も手痛い目にあってるからな
9	EVT016_2	0012ED	33	ま、その辺はあんたの方が詳しいか
9	EVT016_2	00130E	33	傭兵とはいえ、帝国にいたんだろ？
9	EVT016_2	00132F	27	で、これからどうするんだ？
9	EVT016_2	00134A	39	隊長には、クレイメンを追えって言われた
9	EVT016_2	001371	25	だけど、そうじゃなくても
9	EVT016_2	00138A	29	隊長やみんなの仇を討ちたい…
9	EVT016_2	0013A7	13	仇討ち、か…
9	EVT016_2	0013B4	17	ま、それもいいさ
9	EVT016_2	0013C5	17	どちらにしても、
9	EVT016_2	0013D6	33	よほどの目的がないとつらいからな
9	EVT016_2	0013F7	13	辺境の旅は…
9	EVT016_2	001404	33	じゃあ、あんたの目的は何なんだ？
9	EVT016_2	001425	7	俺か？
9	EVT016_2	00142C	17	聞いてどうする？
9	EVT016_2	00143D	13	え、い、いや
9	EVT016_2	00144A	1	
9	EVT016_2	00144B	1	
10	EVT016_3	001544	25	ある物、いや人を探してる
10	EVT016_3	00155D	37	『絶対の客人』とでも訳せばいいのかな
10	EVT016_3	001582	33	旧世紀の記録には、そう書いてある
10	EVT016_3	0015A3	15	絶対の客人…？
10	EVT016_3	0015B2	31	…悪いが、それ以上は言えんな…
10	EVT016_3	0015D1	39	そのクレイメンって奴は砂漠へ向かったぜ
10	EVT016_3	0015F8	9	えっ！？
10	EVT016_3	001601	27	そのせいで砂漠の攻性生物が
10	EVT016_3	00161C	21	ここに攻め込んだのさ
10	EVT016_3	001631	25	シーカーは死んでも仲間に
10	EVT016_3	00164A	25	情報を伝える術を知ってる
10	EVT016_3	001663	31	この村にいた仲間が残した遣言さ
10	EVT016_3	001682	1	
10	EVT016_3	001683	1	
11	EVT029	0016EC	29	クレイメンは…奴はどこだ！？
11	EVT029	001709	27	愚か者め…私は囮にすぎん…
11	EVT029	001724	23	閣下は今ごろ『塔』に…
11	EVT029	00173B	23	…おまえは…あの時の…
11	EVT029	001752	29	よくここまで追ってきたものだ
11	EVT029	00176F	27	だが、それもここで終わりだ
11	EVT029	00178A	15	あとは彼女が…
11	EVT029	001799	7	彼女？
11	EVT029	0017A0	15	…あいつは！！
11	EVT029	0017AF	1	
12	EVT040	001800	9	帝国軍！
12	EVT040	001809	19	おい！ おまえ！！
12	EVT040	00181C	13	侵入者だ！！
12	EVT040	001829	31	船内に拘留しておけ、出航が近い
13	EVT041	001870	31	おい、誰が寝ていいって言った！
13	EVT041	00188F	35	だから、何度も言ってる…じゃないか
13	EVT041	0018B2	25	儀らも襲われたんだって…
13	EVT041	0018CB	13	ふざけるなよ
13	EVT041	0018D8	23	このハンターくずれが！
13	EVT041	0018EF	33	クレイメンにいくらもらった、あ？
13	EVT041	001910	11	エッジ君、
13	EVT041	00191B	25	君はクレイメンという男を
13	EVT041	001934	19	よく知らないようだ
13	EVT041	001947	37	彼は『塔』の力を使い、再びこの世界を
13	EVT041	00196C	29	滅ぼそうと考えている男なのだ
13	EVT041	001989	35	旧世紀がそうやって滅びたようにね…
13	EVT041	0019AC	33	…かつて、一夜にして3つの大陸を
13	EVT041	0019CD	25	焼いたと言われる『塔』…
13	EVT041	0019E6	35	その力は、我々帝国にこそふさわしい
13	EVT041	001A09	27	そうは思わんかね、エッジ君
13	EVT041	001A24	33	言いたくなければそれでもいいがね
13	EVT041	001A45	25	聞く方法はいくらでもある
13	EVT041	001A5E	19	思ったよりねばる…
13	EVT041	001A71	33	このまま旗艦艦隊に引き渡しますか
13	EVT041	001A92	17	待て…これを見ろ
13	EVT041	001AA3	11	これは…！
13	EVT041	001AAE	15	クレイメンめ…
13	EVT041	001ABD	23	我々が思っている以上に
13	EVT041	001AD4	25	情報をつかんでいるようだ
13	EVT041	001AED	19	では、すでに塔へ？
13	EVT041	001B00	27	だとしても、ここで発掘した
13	EVT041	001B1B	17	あれを使えばよい
13	EVT041	001B2C	31	とにかく、陛下への報告を急ごう
13	EVT041	001B4B	1	
14	EVT043	001C3C	33	なんでこんなとこに？ って顔だな
14	EVT043	001C5D	21	ま、少し待てばわかる
14	EVT043	001C72	7	時間だ
14	EVT043	001C79	17	帝国戦艦ってのは
14	EVT043	001C8A	27	意外と隠れ場所があってな、
14	EVT043	001CA5	37	帝国がやばい物を発掘したっていうから
14	EVT043	001CCA	21	便乗して見に来たのさ
14	EVT043	001CDF	37	おまえがいるとは思いもしなかったが…
14	EVT043	001D04	11	立てるか？
14	EVT043	001D0F	31	見かけのわりには大丈夫そうだな
14	EVT043	001D2E	9	行くぞ！
14	EVT043	001D37	19	行くって…どこに？
14	EVT043	001D4A	19	甲板に脱出するんだ
14	EVT043	001D5D	27	相棒が待ってる、おまえのな
14	EVT043	001D78	7	早く！
14	EVT043	001D7F	1	
15	EVT054	001E00	13	あいつは！！
15	EVT054	001E0D	11	礼を言うぜ
15	EVT054	001E18	31	わざわざ、ウルのガーディアンを
15	EVT054	001E37	27	復活させてくれるとはな！！
15	EVT054	001E52	39	あんたの仲間も、あの世で大喜びだぜぇ！
15	EVT054	001E79	19	何も知らねえガキが
15	EVT054	001E8C	33	クレイメン閣下にたてつくなんざ、
15	EVT054	001EAD	19	お笑いぐさだぜ！！
15	EVT054	001EC0	37	そこで攻性生物のエサにでもなりな！！
15	EVT054	001EE5	1	
15	EVT054	001EE6	1	
15	EVT054	001EE7	1	
16	EVT060_1	001F38	19	地下には来たけど…
16	EVT060_1	001F4B	21	ドラゴンなしじゃな…
16	EVT060_1	001F60	17	どうすりゃいい…
16	EVT060_1	001F71	7	撃つな
16	EVT060_1	001F78	35	生き残りがいる事を知らせてどうする
16	EVT060_1	001F9B	21	敵の数が増えるだけだ
16	EVT060_1	001FB0	21	奴らには目も耳もない
16	EVT060_1	001FC5	29	じっとしてれば通りすぎていく
16	EVT060_1	001FE2	11	銃を下ろせ
16	EVT060_1	001FED	25	こっちへゆっくり出てこい
16	EVT060_1	002006	35	銃を下ろすかどうかはそれから決める
16	EVT060_1	002029	29	出られるならとっくに出てる…
16	EVT060_1	002046	1	
16	EVT060_1	002047	1	
17	EVT060_2	0020B0	15	助けてもいいぞ
17	EVT060_2	0020BF	31	塔への道を教えてくれるのならな
17	EVT060_2	0020DE	27	すでに塔への入□は封印した
17	EVT060_2	0020F9	35	そんな事より生きのびる方法を考えろ
17	EVT060_2	00211C	35	生きのびる方法？ どういう意味だ？
17	EVT060_2	00213F	27	ここの攻性生物の戦闘能力は
17	EVT060_2	00215A	15	かなりのものだ
17	EVT060_2	002169	31	一人で戦って勝てる相手ではない
17	EVT060_2	002188	21	私も、この足だからな
17	EVT060_2	00219D	19	とても脱出は無理だ
17	EVT060_2	0021B0	23	一時休戦…ってことか？
17	EVT060_2	0021C7	39	いいだろう、だけど地上に出られるまでだ
17	EVT060_2	0021EE	39	それにあんたには聞きたい事が山ほどある
17	EVT060_2	002215	35	その前に、ここを早く離れた方がいい
17	EVT060_2	002238	17	聞こえるだろう？
17	EVT060_2	002249	25	裏側に起動スイッチがある
17	EVT060_2	002262	17	それを押せば動く
17	EVT060_2	002273	15	戦闘装備…作動
17	EVT060_2	002282	23	その銃とシンクロさせる
17	EVT060_2	002299	25	私が船をコントロールする
17	EVT060_2	0022B2	27	敵が来た時の処理はまかせる
17	EVT060_2	0022CD	37	ドラゴンをコントロールできるのなら、
17	EVT060_2	0022F2	13	できるはずだ
17	EVT060_2	0022FF	1	
18	EVT067	0023C0	31	くそっ、やっぱり追ってきたか！
18	EVT067	0023DF	1	
19	EVT068_1	0023F0	29	あとはこれが上へ運んでくれる
19	EVT068_1	00240D	21	もう追ってこないかな
19	EVT068_1	002422	23	奴らは巣からは離れない
19	EVT068_1	002439	23	これ以上は追ってこない
19	EVT068_1	002450	17	…そう願いたいな
19	EVT068_1	002461	9	食うか？
19	EVT068_1	00246A	39	そういえば、君の名前も聞いてなかったな
19	EVT068_1	002491	7	アゼル
19	EVT068_1	002498	19	変わった…名前だな
19	EVT068_1	0024AB	39	私が眠ってたベッドに、そう記されていた
19	EVT068_1	0024D2	9	ベッド？
19	EVT068_1	0024DB	21	数千年間、いた場所だ
19	EVT068_1	0024F0	27	…私は、おまえたちとは違う
19	EVT068_1	00250B	23	見た目は人間に近いが、
19	EVT068_1	002522	29	中身はさっきまで戦ってた彼ら
19	EVT068_1	00253F	25	攻性生物の方にずっと近い
19	EVT068_1	002558	25	ただ、与えられた力が違う
19	EVT068_1	002571	11	それだけだ
19	EVT068_1	00257C	9	…力…？
19	EVT068_1	002585	1	
19	EVT068_1	002586	1	
19	EVT068_1	002587	1	
20	EVT068_2	002628	19	…なぜ、儀と戦う？
20	EVT068_2	00263B	29	あのひとの邪魔をするからだ…
20	EVT068_2	002658	27	なぜ、そうまでして奴を守る
20	EVT068_2	002673	31	あのひとはこの世界を守ろうと…
20	EVT068_2	002692	29	あるべき姿にしようとしている
20	EVT068_2	0026AF	37	それを邪魔する者は誰も近づけさせない
20	EVT068_2	0026D4	11	…バカな！
20	EVT068_2	0026DF	23	奴は薄汚い裏切り者だ！
20	EVT068_2	0026F6	29	『塔』の力を手に入れるために
20	EVT068_2	002713	23	隊長達を殺したんだ！！
20	EVT068_2	00272A	29	アゼル、君はだまされてるんだ
20	EVT068_2	002747	31	たとえそうでも、あのひとは私を
20	EVT068_2	002766	29	永遠の闇から呼び戻してくれた
20	EVT068_2	002783	31	だから、あのひとのために戦う…
20	EVT068_2	0027A2	27	儀は、あの発掘所にいたんだ
20	EVT068_2	0027BD	25	あそこは退屈だったけど、
20	EVT068_2	0027D6	27	そんなに悪い所じゃなかった
20	EVT068_2	0027F1	17	みんながいたし…
20	EVT068_2	002802	31	それが、君が発掘されたとたんに
20	EVT068_2	002821	17	全て終わったんだ
20	EVT068_2	002832	39	わけもわからないうちに味方に攻撃されて
20	EVT068_2	002859	33	今じゃ、帝国軍にまで追われてる…
20	EVT068_2	00287A	11	すまない…
20	EVT068_2	002885	11	…えっ…？
20	EVT068_2	002890	11	違うのか？
20	EVT068_2	00289B	35	こういう時はそう言って謝るんだって
20	EVT068_2	0028BE	13	あのひとが…
20	EVT068_2	0028CB	15	ひとつ聞きたい
20	EVT068_2	0028DA	23	なぜ、ドラゴンを操れる
20	EVT068_2	0028F1	37	あれは普通の人間に扱えるものではない
20	EVT068_2	002916	37	儀にもわからない…だけどドラゴンって
20	EVT068_2	00293B	7	何！？
20	EVT068_2	002942	11	追ってきた
20	EVT068_2	00294D	1	
20	EVT068_2	00294E	1	
20	EVT068_2	00294F	1	
21	EVT068_3	002A60	11	だめか…！
21	EVT068_3	002A6B	1	
22	EVT072	002A7C	37	…これ以上、あのひとの邪魔をするな…
22	EVT072	002AA1	7	えっ？
22	EVT072	002AA8	15	…でなければ…
22	EVT072	002AB7	37	おまえを、殺さなければならなくなる…
23	EVT089	002B04	15	ひさしぶりだな
23	EVT089	002B13	21	正直言って驚いたよ…
23	EVT089	002B28	39	まさか君が噂のドラゴン使いだったとはな
23	EVT089	002B4F	13	それだけか？
23	EVT089	002B5C	27	儀の事を覚えているのなら、
23	EVT089	002B77	27	自分があそこで何をしたかも
23	EVT089	002B92	21	覚えているはずだ！！
23	EVT089	002BA7	17	あの発掘所でな！
23	EVT089	002BB8	29	エッジ君、これは戦争なのだよ
23	EVT089	002BD5	27	世界を破滅から守るためのね
23	EVT089	002BF0	37	その鍵ともいうべきアゼルを手に入れる
23	EVT089	002C15	35	それにはああいう方法しかなかった…
23	EVT089	002C38	21	もっとも、帝国はまだ
23	EVT089	002C4D	27	あきらめていないようだが…
23	EVT089	002C68	29	君に会いに来たのはその事だ…
23	EVT089	002C85	11	撃つな！！
23	EVT089	002C90	15	クレイメン！！
23	EVT089	002C9F	11	大丈夫か！
23	EVT089	002CAA	23	…くそっ、逃がしたか…
23	EVT089	002CC1	35	やっぱり、帝国の奴らだったんだろ？
23	EVT089	002CE4	37	昼間から、なんか怪しいと思ってたんだ
23	EVT089	002D09	33	どうだ！ 俺も役に立つもんだろ…
23	EVT089	002D2A	21	どうした？ エッジ！
23	EVT089	002D3F	17	いや…何でもない
23	EVT089	002D50	17	何でもないんだ…
23	EVT089	002D61	13	クレイメン…
23	EVT089	002D6E	1	
23	EVT089	002D6F	1	
24	EVT117	002E48	13	しまった！！
24	EVT117	002E55	15	間に合うのか…
24	EVT117	002E64	11	…帝国軍…
24	EVT117	002E6F	11	新手か！！
24	EVT117	002E7A	7	奴ら…
24	EVT117	002E81	25	そんな…そんなバカな！？
24	EVT117	002E9A	1	
24	EVT117	002E9B	1	
25	EVT122_1	002ED4	27	アゼルはそこに下ろしたまえ
25	EVT122_1	002EEF	11	こっちだ…
25	EVT122_1	002EFA	1	
25	EVT122_1	002EFB	1	
26	EVT122_2	002F14	23	また君に借りができたな
26	EVT122_2	002F2B	9	見たまえ
26	EVT122_2	002F34	23	帝国軍の最後の切り札、
26	EVT122_2	002F4B	23	旗艦『グリグオリグ』だ
26	EVT122_2	002F62	27	人間の扱う物ではないのだ…
26	EVT122_2	002F7D	33	あの戦艦も、塔も…旧世紀の全てが
26	EVT122_2	002F9E	21	…おまえはどうなんだ
26	EVT122_2	002FB3	21	自分だけ特別扱いか？
26	EVT122_2	002FC8	17	…ついて来たまえ
26	EVT122_2	002FD9	21	君に見せたい物がある
26	EVT122_2	002FEE	1	
26	EVT122_2	002FEF	1	
27	EVT122_3	003048	5	水？
27	EVT122_3	00304D	19	ウルへと通じている
27	EVT122_3	003060	29	…これがこの『塔』と呼ばれる
27	EVT122_3	00307D	19	遣跡の役目なのだよ
27	EVT122_3	003090	17	すでに死んだ星に
27	EVT122_3	0030A1	33	人類が生き続ける環境を作ること…
27	EVT122_3	0030C2	37	我々は目に見えない旧世紀の力によって
27	EVT122_3	0030E7	17	守られているのだ
27	EVT122_3	0030F8	27	ここに来るまでに見ただろう
27	EVT122_3	003113	21	あの大量の攻性生物を
27	EVT122_3	003128	29	あれも塔から生まれ出たものだ
27	EVT122_3	003145	29	彼らは生態系の管理者なのだよ
27	EVT122_3	003162	17	その行動の全てが
27	EVT122_3	003173	35	人類を滅亡から守るためのものなのだ
27	EVT122_3	003196	15	守るだって！？
27	EVT122_3	0031A5	15	一体どこが！！
27	EVT122_3	0031B4	9	いいかね
27	EVT122_3	0031BD	29	君も帝国に関わってきたのなら
27	EVT122_3	0031DA	13	わかるだろう
27	EVT122_3	0031E7	21	彼らが行ってきたのは
27	EVT122_3	0031FC	31	終りない資源の浪費と戦争だけだ
27	EVT122_3	00321B	25	…塔によって再生しても、
27	EVT122_3	003234	31	我々人類はそれをあっという間に
27	EVT122_3	003253	15	消費してしまう
27	EVT122_3	003262	15	誰かが…そう、
27	EVT122_3	003271	35	人間以外の誰かがコントロールせねば
27	EVT122_3	003294	27	我々は自分の首を絞め続ける
27	EVT122_3	0032AF	9	永遠にな
27	EVT122_3	0032B8	27	そう考えた旧世紀の賢人達に
27	EVT122_3	0032D3	21	全てが仕組まれたのだ
27	EVT122_3	0032E8	39	塔や攻性生物を含む、この世界の全てが…
27	EVT122_3	00330F	1	
28	EVT122_4	003410	39	むろん、旧世紀の人間達にも反対者はいた
28	EVT122_4	003437	27	両者の長い戦いの時が過ぎて
28	EVT122_4	003452	37	…最後に反対者によって作られたものが
28	EVT122_4	003477	7	これだ
28	EVT122_4	00347E	31	塔を外部から破壊する事は難しい
28	EVT122_4	00349D	25	だが、その内部に潜入し、
28	EVT122_4	0034B6	29	コントロールを尋う事はできる
28	EVT122_4	0034D3	29	特に、それが攻性生物ならばな
28	EVT122_4	0034F0	39	…アゼルはそのために作られた兵器なのだ
28	EVT122_4	003517	31	皇帝はそれを知り、彼女を探した
28	EVT122_4	003536	31	私はそれを知り、彼女を強尋した
28	EVT122_4	003555	15	そう、彼女を…
28	EVT122_4	003564	33	アゼルを旧世紀の使命から解放し、
28	EVT122_4	003585	29	新たな目的を与えるためにな…
28	EVT122_4	0035A2	11	帝国軍！？
28	EVT122_4	0035AD	17	彼らは手に入る力
28	EVT122_4	0035BE	27	全てを手にしようとしている
28	EVT122_4	0035D9	11	愚かな事だ
28	EVT122_4	0035E4	29	ただの兵器ですら扱いきれず、
28	EVT122_4	003601	35	その力に振り回されているというのに
28	EVT122_4	003624	35	だが、もう止められる者は誰もいない
28	EVT122_4	003647	23	…いや、君ひとりだけだ
28	EVT122_4	00365E	17	儀にどうしろと？
28	EVT122_4	00366F	7	何も…
28	EVT122_4	003676	35	私は、ただありのままを話しただけだ
28	EVT122_4	003699	19	これからどうするか
28	EVT122_4	0036AC	21	君自身が決めればいい
28	EVT122_4	0036C1	9	儀は…、
28	EVT122_4	0036CA	35	儀はまだおまえを許したわけじゃない
28	EVT122_4	0036ED	1	
28	EVT122_4	0036EE	1	
28	EVT122_4	0036EF	1	
29	EVT127_1	0037E0	9	ダメだ！
29	EVT127_1	0037E9	23	役者がそろったようだな
29	EVT127_1	003800	37	クレイメン、貴様には罪を償ってもらう
29	EVT127_1	003825	29	そっちのハンターは我々の手で
29	EVT127_1	003842	21	徹底した実験が必要だ
29	EVT127_1	003857	25	ドラゴンの力を使えるのだ
29	EVT127_1	003870	23	普通の人間じゃあるまい
29	EVT127_1	003887	39	皇帝たる私に銃を向けるとは、クレイメン
29	EVT127_1	0038AE	21	その罪は万死に値する
29	EVT127_1	0038C3	11	永かった…
29	EVT127_1	0038CE	33	ようやくこの力を我が物にできる…
29	EVT127_1	0038EF	33	さあ、アゼルよ、扉を開けるのだ！
29	EVT127_1	003910	35	我々人類の輝かしい未来への扉をな！
29	EVT127_1	003933	11	な…何だ…
29	EVT127_1	00393E	1	
29	EVT127_1	00393F	1	
30	EVT127_2	0039B8	9	今のは…
30	EVT127_2	0039C1	23	アゼル…そうか、塔を…
30	EVT127_2	0039D8	17	エッジ君…後は…
30	EVT127_2	0039E9	5	頼む
30	EVT127_2	0039EE	1	
30	EVT127_2	0039EF	1	
31	EVT134_1	003A18	7	来たか
31	EVT134_1	003A1F	15	ついて来てくれ
31	EVT134_1	003A2E	25	話しておきたい事がある…
31	EVT134_1	003A47	21	あの攻性生物の群れ…
31	EVT134_1	003A5C	17	それに帝国軍は？
31	EVT134_1	003A6D	9	心配ない
31	EVT134_1	003A76	19	部下達が監視してる
31	EVT134_1	003A89	25	動きがあればわかるはずだ
31	EVT134_1	003AA2	7	部下？
31	EVT134_1	003AA9	23	シーカーってのは高度に
31	EVT134_1	003AC0	19	組織化された集団だ
31	EVT134_1	003AD3	35	世間には、ただの盗掘者集団みたいに
31	EVT134_1	003AF6	15	思わせてるがな
31	EVT134_1	003B05	33	今は俺がそのシーカー達を束ねてる
31	EVT134_1	003B26	13	意外だったか
31	EVT134_1	003B33	31	誰もこんな人間がリーダーだとは
31	EVT134_1	003B52	11	思わない…
31	EVT134_1	003B5D	37	シーカーって集団がまさにそれなのさ…
31	EVT134_1	003B82	1	
31	EVT134_1	003B83	1	
32	EVT134_2	003C1C	7	ここだ
32	EVT134_2	003C23	9	すごい…
32	EVT134_2	003C2C	27	シーカーはもう200年近く
32	EVT134_2	003C47	25	旧世紀の研究を続けている
32	EVT134_2	003C60	35	おまえに会ったのだって偶然じゃない
32	EVT134_2	003C83	27	ドラゴンを手に入れた人間を
32	EVT134_2	003C9E	25	野放しにはできないんでな
32	EVT134_2	003CB7	33	ずっと、行動を監視させてもらった
32	EVT134_2	003CD8	31	じゃあ、儀を助けてくれた時も…
32	EVT134_2	003CF7	13	そういう事だ
32	EVT134_2	003D04	29	全てはこいつを破壊するためだ
32	EVT134_2	003D21	25	帝国が塔と呼び追い求め、
32	EVT134_2	003D3A	35	クレイメンが守ろうとした全ての源…
32	EVT134_2	003D5D	19	ちょっと待ってくれ
32	EVT134_2	003D70	39	あんたは、いやあんた達は一体何者なんだ
32	EVT134_2	003D97	33	シーカーが組織だっていったけど、
32	EVT134_2	003DB8	19	じゃあその目的は？
32	EVT134_2	003DCB	17	なぜ正体を隠す？
32	EVT134_2	003DDC	31	全てはこの世界を取り戻すためだ
32	EVT134_2	003DFB	13	せ…世界！？
32	EVT134_2	003E08	25	そうだ、そのために塔を…
32	EVT134_2	003E21	35	いや、旧世紀の遣跡、全てを破壊する
32	EVT134_2	003E44	13	塔を破壊！？
32	EVT134_2	003E51	17	だって、あれは…
32	EVT134_2	003E62	27	…クレイメンに聞いたのか…
32	EVT134_2	003E7D	33	確かに、奴の言う通りこれは世界を
32	EVT134_2	003E9E	23	再生させるためのものだ
32	EVT134_2	003EB5	27	こいつらに管理されていれば
32	EVT134_2	003ED0	15	「滅亡」はない
32	EVT134_2	003EDF	25	だが、生きてるんじゃない
32	EVT134_2	003EF8	19	生かされてるだけだ
32	EVT134_2	003F0B	9	しかし…
32	EVT134_2	003F14	35	エッジ、初めて会った時に行った村を
32	EVT134_2	003F37	13	覚えてるか？
32	EVT134_2	003F44	5	ああ
32	EVT134_2	003F49	17	俺達シーカーは、
32	EVT134_2	003F5A	39	ああいった、攻性生物にやられた街や村の
32	EVT134_2	003F81	17	生き残りなんだ…
32	EVT134_2	003F92	27	正義は俺達にないかもしれん
32	EVT134_2	003FAD	25	だが、エゴと言われようと
32	EVT134_2	003FC6	33	なんと言われようと人間はあがく…
32	EVT134_2	003FE7	19	俺達も例外じゃない
32	EVT134_2	003FFA	23	そして、そのためには…
32	EVT134_2	004011	17	アゼルが必要…か
32	EVT134_2	004022	1	
32	EVT134_2	004023	1	
33	EVT134_3	00418C	25	しかし、それだけじゃない
33	EVT134_3	0041A5	25	塔の機能を止めるためには
33	EVT134_3	0041BE	19	こいつが必要なんだ
33	EVT134_3	0041D1	13	ドラゴン！？
33	EVT134_3	0041DE	27	各地に散らばる塔や遣跡は、
33	EVT134_3	0041F9	27	過去に全てドラゴンによって
33	EVT134_3	004214	23	その機能を尋われている
33	EVT134_3	00422B	21	『絶対の客人』とは、
33	EVT134_3	004240	33	ドラゴンそのものの事だったのさ！
33	EVT134_3	004261	33	アゼルにはドラゴンを導いてもらう
33	EVT134_3	004282	27	彼女が協力してくれるのか？
33	EVT134_3	00429D	9	わからん
33	EVT134_3	0042A6	21	だが、旧世紀の亡霊に
33	EVT134_3	0042BB	35	生かされ続けるのは、もうごめんだ！
33	EVT134_3	0042DE	15	俺達がもう一度
33	EVT134_3	0042ED	27	自分で歩きはじめる為には…
33	EVT134_3	004308	19	アゼルが必要なんだ
33	EVT134_3	00431B	39	詳しくは「編み人」のザドクが知っている
33	EVT134_3	004342	15	話を聞いてくれ
33	EVT134_3	004351	21	すべては、それからだ
33	EVT134_3	004366	21	俺は他にやる事がある
33	EVT134_3	00437B	27	この場所は自由に使ってくれ
33	EVT134_3	004396	9	エッジ、
33	EVT134_3	00439F	35	おまえ、戦いっぱなしだったんだろ？
33	EVT134_3	0043C2	19	ゆっくり休むといい
33	EVT134_3	0043D5	1	
33	EVT134_3	0043D6	1	
33	EVT134_3	0043D7	1	
34	EVT135	0044A8	9	様子は？
34	EVT135	0044B1	11	大丈夫か？
34	EVT135	0044BC	25	うなされてたみたいだけど
34	EVT135	0044D5	15	うなされてた？
34	EVT135	0044E4	25	ああ、悪い夢でも見たのか
34	EVT135	0044FD	21	あのひとを殺したの…
34	EVT135	004512	7	私が…
34	EVT135	004519	9	…夢…？
34	EVT135	004522	13	そうか…夢…
34	EVT135	00452F	5	何？
34	EVT135	004534	39	夢を見るのが初めてみたいな□ぶりだな…
34	EVT135	00455B	9	初めてよ
34	EVT135	004564	33	今までは、こんなことはなかった…
34	EVT135	004585	17	…あのひとは！？
34	EVT135	004596	9	死んだよ
34	EVT135	00459F	31	クレイメンは攻性生物に殺された
34	EVT135	0045BE	25	だけど、奴は本望だろうよ
34	EVT135	0045D7	17	自分の主張通り、
34	EVT135	0045E8	27	間引かれて死んだんだからな
34	EVT135	004603	29	あんたが起こした攻性生物にな
34	EVT135	004620	11	ガッシュ！
34	EVT135	00462B	19	そんな目で見るなよ
34	EVT135	00463E	31	俺だって彼女が憎いわけじゃない
34	EVT135	00465D	35	ただ、誰が敵か気づいてほしいだけだ
34	EVT135	004680	13	現れました！
34	EVT135	00468D	27	方位07、2500リオン、
34	EVT135	0046A8	19	…ものすごい数です
34	EVT135	0046BB	11	どっちだ！
34	EVT135	0046C6	35	攻性生物と…グリグオリグ、両方です
34	EVT135	0046E9	11	わかった、
34	EVT135	0046F4	17	すぐ監視台に行く
34	EVT135	004705	21	しばらく、一人にして
34	EVT135	00471A	15	ちょっと待って
34	EVT135	004729	29	…まだ…名前も聞いてなかった
34	EVT135	004746	13	儀は…エッジ
34	EVT135	004753	9	エッジ…
34	EVT135	00475C	11	ありがとう
34	EVT135	004767	1	
35	EVT137	004898	39	…主を失ってもその行動を止めはしないか
35	EVT137	0048BF	39	…艦橋に攻性生物がびっしりはりついてる
35	EVT137	0048E6	25	おそらく生存者はいまい…
35	EVT137	0048FF	9	じゃあ…
35	EVT137	004908	21	コントロールを失って
35	EVT137	00491D	29	手当たりしだいに攻撃している
35	EVT137	00493A	35	今の奴は、敵味方の区別なく攻撃する
35	EVT137	00495D	23	ただの殺殲兵器にすぎん
35	EVT137	004974	31	第2次防衛線までは放来させろ！
35	EVT137	004993	25	急げよ！ 時間がない！！
35	EVT137	0049AC	19	エッジ、頼めるか？
35	EVT137	0049BF	35	あのデカブツだけは俺達の手に負えん
35	EVT137	0049E2	37	そのつもりで儀をここに置いてたんだろ
35	EVT137	004A07	1	
36	EVT144	004A78	21	ここも、もう終わりだ
36	EVT144	004A8D	27	廃来して次の居場所を探す…
36	EVT144	004AA8	17	一緒に来ないか？
36	EVT144	004AB9	33	塔は…セストレンはどうするんだ？
36	EVT144	004ADA	19	この少ない戦力じゃ
36	EVT144	004AED	23	とても勝ち目などない…
36	EVT144	004B04	23	セストレンを倒す以前に
36	EVT144	004B1B	37	俺はこの里の人間を守らなきゃならない
36	EVT144	004B40	39	生きのびさえすれば、また戦える時が来る
36	EVT144	004B67	17	20年、30年…
36	EVT144	004B78	35	いや、もっと後になるかもしれんがな
36	EVT144	004B9B	23	儀はもう一度、塔に行く
36	EVT144	004BB2	29	ドラゴンもそれを望んでるし…
36	EVT144	004BCF	15	儀が塔へ行けば
36	EVT144	004BDE	25	攻性生物を引きつけられる
36	EVT144	004BF7	33	ガッシュ達は、その間に逃げてくれ
36	EVT144	004C18	13	あとは…儀が
36	EVT144	004C25	19	だが、どうやって？
36	EVT144	004C38	15	アゼルはまだ…
36	EVT144	004C47	11	私も行くわ
36	EVT144	004C52	27	私が行って、彼とドラゴンを
36	EVT144	004C6D	21	セストレンに送ります
36	EVT144	004C82	29	…だけど、かんちがいしないで
36	EVT144	004C9F	25	それが旧世紀に与えられた
36	EVT144	004CB8	21	役目だからじゃないわ
36	EVT144	004CCD	27	あのひとの言っていたこと、
36	EVT144	004CE8	29	この人たちの言っていること、
36	EVT144	004D05	31	どちらが正しいのかはわからない
36	EVT144	004D24	15	だからエッジ、
36	EVT144	004D33	31	あなたに行って確かめてほしいの
36	EVT144	004D52	39	…そこに、セストレンに何があるのかを…
36	EVT144	004D79	9	すまん…
36	EVT144	004D82	9	エッジ、
36	EVT144	004D8B	37	俺達が最初に会った渓谷があっただろう
36	EVT144	004DB0	13	覚えてるか？
36	EVT144	004DBD	5	ああ
36	EVT144	004DC2	33	帰って来たら、あそこで再会しよう
36	EVT144	004DE3	21	いいか、約束だからな
37	EVT152	004F30	11	はじめるわ
37	EVT152	004F3B	13	扉を開きます
37	EVT152	004F48	19	早く、ドラゴンへ…
37	EVT152	004F5B	17	アゼル、君は！？
37	EVT152	004F6C	17	私はここに残るわ
37	EVT152	004F7D	27	まだ、やることがあるから…
37	EVT152	004F98	11	何だって？
37	EVT152	004FA3	35	あなたをセストレンに送ると同時に、
37	EVT152	004FC6	23	この『塔』を破壊します
37	EVT152	004FDD	39	そうすれば、あの人たちは無事逃げられる
37	EVT152	005004	11	そんな！？
37	EVT152	00500F	29	…アゼル、君はどうなるんだ？
37	EVT152	00502C	27	わからない、だけど大丈夫…
37	EVT152	005047	21	死ぬわけじゃないわ…
37	EVT152	00505C	7	早く！
37	EVT152	005063	9	本当は…
37	EVT152	00506C	29	もう、一人にはなりたくない…
37	EVT152	005089	15	だけど…私は…
37	EVT152	005098	23	必ず…必ず帰ってくる！
37	EVT152	0050AF	11	だから！！
37	EVT152	0050BA	25	それまで待っててくれ！！
37	EVT152	0050D3	1	
38	EVT155_1	005184	29	エラー…消去未遂…追撃せよ…
38	EVT155_1	0051A1	1	
38	EVT155_1	0051A2	1	
38	EVT155_1	0051A3	1	
39	EVT155_2	0051B4	35	ポイント確認…シェルクーフを起動…
39	EVT155_2	0051D7	1	
40	EVT155_3	0051E8	29	最近、やけに変種が生まれる…
40	EVT155_3	005205	1	
40	EVT155_3	005206	1	
40	EVT155_3	005207	1	
41	EVT155_4	005218	21	エラーの封印を確認…
41	EVT155_4	00522D	1	
41	EVT155_4	00522E	1	
41	EVT155_4	00522F	1	
42	EVT155_5	005240	39	エラーの復活を確認……再度、封印せよ…
42	EVT155_5	005267	25	…Dタイプ01起動確認…
43	EVT160_1	005298	15	これで終わる…
43	EVT160_1	0052A7	27	この声…ドラゴンなのか！？
43	EVT160_1	0052C2	21	旧世紀の残した遣跡、
43	EVT160_1	0052D7	25	全ては今、私と共にある…
43	EVT160_1	0052F0	37	さあ、私を殺してくれ『絶対の客人』よ
43	EVT160_1	005315	31	…そのために私は帰ってきたのだ
43	EVT160_1	005334	35	絶対の客人？ それってドラゴンの…
43	EVT160_1	005357	15	そうではない…
43	EVT160_1	005366	17	どういう意味だ？
43	EVT160_1	005377	39	私は『絶対の客人』を導く存在にすぎない
43	EVT160_1	00539E	21	旧世紀の呪縛を解き、
43	EVT160_1	0053B3	31	世界を再び人の手に戻せるのは、
43	EVT160_1	0053D2	35	外の世界よりドラゴンに導かれた者…
43	EVT160_1	0053F5	4	『<01>
43	EVT160_1	0053F9	17	』…君だけなのだ
43	EVT160_1	00540A	19	『絶対の客人』よ…
43	EVT160_1	00541D	27	世界を人の手に返そうとした
43	EVT160_1	005438	25	あの時から始まった旅の…
43	EVT160_1	005451	27	そして、数千年に渡る使命が
43	EVT160_1	00546C	21	終焉する時が来たのだ
43	EVT160_1	005481	27	さあ、…ボタンを押してくれ
43	EVT160_1	00549C	27	…少年、エッジに宿りし魂…
43	EVT160_1	0054B7	4	『<01>
43	EVT160_1	0054BB	5	』よ
43	EVT160_1	0054C0	25	再び、全てを始めるために
43	EVT160_1	0054D9	1	
43	EVT160_1	0054DA	1	
43	EVT160_1	0054DB	1	
44	EVT160_2	00559C	13	…ありがとう
44	EVT160_2	0055A9	19	…そして…すまない
44	EVT160_2	0055BC	23	そうか、君が儀の中に…
44	EVT160_2	0055D3	19	君こそが『絶対の…
44	EVT160_2	0055E6	1	
44	EVT160_2	0055E7	1	
45	EVT161_1	005610	17	…もうそろそろ…
45	EVT161_1	005621	11	わかってる
45	EVT161_1	00562C	25	お気持ちはわかりますが…
45	EVT161_1	005645	17	もう水も食料も…
45	EVT161_1	005656	13	わかってる！
45	EVT161_1	005663	17	明朝、ここを出る
45	EVT161_1	005674	19	準備を…始めてくれ
45	EVT161_1	005687	17	目的のない旅…か
45	EVT161_1	005698	11	…エッジ…
45	EVT161_1	0056A3	1	
46	EVT161_2	0056F4	13	…西に行く？
46	EVT161_2	005701	15	やめた方がいい
46	EVT161_2	005710	31	攻性生物は減ったが、嵐が激しい
46	EVT161_2	00572F	27	命を捨てに行くようなもんだ
46	EVT161_2	00574A	35	なあ、そこまでするほどの奴なのか？
46	EVT161_2	00576D	23	あんたの探してる人って
46	EVT161_2	005784	29	あんたも、その人もゾアの街に
46	EVT161_2	0057A1	19	由縁があるんだろ？
46	EVT161_2	0057B4	35	せっかくあの戦乱を生きのびたんだ…
46	EVT161_2	0057D7	13	それなのに…
46	EVT161_2	0057E4	7	なあ、
46	EVT161_2	0057EB	35	この砂漠を越えたとこで街を造ってる
46	EVT161_2	00580E	19	あんたも来ないか？
46	EVT161_2	005821	33	人手はいくらあっても足りないんだ
46	EVT161_2	005842	1	
46	EVT161_2	005843	1	
