scope	char	index
base	너	12
base	네	13
base	녀	14
base	더	15
base	데	16
base	되	17
base	드	18
base	레	19
base	려	20
base	르	21
base	미	22
base	바	23
base	배	24
base	버	25
base	소	26
base	싸	27
base	얘	28
base	여	29
base	예	30
base	오	31
base	가	32
base	거	33
base	게	34
base	고	35
base	구	36
base	그	37
base	기	38
base	까	39
base	나	40
base	내	41
base	니	42
base	다	43
base	대	44
base	도	45
base	라	46
base	래	47
base	러	48
base	로	49
base	리	50
base	마	51
base	모	52
base	무	53
base	보	54
base	부	55
base	비	56
base	사	57
base	있	72
base	적	73
base	전	74
base	정	75
base	품	76
base	한	77
base	,	78
base	.	79
base	?	80
base	!	81
base	서	83
base	세	84
base	수	85
base	스	86
base	시	87
base	아	88
base	야	89
base	어	90
base	에	91
base	우	92
base	위	93
base	으	94
base	의	95
base	이	96
base	자	97
base	저	98
base	제	99
base	지	100
base	하	101
base	해	102
base	히	103
base	것	104
base	격	105
base	경	106
base	공	107
base	군	108
base	길	109
base	놈	110
base	는	111
base	동	112
base	를	113
base	만	114
base	말	115
base	면	116
base	물	117
base	상	118
base	생	119
base	안	120
base	않	121
base	없	122
base	은	123
base	을	124
base	인	125
base	입	126
base	었	128
base	당	131
base	됩	132
base	들	133
base	런	134
base	력	135
base	록	136
base	맵	137
base	멘	138
base	명	139
base	목	140
base	반	141
base	발	142
base	방	143
base	번	144
base	변	145
base	실	146
base	심	147
base	알	148
base	았	149
base	언	150
base	불	151
base	산	152
base	석	153
base	선	154
base	성	155
base	카	156
base	커	157
base	크	158
base	타	159
base	태	160
base	터	161
base	트	162
base	파	163
base	포	164
base	표	165
base	프	166
base	호	167
base	화	168
base	각	169
base	간	170
base	국	171
base	궁	172
base	극	173
base	난	174
base	능	175
base	건	176
base	걸	177
base	겠	178
base	곤	179
base	곳	180
base	와	181
base	외	182
base	조	183
base	주	184
base	즈	185
base	체	186
base	최	187
base	치	188
base	처	189
base	엣	217
base	역	218
base	온	219
base	옵	220
base	왔	221
base	용	222
base	음	223
base	익	224
base	일	225
base	장	226
base	젤	227
base	족	228
base	준	229
base	중	230
base	직	231
base	진	232
base	쪽	233
base	쫓	234
base	착	235
base	총	236
base	캠	237
base	탄	238
base	탑	239
base	택	240
base	템	241
base	판	242
base	팔	243
base	폭	244
base	플	245
base	할	246
base	함	247
base	합	248
base	했	249
base	행	250
base	형	251
base	힘	252
BTL_A3	&	256
BTL_A3	글	257
BTL_A3	꿰	258
BTL_A3	둥	259
BTL_A3	뚫	260
BTL_A3	루	261
BTL_A3	룰	262
BTL_A3	린	263
BTL_A3	메	264
BTL_A3	밍	265
BTL_A3	벽	266
BTL_A3	살	267
BTL_A3	샤	268
BTL_A3	앰	269
BTL_A3	옥	270
BTL_A3	웨	271
BTL_A3	유	272
BTL_A3	천	273
BTL_A3	출	274
BTL_A3	츠	275
BTL_A3	침	276
BTL_A3	칸	277
BTL_A3	컬	278
BTL_A3	케	279
BTL_A3	콜	280
BTL_A3	쿠	281
BTL_A3	퀴	282
BTL_A3	큰	283
BTL_A3	턱	284
BTL_A3	턴	285
BTL_A3	토	286
BTL_A3	티	287
BTL_A3	피	288
BTL_A32	겨	256
BTL_A32	과	257
BTL_A32	괜	258
BTL_A32	글	259
BTL_A32	금	260
BTL_A32	남	261
BTL_A32	낸	262
BTL_A32	노	263
BTL_A32	돌	264
BTL_A32	뜨	265
BTL_A32	렸	266
BTL_A32	릴	267
BTL_A32	몸	268
BTL_A32	뭐	269
BTL_A32	밍	270
BTL_A32	베	271
BTL_A32	분	272
BTL_A32	식	273
BTL_A32	쓰	274
BTL_A32	액	275
BTL_A32	앰	276
BTL_A32	웨	277
BTL_A32	절	278
BTL_A32	좋	279
BTL_A32	찮	280
BTL_A32	촉	281
BTL_A32	충	282
BTL_A32	츠	283
BTL_A32	칸	284
BTL_A32	컬	285
BTL_A32	케	286
BTL_A32	퀴	287
BTL_A32	턴	288
BTL_A32	통	289
BTL_A32	튕	290
BTL_A32	티	291
BTL_A32	피	292
BTL_A32	험	293
BTL_A32	흡	294
BTL_A5	&	256
BTL_A5	갈	257
BTL_A5	글	258
BTL_A5	꼭	259
BTL_A5	노	260
BTL_A5	달	261
BTL_A5	두	262
BTL_A5	뒤	263
BTL_A5	등	264
BTL_A5	른	265
BTL_A5	린	266
BTL_A5	머	267
BTL_A5	못	268
BTL_A5	밍	269
BTL_A5	봐	270
BTL_A5	빨	271
BTL_A5	뿔	272
BTL_A5	슈	273
BTL_A5	쏘	274
BTL_A5	쏜	275
BTL_A5	액	276
BTL_A5	앰	277
BTL_A5	약	278
BTL_A5	옥	279
BTL_A5	웨	280
BTL_A5	잘	281
BTL_A5	점	282
BTL_A5	종	283
BTL_A5	청	284
BTL_A5	추	285
BTL_A5	츠	286
BTL_A5	칸	287
BTL_A5	컬	288
BTL_A5	케	289
BTL_A5	퀴	290
BTL_A5	키	291
BTL_A5	턴	292
BTL_A5	투	293
BTL_A5	티	294
BTL_A5	푸	295
BTL_A5	풍	296
BTL_A5	피	297
BTL_A5	향	298
BTL_A5	흙	299
BTL_A5	＆	300
BTL_A52	감	256
BTL_A52	강	257
BTL_A52	과	258
BTL_A52	괜	259
BTL_A52	굉	260
BTL_A52	규	261
BTL_A52	글	262
BTL_A52	금	263
BTL_A52	꽤	264
BTL_A52	낙	265
BTL_A52	냈	266
BTL_A52	넘	267
BTL_A52	노	268
BTL_A52	됐	269
BTL_A52	된	270
BTL_A52	둘	271
BTL_A52	든	272
BTL_A52	듯	273
BTL_A52	떻	274
BTL_A52	뜨	275
BTL_A52	란	276
BTL_A52	렇	277
BTL_A52	른	278
BTL_A52	막	279
BTL_A52	머	280
BTL_A52	먹	281
BTL_A52	뭐	282
BTL_A52	밍	283
BTL_A52	봐	284
BTL_A52	분	285
BTL_A52	빨	286
BTL_A52	슈	287
BTL_A52	식	288
BTL_A52	신	289
BTL_A52	쓰	290
BTL_A52	앰	291
BTL_A52	얼	292
BTL_A52	완	293
BTL_A52	왠	294
BTL_A52	왼	295
BTL_A52	움	296
BTL_A52	웨	297
BTL_A52	유	298
BTL_A52	작	299
BTL_A52	잖	300
BTL_A52	잠	301
BTL_A52	좋	302
BTL_A52	증	303
BTL_A52	찮	304
BTL_A52	충	305
BTL_A52	츠	306
BTL_A52	칸	307
BTL_A52	컬	308
BTL_A52	케	309
BTL_A52	퀴	310
BTL_A52	턴	311
BTL_A52	텐	312
BTL_A52	틀	313
BTL_A52	티	314
BTL_A52	피	315
BTL_A52	효	316
BTL_A52	흡	317
BTL_A52	힌	318
BTL_A53	겨	256
BTL_A53	글	257
BTL_A53	꿈	258
BTL_A53	날	259
BTL_A53	딘	260
BTL_A53	떻	261
BTL_A53	뜨	262
BTL_A53	린	263
BTL_A53	밍	264
BTL_A53	붉	265
BTL_A53	빛	266
BTL_A53	숨	267
BTL_A53	쏘	268
BTL_A53	쓰	269
BTL_A53	앰	270
BTL_A53	약	271
BTL_A53	열	272
BTL_A53	워	273
BTL_A53	웨	274
BTL_A53	작	275
BTL_A53	재	276
BTL_A53	점	277
BTL_A53	져	278
BTL_A53	집	279
BTL_A53	츠	280
BTL_A53	칸	281
BTL_A53	컬	282
BTL_A53	케	283
BTL_A53	퀴	284
BTL_A53	탁	285
BTL_A53	턴	286
BTL_A53	티	287
BTL_A53	피	288
BTL_A7	글	256
BTL_A7	량	257
BTL_A7	루	258
BTL_A7	밍	259
BTL_A7	백	260
BTL_A7	베	261
BTL_A7	벨	262
BTL_A7	앰	263
BTL_A7	웨	264
BTL_A7	작	265
BTL_A7	츠	266
BTL_A7	침	267
BTL_A7	칸	268
BTL_A7	컬	269
BTL_A7	케	270
BTL_A7	퀴	271
BTL_A7	키	272
BTL_A7	턴	273
BTL_A7	톰	274
BTL_A7	티	275
BTL_A7	퍼	276
BTL_A7	피	277
BTL_A7	회	278
BTL_A7	＆	279
BTL_A72	갑	256
BTL_A72	겁	257
BTL_A72	교	258
BTL_A72	글	259
BTL_A72	남	260
BTL_A72	낮	261
BTL_A72	둘	262
BTL_A72	든	263
BTL_A72	디	264
BTL_A72	따	265
BTL_A72	뢰	266
BTL_A72	료	267
BTL_A72	먹	268
BTL_A72	못	269
BTL_A72	뭐	270
BTL_A72	밍	271
BTL_A72	본	272
BTL_A72	뿐	273
BTL_A72	손	274
BTL_A72	습	275
BTL_A72	승	276
BTL_A72	쏴	277
BTL_A72	앰	278
BTL_A72	완	279
BTL_A72	원	280
BTL_A72	웨	281
BTL_A72	유	282
BTL_A72	잡	283
BTL_A72	재	284
BTL_A72	점	285
BTL_A72	좋	286
BTL_A72	쩔	287
BTL_A72	충	288
BTL_A72	춰	289
BTL_A72	츠	290
BTL_A72	침	291
BTL_A72	칸	292
BTL_A72	컬	293
BTL_A72	케	294
BTL_A72	퀴	295
BTL_A72	큭	296
BTL_A72	턴	297
BTL_A72	퇴	298
BTL_A72	투	299
BTL_A72	티	300
BTL_A72	팁	301
BTL_A72	피	302
BTL_A72	확	303
BTL_B2	광	256
BTL_B2	근	257
BTL_B2	글	258
BTL_B2	긴	259
BTL_B2	깨	260
BTL_B2	꼬	261
BTL_B2	꼴	262
BTL_B2	났	263
BTL_B2	넜	264
BTL_B2	년	265
BTL_B2	노	266
BTL_B2	돌	267
BTL_B2	듯	268
BTL_B2	디	269
BTL_B2	딘	270
BTL_B2	땠	271
BTL_B2	떨	272
BTL_B2	뜨	273
BTL_B2	란	274
BTL_B2	루	275
BTL_B2	린	276
BTL_B2	머	277
BTL_B2	멈	278
BTL_B2	몇	279
BTL_B2	몰	280
BTL_B2	몸	281
BTL_B2	못	282
BTL_B2	밍	283
BTL_B2	복	284
BTL_B2	분	285
BTL_B2	살	286
BTL_B2	송	287
BTL_B2	싹	288
BTL_B2	쌓	289
BTL_B2	쏴	290
BTL_B2	쓰	291
BTL_B2	앰	292
BTL_B2	약	293
BTL_B2	엄	294
BTL_B2	였	295
BTL_B2	완	296
BTL_B2	움	297
BTL_B2	웨	298
BTL_B2	응	299
BTL_B2	임	300
BTL_B2	점	301
BTL_B2	졌	302
BTL_B2	죽	303
BTL_B2	집	304
BTL_B2	째	305
BTL_B2	청	306
BTL_B2	충	307
BTL_B2	춰	308
BTL_B2	췄	309
BTL_B2	츠	310
BTL_B2	칸	311
BTL_B2	컬	312
BTL_B2	케	313
BTL_B2	퀴	314
BTL_B2	클	315
BTL_B2	키	316
BTL_B2	턴	317
BTL_B2	테	318
BTL_B2	통	319
BTL_B2	티	320
BTL_B2	퍼	321
BTL_B2	픈	322
BTL_B2	피	323
BTL_B2	험	324
BTL_B2	혹	325
BTL_B2	회	326
BTL_B5	—	256
BTL_B5	개	257
BTL_B5	계	258
BTL_B5	궈	259
BTL_B5	근	260
BTL_B5	글	261
BTL_B5	금	262
BTL_B5	끈	263
BTL_B5	노	264
BTL_B5	덤	265
BTL_B5	돼	266
BTL_B5	둘	267
BTL_B5	뒤	268
BTL_B5	득	269
BTL_B5	든	270
BTL_B5	따	271
BTL_B5	떨	272
BTL_B5	뢰	273
BTL_B5	료	274
BTL_B5	름	275
BTL_B5	먹	276
BTL_B5	멀	277
BTL_B5	밀	278
BTL_B5	밍	279
BTL_B5	밖	280
BTL_B5	벼	281
BTL_B5	복	282
BTL_B5	분	283
BTL_B5	빈	284
BTL_B5	설	285
BTL_B5	순	286
BTL_B5	습	287
BTL_B5	승	288
BTL_B5	신	289
BTL_B5	써	290
BTL_B5	앰	291
BTL_B5	약	292
BTL_B5	양	293
BTL_B5	열	294
BTL_B5	염	295
BTL_B5	완	296
BTL_B5	울	297
BTL_B5	웨	298
BTL_B5	유	299
BTL_B5	재	300
BTL_B5	점	301
BTL_B5	접	302
BTL_B5	좌	303
BTL_B5	죽	304
BTL_B5	줘	305
BTL_B5	집	306
BTL_B5	차	307
BTL_B5	초	308
BTL_B5	축	309
BTL_B5	출	310
BTL_B5	충	311
BTL_B5	츠	312
BTL_B5	칸	313
BTL_B5	컬	314
BTL_B5	컷	315
BTL_B5	케	316
BTL_B5	켜	317
BTL_B5	코	318
BTL_B5	퀴	319
BTL_B5	탔	320
BTL_B5	턴	321
BTL_B5	톨	322
BTL_B5	통	323
BTL_B5	투	324
BTL_B5	티	325
BTL_B5	피	326
BTL_B5	확	327
BTL_B5	회	328
BTL_B5	＆	329
BTL_B52	광	256
BTL_B52	글	257
BTL_B52	뇌	258
BTL_B52	누	259
BTL_B52	밍	260
BTL_B52	복	261
BTL_B52	분	262
BTL_B52	신	263
BTL_B52	앰	264
BTL_B52	운	265
BTL_B52	웨	266
BTL_B52	좌	267
BTL_B52	츠	268
BTL_B52	침	269
BTL_B52	칸	270
BTL_B52	컬	271
BTL_B52	케	272
BTL_B52	퀴	273
BTL_B52	턴	274
BTL_B52	티	275
BTL_B52	피	276
BTL_B52	현	277
BTL_B52	환	278
BTL_B53	글	256
BTL_B53	낙	257
BTL_B53	망	258
BTL_B53	밍	259
BTL_B53	슈	260
BTL_B53	슬	261
BTL_B53	액	262
BTL_B53	앰	263
BTL_B53	웨	264
BTL_B53	츠	265
BTL_B53	칠	266
BTL_B53	칸	267
BTL_B53	컬	268
BTL_B53	케	269
BTL_B53	퀴	270
BTL_B53	턴	271
BTL_B53	투	272
BTL_B53	티	273
BTL_B53	풍	274
BTL_B53	피	275
BTL_B53	헬	276
BTL_B6	&	256
BTL_B6	겨	257
BTL_B6	광	258
BTL_B6	글	259
BTL_B6	깊	260
BTL_B6	노	261
BTL_B6	단	262
BTL_B6	닿	263
BTL_B6	델	264
BTL_B6	둥	265
BTL_B6	듯	266
BTL_B6	떨	267
BTL_B6	뜯	268
BTL_B6	란	269
BTL_B6	료	270
BTL_B6	른	271
BTL_B6	릿	272
BTL_B6	망	274
BTL_B6	먼	275
BTL_B6	메	276
BTL_B6	뭐	277
BTL_B6	뭔	278
BTL_B6	밍	279
BTL_B6	법	280
BTL_B6	복	281
BTL_B6	볼	282
BTL_B6	뿐	283
BTL_B6	식	284
BTL_B6	쏘	285
BTL_B6	액	286
BTL_B6	앰	287
BTL_B6	엔	288
BTL_B6	요	289
BTL_B6	워	290
BTL_B6	웨	291
BTL_B6	유	292
BTL_B6	잖	293
BTL_B6	잡	294
BTL_B6	재	295
BTL_B6	점	296
BTL_B6	졌	297
BTL_B6	찾	298
BTL_B6	쳤	299
BTL_B6	출	300
BTL_B6	츠	301
BTL_B6	칸	302
BTL_B6	컬	303
BTL_B6	케	304
BTL_B6	코	305
BTL_B6	쿠	306
BTL_B6	퀴	307
BTL_B6	키	308
BTL_B6	킨	309
BTL_B6	킬	310
BTL_B6	탈	311
BTL_B6	탐	312
BTL_B6	턴	313
BTL_B6	티	314
BTL_B6	피	315
BTL_B6	필	316
BTL_B6	험	317
BTL_B6	환	318
BTL_B6	회	319
BTL_B6	흡	320
BTL_B62	갑	256
BTL_B62	같	257
BTL_B62	괜	258
BTL_B62	괴	259
BTL_B62	근	260
BTL_B62	글	261
BTL_B62	돌	262
BTL_B62	됐	263
BTL_B62	둥	264
BTL_B62	든	265
BTL_B62	듯	266
BTL_B62	딘	267
BTL_B62	때	268
BTL_B62	떻	269
BTL_B62	뜨	270
BTL_B62	렀	271
BTL_B62	렸	272
BTL_B62	령	273
BTL_B62	료	274
BTL_B62	룸	275
BTL_B62	릿	276
BTL_B62	망	277
BTL_B62	몸	278
BTL_B62	밍	279
BTL_B62	밖	280
BTL_B62	복	281
BTL_B62	분	282
BTL_B62	빨	283
BTL_B62	슨	284
BTL_B62	쏘	285
BTL_B62	쏴	286
BTL_B62	쓰	287
BTL_B62	액	288
BTL_B62	앰	289
BTL_B62	약	290
BTL_B62	엔	291
BTL_B62	였	292
BTL_B62	완	293
BTL_B62	요	294
BTL_B62	웨	295
BTL_B62	율	296
BTL_B62	점	297
BTL_B62	좋	298
BTL_B62	죽	299
BTL_B62	줘	300
BTL_B62	찮	301
BTL_B62	츠	302
BTL_B62	칠	303
BTL_B62	칸	304
BTL_B62	컬	305
BTL_B62	케	306
BTL_B62	퀴	307
BTL_B62	탐	308
BTL_B62	턴	309
BTL_B62	통	310
BTL_B62	투	311
BTL_B62	티	312
BTL_B62	피	313
BTL_B62	환	314
BTL_B62	회	315
BTL_B62	휴	316
BTL_C2	갑	256
BTL_C2	개	257
BTL_C2	겨	258
BTL_C2	견	259
BTL_C2	계	260
BTL_C2	과	261
BTL_C2	관	262
BTL_C2	교	263
BTL_C2	귀	264
BTL_C2	근	265
BTL_C2	글	266
BTL_C2	금	267
BTL_C2	깝	268
BTL_C2	낸	269
BTL_C2	뇌	270
BTL_C2	단	271
BTL_C2	닫	272
BTL_C2	달	273
BTL_C2	돌	274
BTL_C2	둘	275
BTL_C2	든	276
BTL_C2	때	277
BTL_C2	떨	278
BTL_C2	떻	279
BTL_C2	똑	280
BTL_C2	렬	281
BTL_C2	뢰	282
BTL_C2	료	283
BTL_C2	린	284
BTL_C2	림	285
BTL_C2	립	286
BTL_C2	못	287
BTL_C2	뭐	288
BTL_C2	뭔	289
BTL_C2	밍	290
BTL_C2	복	291
BTL_C2	봤	292
BTL_C2	브	293
BTL_C2	블	294
BTL_C2	새	295
BTL_C2	속	296
BTL_C2	손	297
BTL_C2	습	298
BTL_C2	식	299
BTL_C2	신	300
BTL_C2	써	301
BTL_C2	쏴	302
BTL_C2	애	303
BTL_C2	앰	304
BTL_C2	연	305
BTL_C2	완	306
BTL_C2	요	307
BTL_C2	움	308
BTL_C2	원	309
BTL_C2	웨	310
BTL_C2	응	311
BTL_C2	임	312
BTL_C2	작	313
BTL_C2	잡	314
BTL_C2	재	315
BTL_C2	점	316
BTL_C2	접	317
BTL_C2	좋	318
BTL_C2	좌	319
BTL_C2	줘	320
BTL_C2	집	321
BTL_C2	쩔	322
BTL_C2	차	323
BTL_C2	청	324
BTL_C2	쳇	325
BTL_C2	초	326
BTL_C2	추	327
BTL_C2	출	328
BTL_C2	충	329
BTL_C2	츠	330
BTL_C2	측	331
BTL_C2	칸	332
BTL_C2	컬	333
BTL_C2	케	334
BTL_C2	코	335
BTL_C2	퀴	336
BTL_C2	큭	337
BTL_C2	키	338
BTL_C2	킵	339
BTL_C2	턴	340
BTL_C2	텨	341
BTL_C2	퇴	342
BTL_C2	투	343
BTL_C2	티	344
BTL_C2	팁	345
BTL_C2	패	346
BTL_C2	피	347
BTL_C2	험	348
BTL_C2	확	349
BTL_C2	환	350
BTL_C2	회	351
BTL_C22	계	256
BTL_C22	과	257
BTL_C22	관	258
BTL_C22	괴	259
BTL_C22	근	260
BTL_C22	글	261
BTL_C22	급	262
BTL_C22	긴	263
BTL_C22	냉	264
BTL_C22	노	265
BTL_C22	단	266
BTL_C22	두	267
BTL_C22	둘	268
BTL_C22	디	269
BTL_C22	때	270
BTL_C22	떨	271
BTL_C22	뜨	272
BTL_C22	령	273
BTL_C22	롭	274
BTL_C22	료	275
BTL_C22	멸	276
BTL_C22	밍	277
BTL_C22	분	278
BTL_C22	빨	279
BTL_C22	속	280
BTL_C22	순	281
BTL_C22	습	282
BTL_C22	승	283
BTL_C22	신	284
BTL_C22	앰	285
BTL_C22	였	286
BTL_C22	완	287
BTL_C22	요	288
BTL_C22	웨	289
BTL_C22	유	290
BTL_C22	작	291
BTL_C22	재	292
BTL_C22	점	293
BTL_C22	접	294
BTL_C22	종	295
BTL_C22	좋	296
BTL_C22	좌	297
BTL_C22	집	298
BTL_C22	출	299
BTL_C22	츠	300
BTL_C22	칸	301
BTL_C22	컬	302
BTL_C22	케	303
BTL_C22	퀴	304
BTL_C22	탈	306
BTL_C22	턴	307
BTL_C22	투	308
BTL_C22	특	309
BTL_C22	티	310
BTL_C22	평	311
BTL_C22	피	312
BTL_C22	현	313
BTL_C22	확	314
BTL_C22	활	315
BTL_C22	후	316
BTL_C4	&	256
BTL_C4	겨	257
BTL_C4	관	258
BTL_C4	광	259
BTL_C4	글	260
BTL_C4	돼	261
BTL_C4	량	262
BTL_C4	렬	263
BTL_C4	렸	264
BTL_C4	밍	265
BTL_C4	백	266
BTL_C4	베	267
BTL_C4	브	268
BTL_C4	슬	269
BTL_C4	앰	270
BTL_C4	열	271
BTL_C4	움	272
BTL_C4	웨	273
BTL_C4	율	274
BTL_C4	융	275
BTL_C4	작	276
BTL_C4	종	277
BTL_C4	츠	278
BTL_C4	침	279
BTL_C4	칸	280
BTL_C4	컬	281
BTL_C4	케	282
BTL_C4	퀴	283
BTL_C4	턴	284
BTL_C4	톰	285
BTL_C4	튕	286
BTL_C4	티	287
BTL_C4	풀	288
BTL_C4	피	289
BTL_C4	회	290
BTL_C4	횡	291
BTL_C5	개	256
BTL_C5	겁	257
BTL_C5	계	258
BTL_C5	교	259
BTL_C5	근	260
BTL_C5	글	261
BTL_C5	금	262
BTL_C5	급	263
BTL_C5	께	264
BTL_C5	논	265
BTL_C5	답	266
BTL_C5	돼	267
BTL_C5	된	268
BTL_C5	둘	269
BTL_C5	따	270
BTL_C5	떨	271
BTL_C5	련	272
BTL_C5	뢰	273
BTL_C5	루	274
BTL_C5	먹	275
BTL_C5	멸	276
BTL_C5	몰	277
BTL_C5	문	278
BTL_C5	밍	279
BTL_C5	브	280
BTL_C5	빈	281
BTL_C5	속	282
BTL_C5	습	283
BTL_C5	승	284
BTL_C5	십	285
BTL_C5	악	286
BTL_C5	앞	287
BTL_C5	앰	288
BTL_C5	연	289
BTL_C5	요	290
BTL_C5	원	291
BTL_C5	웨	292
BTL_C5	유	293
BTL_C5	응	294
BTL_C5	잡	295
BTL_C5	점	296
BTL_C5	접	297
BTL_C5	종	298
BTL_C5	집	299
BTL_C5	차	300
BTL_C5	추	301
BTL_C5	출	302
BTL_C5	츠	303
BTL_C5	측	304
BTL_C5	침	305
BTL_C5	칸	306
BTL_C5	컬	307
BTL_C5	케	308
BTL_C5	코	309
BTL_C5	퀴	310
BTL_C5	키	311
BTL_C5	탈	312
BTL_C5	턴	313
BTL_C5	퇴	314
BTL_C5	투	315
BTL_C5	티	316
BTL_C5	편	317
BTL_C5	폐	318
BTL_C5	피	319
BTL_C5	확	320
BTL_C5	회	321
BTL_C5	훈	322
BTL_C5	＆	323
BTL_C52	갑	256
BTL_C52	개	257
BTL_C52	과	258
BTL_C52	관	259
BTL_C52	교	260
BTL_C52	궤	261
BTL_C52	글	262
BTL_C52	됐	263
BTL_C52	뚫	264
BTL_C52	량	265
BTL_C52	렸	266
BTL_C52	료	267
BTL_C52	멍	268
BTL_C52	멸	269
BTL_C52	문	270
BTL_C52	밍	271
BTL_C52	법	272
BTL_C52	벽	273
BTL_C52	복	274
BTL_C52	속	275
BTL_C52	손	276
BTL_C52	순	277
BTL_C52	습	278
BTL_C52	승	279
BTL_C52	압	280
BTL_C52	액	281
BTL_C52	앰	282
BTL_C52	업	283
BTL_C52	엔	284
BTL_C52	연	285
BTL_C52	열	286
BTL_C52	완	287
BTL_C52	요	288
BTL_C52	웨	289
BTL_C52	윤	290
BTL_C52	작	291
BTL_C52	접	292
BTL_C52	종	293
BTL_C52	좌	294
BTL_C52	충	295
BTL_C52	츠	296
BTL_C52	칸	297
BTL_C52	컬	298
BTL_C52	케	299
BTL_C52	퀴	300
BTL_C52	턴	301
BTL_C52	투	302
BTL_C52	티	303
BTL_C52	피	304
BTL_C52	험	305
BTL_C52	현	306
BTL_C52	황	307
BTL_C52	회	308
BTL_C52	흡	309
BTL_C8	개	256
BTL_C8	근	257
BTL_C8	글	258
BTL_C8	답	259
BTL_C8	던	260
BTL_C8	돌	261
BTL_C8	두	262
BTL_C8	뒤	263
BTL_C8	든	264
BTL_C8	랑	265
BTL_C8	루	266
BTL_C8	멸	267
BTL_C8	몰	268
BTL_C8	몸	269
BTL_C8	묶	270
BTL_C8	밍	271
BTL_C8	벌	272
BTL_C8	본	273
BTL_C8	분	274
BTL_C8	붙	275
BTL_C8	속	276
BTL_C8	신	277
BTL_C8	앰	278
BTL_C8	염	279
BTL_C8	완	280
BTL_C8	웨	281
BTL_C8	응	282
BTL_C8	임	283
BTL_C8	접	284
BTL_C8	쨌	285
BTL_C8	츠	286
BTL_C8	칸	287
BTL_C8	컬	288
BTL_C8	케	289
BTL_C8	퀴	290
BTL_C8	탁	291
BTL_C8	턴	292
BTL_C8	투	293
BTL_C8	틈	294
BTL_C8	티	295
BTL_C8	피	296
BTL_C8	확	297
BTL_C8	후	298
BTL_C8	＆	299
BTL_C82	갑	256
BTL_C82	강	257
BTL_C82	개	258
BTL_C82	견	259
BTL_C82	계	260
BTL_C82	광	261
BTL_C82	권	262
BTL_C82	근	263
BTL_C82	글	264
BTL_C82	께	265
BTL_C82	끼	266
BTL_C82	단	267
BTL_C82	뢰	268
BTL_C82	륙	269
BTL_C82	못	270
BTL_C82	뭐	271
BTL_C82	밍	272
BTL_C82	본	273
BTL_C82	뿔	274
BTL_C82	색	275
BTL_C82	속	276
BTL_C82	술	277
BTL_C82	습	278
BTL_C82	쏴	279
BTL_C82	앰	280
BTL_C82	양	281
BTL_C82	요	282
BTL_C82	웨	283
BTL_C82	유	284
BTL_C82	작	285
BTL_C82	잘	286
BTL_C82	점	287
BTL_C82	접	288
BTL_C82	출	289
BTL_C82	충	290
BTL_C82	츠	291
BTL_C82	층	292
BTL_C82	칸	293
BTL_C82	컬	294
BTL_C82	케	295
BTL_C82	퀴	296
BTL_C82	턴	297
BTL_C82	텐	298
BTL_C82	티	299
BTL_C82	팁	300
BTL_C82	폐	301
BTL_C82	피	302
BTL_C82	학	303
BTL_C82	험	304
BTL_D2	&	256
BTL_D2	강	257
BTL_D2	광	258
BTL_D2	글	259
BTL_D2	누	260
BTL_D2	량	261
BTL_D2	렬	262
BTL_D2	밍	263
BTL_D2	베	264
BTL_D2	분	265
BTL_D2	브	266
BTL_D2	습	267
BTL_D2	앰	268
BTL_D2	양	269
BTL_D2	움	270
BTL_D2	웨	271
BTL_D2	작	272
BTL_D2	종	273
BTL_D2	츠	274
BTL_D2	침	275
BTL_D2	칸	276
BTL_D2	컬	277
BTL_D2	케	278
BTL_D2	쿠	279
BTL_D2	퀴	280
BTL_D2	턴	281
BTL_D2	토	282
BTL_D2	톰	283
BTL_D2	티	284
BTL_D2	피	285
BTL_D2	환	286
BTL_D2	회	287
BTL_D2	횡	288
BTL_D22	글	256
BTL_D22	냈	257
BTL_D22	든	258
BTL_D22	듯	259
BTL_D22	떻	260
BTL_D22	란	261
BTL_D22	막	262
BTL_D22	밍	263
BTL_D22	쇄	264
BTL_D22	앰	265
BTL_D22	양	266
BTL_D22	웨	267
BTL_D22	접	268
BTL_D22	출	269
BTL_D22	충	270
BTL_D22	츠	271
BTL_D22	측	272
BTL_D22	칸	273
BTL_D22	컬	274
BTL_D22	케	275
BTL_D22	퀴	276
BTL_D22	턴	277
BTL_D22	티	278
BTL_D22	폐	279
BTL_D22	피	280
BTL_D22	핀	281
BTL_D22	험	282
BTL_D22	황	283
BTL_D4	&	256
BTL_D4	감	257
BTL_D4	결	258
BTL_D4	광	259
BTL_D4	글	260
BTL_D4	루	261
BTL_D4	밍	262
BTL_D4	복	263
BTL_D4	블	264
BTL_D4	섀	265
BTL_D4	순	266
BTL_D4	싱	267
BTL_D4	앰	268
BTL_D4	웨	269
BTL_D4	윈	270
BTL_D4	츠	271
BTL_D4	칸	272
BTL_D4	컬	273
BTL_D4	케	274
BTL_D4	퀴	275
BTL_D4	탈	276
BTL_D4	턴	277
BTL_D4	티	278
BTL_D4	페	279
BTL_D4	피	280
BTL_D4	환	281
BTL_D5	=	256
BTL_D5	글	257
BTL_D5	념	258
BTL_D5	노	259
BTL_D5	뇌	260
BTL_D5	누	261
BTL_D5	님	262
BTL_D5	답	263
BTL_D5	던	264
BTL_D5	돌	265
BTL_D5	된	266
BTL_D5	때	267
BTL_D5	란	268
BTL_D5	렌	269
BTL_D5	롱	270
BTL_D5	류	271
BTL_D5	메	272
BTL_D5	멜	273
BTL_D5	못	274
BTL_D5	밍	275
BTL_D5	밖	276
BTL_D5	베	277
BTL_D5	브	278
BTL_D5	셸	279
BTL_D5	속	280
BTL_D5	손	281
BTL_D5	식	282
BTL_D5	신	283
BTL_D5	앰	284
BTL_D5	엑	285
BTL_D5	웨	286
BTL_D5	윙	287
BTL_D5	융	288
BTL_D5	임	289
BTL_D5	작	290
BTL_D5	잘	291
BTL_D5	잠	292
BTL_D5	재	293
BTL_D5	절	294
BTL_D5	존	295
BTL_D5	줘	296
BTL_D5	즘	297
BTL_D5	짜	298
BTL_D5	차	299
BTL_D5	찬	300
BTL_D5	창	301
BTL_D5	츠	302
BTL_D5	침	303
BTL_D5	칸	304
BTL_D5	컬	305
BTL_D5	케	306
BTL_D5	쿠	307
BTL_D5	퀴	308
BTL_D5	키	309
BTL_D5	탐	310
BTL_D5	턴	311
BTL_D5	토	312
BTL_D5	티	313
BTL_D5	팬	314
BTL_D5	피	315
BTL_D5	회	316
BTL_T0	:	256
BTL_T0	~	257
BTL_T0	·	258
BTL_T0	〜	259
BTL_T0	강	260
BTL_T0	같	261
BTL_T0	개	262
BTL_T0	계	263
BTL_T0	과	264
BTL_T0	관	265
BTL_T0	광	266
BTL_T0	글	267
BTL_T0	께	268
BTL_T0	꾸	269
BTL_T0	남	270
BTL_T0	낮	271
BTL_T0	낸	272
BTL_T0	냐	273
BTL_T0	념	274
BTL_T0	노	275
BTL_T0	높	276
BTL_T0	누	277
BTL_T0	뉜	278
BTL_T0	느	279
BTL_T0	늘	280
BTL_T0	닐	281
BTL_T0	닝	282
BTL_T0	단	283
BTL_T0	달	284
BTL_T0	독	285
BTL_T0	돌	286
BTL_T0	돕	287
BTL_T0	돼	288
BTL_T0	된	289
BTL_T0	두	290
BTL_T0	둘	291
BTL_T0	뒤	292
BTL_T0	득	293
BTL_T0	든	294
BTL_T0	등	295
BTL_T0	따	296
BTL_T0	때	297
BTL_T0	떻	298
BTL_T0	또	299
BTL_T0	뜨	300
BTL_T0	뜬	301
BTL_T0	뜻	302
BTL_T0	란	303
BTL_T0	량	304
BTL_T0	럼	305
BTL_T0	렉	306
BTL_T0	례	307
BTL_T0	뢰	308
BTL_T0	루	309
BTL_T0	룰	310
BTL_T0	류	311
BTL_T0	률	312
BTL_T0	른	313
BTL_T0	름	314
BTL_T0	릴	315
BTL_T0	막	316
BTL_T0	많	317
BTL_T0	맞	318
BTL_T0	맨	319
BTL_T0	머	320
BTL_T0	멀	321
BTL_T0	못	322
BTL_T0	므	323
BTL_T0	밍	324
BTL_T0	밖	325
BTL_T0	받	326
BTL_T0	백	327
BTL_T0	베	328
BTL_T0	벨	329
BTL_T0	벽	330
BTL_T0	별	331
BTL_T0	복	332
BTL_T0	본	333
BTL_T0	봐	334
BTL_T0	분	335
BTL_T0	붉	336
BTL_T0	빈	337
BTL_T0	빨	338
BTL_T0	뿐	339
BTL_T0	살	340
BTL_T0	색	341
BTL_T0	샤	342
BTL_T0	샷	343
BTL_T0	설	344
BTL_T0	셀	345
BTL_T0	셔	346
BTL_T0	속	347
BTL_T0	손	348
BTL_T0	술	349
BTL_T0	슬	350
BTL_T0	습	351
BTL_T0	승	352
BTL_T0	식	353
BTL_T0	싱	354
BTL_T0	써	355
BTL_T0	썼	356
BTL_T0	쏘	357
BTL_T0	쏜	358
BTL_T0	쓰	359
BTL_T0	쓴	360
BTL_T0	쓸	361
BTL_T0	씩	362
BTL_T0	악	363
BTL_T0	앞	364
BTL_T0	앰	365
BTL_T0	약	366
BTL_T0	양	367
BTL_T0	얻	368
BTL_T0	업	369
BTL_T0	엔	370
BTL_T0	열	371
BTL_T0	영	372
BTL_T0	옥	373
BTL_T0	올	374
BTL_T0	요	375
BTL_T0	운	376
BTL_T0	울	377
BTL_T0	움	378
BTL_T0	웠	379
BTL_T0	웨	380
BTL_T0	유	381
BTL_T0	응	382
BTL_T0	임	383
BTL_T0	작	384
BTL_T0	재	385
BTL_T0	점	386
BTL_T0	존	387
BTL_T0	종	388
BTL_T0	좌	389
BTL_T0	줄	390
BTL_T0	줌	391
BTL_T0	즌	392
BTL_T0	집	393
BTL_T0	찍	394
BTL_T0	차	395
BTL_T0	찬	396
BTL_T0	창	397
BTL_T0	채	398
BTL_T0	초	399
BTL_T0	춰	400
BTL_T0	츠	401
BTL_T0	측	402
BTL_T0	침	403
BTL_T0	칸	404
BTL_T0	컬	405
BTL_T0	케	406
BTL_T0	콘	407
BTL_T0	쿠	408
BTL_T0	퀴	409
BTL_T0	큰	410
BTL_T0	키	411
BTL_T0	킬	412
BTL_T0	턱	413
BTL_T0	턴	414
BTL_T0	톰	415
BTL_T0	통	416
BTL_T0	투	417
BTL_T0	특	418
BTL_T0	튼	419
BTL_T0	티	420
BTL_T0	퍼	421
BTL_T0	페	422
BTL_T0	풍	423
BTL_T0	피	424
BTL_T0	필	425
BTL_T0	학	426
BTL_T0	향	427
BTL_T0	험	428
BTL_T0	혀	429
BTL_T0	확	430
BTL_T0	황	431
BTL_T0	회	432
BTL_T0	효	433
BTL_T0	후	434
BTL_T0	＆	435
BTL_T0	：	436
BTL_X0	갑	256
BTL_X0	겨	257
BTL_X0	글	258
BTL_X0	금	259
BTL_X0	깨	260
BTL_X0	끝	261
BTL_X0	냐	262
BTL_X0	노	263
BTL_X0	답	264
BTL_X0	둬	265
BTL_X0	득	266
BTL_X0	디	267
BTL_X0	때	268
BTL_X0	람	269
BTL_X0	룸	270
BTL_X0	름	271
BTL_X0	린	272
BTL_X0	밍	273
BTL_X0	밖	274
BTL_X0	받	275
BTL_X0	벗	276
BTL_X0	벨	277
BTL_X0	복	278
BTL_X0	뿐	279
BTL_X0	쁘	280
BTL_X0	설	281
BTL_X0	순	282
BTL_X0	앰	283
BTL_X0	엘	284
BTL_X0	완	285
BTL_X0	요	286
BTL_X0	울	287
BTL_X0	웨	288
BTL_X0	젠	289
BTL_X0	졌	290
BTL_X0	죽	291
BTL_X0	줘	292
BTL_X0	째	293
BTL_X0	쩔	294
BTL_X0	츠	295
BTL_X0	칸	296
BTL_X0	컬	297
BTL_X0	케	298
BTL_X0	켜	299
BTL_X0	퀴	300
BTL_X0	턴	301
BTL_X0	텐	302
BTL_X0	톨	303
BTL_X0	통	304
BTL_X0	티	305
BTL_X0	편	306
BTL_X0	피	307
BTL_X0	필	308
BTL_X0	회	309
EVEEXPL	갑	269
EVEEXPL	같	270
EVEEXPL	견	271
EVEEXPL	계	272
EVEEXPL	과	273
EVEEXPL	관	274
EVEEXPL	광	275
EVEEXPL	교	276
EVEEXPL	근	277
EVEEXPL	금	278
EVEEXPL	긴	279
EVEEXPL	깊	280
EVEEXPL	꾼	281
EVEEXPL	날	282
EVEEXPL	남	283
EVEEXPL	났	284
EVEEXPL	냐	285
EVEEXPL	넣	286
EVEEXPL	넨	287
EVEEXPL	눈	288
EVEEXPL	늘	289
EVEEXPL	닐	290
EVEEXPL	단	291
EVEEXPL	닫	292
EVEEXPL	닿	293
EVEEXPL	던	294
EVEEXPL	독	295
EVEEXPL	돌	296
EVEEXPL	된	297
EVEEXPL	둔	298
EVEEXPL	듣	299
EVEEXPL	듯	300
EVEEXPL	등	301
EVEEXPL	따	302
EVEEXPL	때	303
EVEEXPL	란	304
EVEEXPL	랜	305
EVEEXPL	략	306
EVEEXPL	럼	307
EVEEXPL	렸	308
EVEEXPL	령	309
EVEEXPL	른	310
EVEEXPL	름	311
EVEEXPL	린	312
EVEEXPL	림	313
EVEEXPL	맡	314
EVEEXPL	메	315
EVEEXPL	문	316
EVEEXPL	민	317
EVEEXPL	받	318
EVEEXPL	밤	319
EVEEXPL	벤	320
EVEEXPL	살	321
EVEEXPL	삽	322
EVEEXPL	손	323
EVEEXPL	쇠	324
EVEEXPL	술	325
EVEEXPL	숨	326
EVEEXPL	슈	327
EVEEXPL	신	328
EVEEXPL	씨	329
EVEEXPL	앞	330
EVEEXPL	얻	331
EVEEXPL	엔	332
EVEEXPL	열	333
EVEEXPL	였	334
EVEEXPL	영	335
EVEEXPL	완	336
EVEEXPL	왜	337
EVEEXPL	울	338
EVEEXPL	움	339
EVEEXPL	유	340
EVEEXPL	작	341
EVEEXPL	잠	342
EVEEXPL	잡	343
EVEEXPL	재	344
EVEEXPL	져	345
EVEEXPL	졌	346
EVEEXPL	존	347
EVEEXPL	줄	348
EVEEXPL	증	349
EVEEXPL	집	350
EVEEXPL	차	351
EVEEXPL	창	352
EVEEXPL	찾	353
EVEEXPL	챈	354
EVEEXPL	쳐	355
EVEEXPL	초	356
EVEEXPL	추	357
EVEEXPL	측	358
EVEEXPL	침	359
EVEEXPL	큰	360
EVEEXPL	킨	361
EVEEXPL	통	362
EVEEXPL	퇴	363
EVEEXPL	편	364
EVEEXPL	펼	365
EVEEXPL	향	366
EVEEXPL	혀	367
EVEEXPL	협	368
EVEEXPL	환	369
EVEEXPL	회	370
EVEEXPL	후	371
EVEEXPL	휩	372
EVT000_1	관	256
EVT000_1	굴	257
EVT000_1	금	258
EVT000_1	났	259
EVT000_1	때	260
EVT000_1	루	261
EVT000_1	묻	262
EVT000_1	뿐	263
EVT000_1	싫	264
EVT000_1	싶	265
EVT000_1	쓸	266
EVT000_1	애	267
EVT000_1	엇	268
EVT000_1	젠	269
EVT000_1	좋	270
EVT000_1	죽	271
EVT000_1	째	272
EVT000_1	철	273
EVT000_1	칙	274
EVT000_1	캐	275
EVT000_1	키	276
EVT000_1	편	277
EVT000_1	험	278
EVT000_2	강	256
EVT000_2	개	257
EVT000_2	과	258
EVT000_2	관	259
EVT000_2	굴	260
EVT000_2	규	261
EVT000_2	금	262
EVT000_2	긴	263
EVT000_2	께	264
EVT000_2	끼	265
EVT000_2	났	266
EVT000_2	낳	267
EVT000_2	낸	268
EVT000_2	넘	269
EVT000_2	넣	270
EVT000_2	년	271
EVT000_2	던	272
EVT000_2	돌	273
EVT000_2	됐	274
EVT000_2	듯	275
EVT000_2	때	276
EVT000_2	락	277
EVT000_2	란	278
EVT000_2	람	279
EVT000_2	럼	280
EVT000_2	류	281
EVT000_2	린	282
EVT000_2	망	283
EVT000_2	며	284
EVT000_2	문	285
EVT000_2	받	286
EVT000_2	병	287
EVT000_2	분	288
EVT000_2	빌	289
EVT000_2	뿐	290
EVT000_2	설	291
EVT000_2	속	292
EVT000_2	손	293
EVT000_2	순	294
EVT000_2	신	295
EVT000_2	씩	296
EVT000_2	연	297
EVT000_2	였	298
EVT000_2	영	299
EVT000_2	욕	300
EVT000_2	웬	301
EVT000_2	유	302
EVT000_2	잃	303
EVT000_2	작	304
EVT000_2	잘	305
EVT000_2	쟁	306
EVT000_2	존	307
EVT000_2	천	308
EVT000_2	침	309
EVT000_2	키	310
EVT000_2	퇴	311
EVT000_2	편	312
EVT000_2	협	313
EVT000_2	혼	314
EVT000_2	환	315
EVT000_2	황	316
EVT000_2	후	317
EVT000_2	（	318
EVT000_2	）	319
EVT000_3	냐	256
EVT000_3	넌	257
EVT000_3	노	258
EVT000_3	눈	259
EVT000_3	늘	260
EVT000_3	던	261
EVT000_3	된	262
EVT000_3	람	263
EVT000_3	렀	264
EVT000_3	론	265
EVT000_3	망	266
EVT000_3	뭘	267
EVT000_3	빨	268
EVT000_3	손	269
EVT000_3	움	270
EVT000_3	잡	271
EVT000_3	젠	272
EVT000_3	종	273
EVT000_3	죽	274
EVT000_3	쳐	275
EVT000_3	통	276
EVT000_3	혈	277
EVT000_4	꼬	256
EVT000_4	돌	257
EVT000_4	둘	258
EVT000_4	람	259
EVT000_4	릴	260
EVT000_4	맹	261
EVT000_4	먹	262
EVT000_4	뭐	263
EVT000_4	별	264
EVT000_4	봤	265
EVT000_4	빌	266
EVT000_4	슬	267
EVT000_4	습	268
EVT000_4	신	269
EVT000_4	쓰	270
EVT000_4	였	271
EVT000_4	왜	272
EVT000_4	작	273
EVT000_4	잡	274
EVT000_4	졸	275
EVT000_4	질	276
EVT000_4	째	277
EVT000_4	차	278
EVT000_4	출	279
EVT000_4	흥	280
EVT000_5	갓	256
EVT000_5	같	257
EVT000_5	겨	258
EVT000_5	넣	259
EVT000_5	달	260
EVT000_5	닿	261
EVT000_5	된	262
EVT000_5	든	263
EVT000_5	따	264
EVT000_5	망	265
EVT000_5	멸	266
EVT000_5	몇	267
EVT000_5	법	268
EVT000_5	분	269
EVT000_5	설	270
EVT000_5	손	271
EVT000_5	쇄	272
EVT000_5	숨	273
EVT000_5	습	274
EVT000_5	식	275
EVT000_5	신	276
EVT000_5	완	277
EVT000_5	원	278
EVT000_5	유	279
EVT000_5	재	280
EVT000_5	존	281
EVT000_5	킨	282
EVT000_5	폐	283
EVT000_5	핫	284
EVT000_5	황	285
EVT000_5	흔	286
EVT002	돌	256
EVT002	빨	257
EVT002	살	258
EVT004_2	금	256
EVT008	검	256
EVT008	계	257
EVT008	곡	258
EVT008	굴	259
EVT008	끄	260
EVT008	남	261
EVT008	누	262
EVT008	님	263
EVT008	따	264
EVT008	렇	265
EVT008	릴	266
EVT008	머	267
EVT008	법	268
EVT008	북	269
EVT008	빨	270
EVT008	살	271
EVT008	슴	272
EVT008	왜	273
EVT008	요	274
EVT008	젠	275
EVT008	짜	276
EVT008	특	277
EVT008	회	278
EVT016_1	갑	256
EVT016_1	괴	257
EVT016_1	근	258
EVT016_1	께	259
EVT016_1	룻	260
EVT016_1	밤	261
EVT016_1	살	262
EVT016_1	왜	263
EVT016_1	줘	264
EVT016_1	펴	265
EVT016_2	갚	256
EVT016_2	겐	257
EVT016_2	계	258
EVT016_2	과	259
EVT016_2	괜	260
EVT016_2	긴	261
EVT016_2	께	262
EVT016_2	꼴	263
EVT016_2	느	264
EVT016_2	던	265
EVT016_2	돼	266
EVT016_2	된	267
EVT016_2	두	268
EVT016_2	든	269
EVT016_2	따	270
EVT016_2	떠	271
EVT016_2	떻	272
EVT016_2	란	273
EVT016_2	랑	274
EVT016_2	럼	275
EVT016_2	렇	276
EVT016_2	망	277
EVT016_2	멸	278
EVT016_2	몇	279
EVT016_2	몰	280
EVT016_2	뭐	281
EVT016_2	병	282
EVT016_2	복	283
EVT016_2	신	284
EVT016_2	싶	285
EVT016_2	악	286
EVT016_2	앞	287
EVT016_2	원	288
EVT016_2	응	289
EVT016_2	잖	290
EVT016_2	잘	291
EVT016_2	재	292
EVT016_2	존	293
EVT016_2	쩌	294
EVT016_2	찮	295
EVT016_2	키	296
EVT016_2	킨	297
EVT016_2	흐	298
EVT016_3	갔	256
EVT016_3	긴	257
EVT016_3	남	258
EVT016_3	님	259
EVT016_3	될	260
EVT016_3	란	261
EVT016_3	람	262
EVT016_3	렇	263
EVT016_3	료	264
EVT016_3	막	265
EVT016_3	못	266
EVT016_3	뭔	267
EVT016_3	법	268
EVT016_3	손	269
EVT016_3	쓰	270
EVT016_3	유	271
EVT016_3	절	272
EVT016_3	죽	273
EVT016_3	찾	274
EVT016_3	쳐	275
EVT016_3	탓	276
EVT029	금	256
EVT029	끝	257
EVT029	끼	258
EVT029	디	259
EVT029	때	260
EVT029	머	261
EVT029	뿐	262
EVT029	쯤	263
EVT029	케	264
EVT040	곧	256
EVT040	둬	257
EVT040	봐	258
EVT040	출	259
EVT040	침	260
EVT040	항	261
EVT041	계	256
EVT041	관	257
EVT041	굴	258
EVT041	께	259
EVT041	끈	260
EVT041	남	261
EVT041	누	262
EVT041	된	263
EVT041	두	264
EVT041	든	265
EVT041	듯	266
EVT041	랭	267
EVT041	럼	268
EVT041	렇	269
EVT041	룻	270
EVT041	륙	271
EVT041	린	272
EVT041	망	273
EVT041	멸	274
EVT041	몇	275
EVT041	받	276
EVT041	밤	277
EVT041	법	278
EVT041	볼	279
EVT041	봐	280
EVT041	습	281
EVT041	식	282
EVT041	싫	283
EVT041	쓰	284
EVT041	얼	285
EVT041	요	286
EVT041	울	287
EVT041	웠	288
EVT041	응	289
EVT041	잖	290
EVT041	잘	291
EVT041	잡	292
EVT041	질	293
EVT041	쨌	294
EVT041	키	295
EVT041	테	296
EVT041	폐	297
EVT041	헌	298
EVT043	'	256
EVT043	갑	257
EVT043	겉	258
EVT043	괜	259
EVT043	굴	260
EVT043	금	261
EVT043	달	262
EVT043	디	263
EVT043	란	264
EVT043	료	265
EVT043	못	266
EVT043	뭐	267
EVT043	빨	268
EVT043	설	269
EVT043	숨	270
EVT043	승	271
EVT043	왜	272
EVT043	줄	273
EVT043	찮	274
EVT043	출	275
EVT043	탈	276
EVT043	편	277
EVT043	험	278
EVT054	께	256
EVT054	꼬	257
EVT054	디	258
EVT054	료	259
EVT054	맙	260
EVT054	맹	261
EVT054	먹	262
EVT054	울	263
EVT054	웃	264
EVT054	좋	265
EVT054	짓	266
EVT054	켜	267
EVT054	활	268
EVT060_1	갈	256
EVT060_1	갔	257
EVT060_1	귀	258
EVT060_1	날	259
EVT060_1	눈	260
EVT060_1	늘	261
EVT060_1	릴	262
EVT060_1	뿐	263
EVT060_1	쏘	264
EVT060_1	작	265
EVT060_1	존	266
EVT060_1	좋	267
EVT060_1	쩌	268
EVT060_1	천	269
EVT060_2	갈	256
EVT060_2	겨	257
EVT060_2	과	258
EVT060_2	남	259
EVT060_2	누	260
EVT060_2	돼	261
EVT060_2	둬	262
EVT060_2	뒤	263
EVT060_2	때	264
EVT060_2	뜻	265
EVT060_2	롤	266
EVT060_2	맡	267
EVT060_2	법	268
EVT060_2	벗	269
EVT060_2	봉	270
EVT060_2	빨	271
EVT060_2	살	272
EVT060_2	슨	273
EVT060_2	신	274
EVT060_2	움	275
EVT060_2	워	276
EVT060_2	작	277
EVT060_2	종	278
EVT060_2	좋	279
EVT060_2	줘	280
EVT060_2	출	281
EVT060_2	컨	282
EVT060_2	킨	283
EVT060_2	탈	284
EVT060_2	테	285
EVT060_2	투	286
EVT060_2	편	287
EVT060_2	혼	288
EVT060_2	휴	289
EVT067	젠	256
EVT068_1	겉	256
EVT068_1	겨	257
EVT068_1	과	258
EVT068_1	금	259
EVT068_1	깝	260
EVT068_1	년	261
EVT068_1	던	262
EVT068_1	둥	263
EVT068_1	든	264
EVT068_1	떠	265
EVT068_1	름	266
EVT068_1	머	267
EVT068_1	먹	268
EVT068_1	못	269
EVT068_1	받	270
EVT068_1	봤	271
EVT068_1	뿐	272
EVT068_1	습	273
EVT068_1	씬	274
EVT068_1	옮	275
EVT068_1	잠	276
EVT068_1	줄	277
EVT068_1	천	278
EVT068_1	침	279
EVT068_1	특	280
EVT068_1	혀	281
EVT068_1	훨	282
EVT068_1	희	283
EVT068_2	계	256
EVT068_2	과	257
EVT068_2	굴	258
EVT068_2	금	259
EVT068_2	긴	260
EVT068_2	끝	261
EVT068_2	넌	262
EVT068_2	넣	263
EVT068_2	닌	264
EVT068_2	님	265
EVT068_2	돼	266
EVT068_2	둠	267
EVT068_2	때	268
EVT068_2	람	269
EVT068_2	럴	270
EVT068_2	렇	271
EVT068_2	령	272
EVT068_2	루	273
EVT068_2	룰	274
EVT068_2	른	275
EVT068_2	막	276
EVT068_2	몰	277
EVT068_2	못	278
EVT068_2	문	279
EVT068_2	묻	280
EVT068_2	뭐	281
EVT068_2	범	282
EVT068_2	분	283
EVT068_2	쁜	284
EVT068_2	설	285
EVT068_2	속	286
EVT068_2	손	287
EVT068_2	습	288
EVT068_2	신	289
EVT068_2	싶	290
EVT068_2	였	291
EVT068_2	영	292
EVT068_2	운	293
EVT068_2	원	294
EVT068_2	죽	295
EVT068_2	줬	296
EVT068_2	째	297
EVT068_2	채	298
EVT068_2	키	299
EVT068_2	테	300
EVT068_2	평	301
EVT072	된	256
EVT072	람	257
EVT072	렇	258
EVT072	죽	259
EVT089	같	256
EVT089	계	257
EVT089	괜	258
EVT089	굴	259
EVT089	긴	260
EVT089	낮	261
EVT089	넣	262
EVT089	놀	263
EVT089	놓	264
EVT089	던	265
EVT089	때	266
EVT089	랐	267
EVT089	랜	268
EVT089	멸	269
EVT089	문	270
EVT089	뭔	271
EVT089	밖	272
EVT089	법	273
EVT089	뿐	274
EVT089	설	275
EVT089	손	276
EVT089	솔	277
EVT089	쇠	278
EVT089	슨	279
EVT089	신	280
EVT089	쏘	281
EVT089	쓸	282
EVT089	억	283
EVT089	엇	284
EVT089	열	285
EVT089	쟁	286
EVT089	젠	287
EVT089	찮	288
EVT089	쳤	289
EVT089	키	290
EVT117	맞	256
EVT117	뿔	257
EVT117	새	258
EVT122_1	두	256
EVT122_2	급	256
EVT122_2	냐	257
EVT122_2	든	258
EVT122_2	따	259
EVT122_2	떤	260
EVT122_2	또	261
EVT122_2	룰	262
EVT122_2	막	263
EVT122_2	별	264
EVT122_2	빚	265
EVT122_2	졌	266
EVT122_2	줄	267
EVT122_2	취	268
EVT122_2	테	269
EVT122_2	특	270
EVT122_2	패	271
EVT122_3	계	256
EVT122_3	과	257
EVT122_3	관	258
EVT122_3	끝	259
EVT122_3	낭	260
EVT122_3	누	261
EVT122_3	닌	262
EVT122_3	든	263
EVT122_3	디	264
EVT122_3	량	265
EVT122_3	렇	266
EVT122_3	류	267
EVT122_3	른	268
EVT122_3	린	269
EVT122_3	망	270
EVT122_3	멸	271
EVT122_3	별	272
EVT122_3	봤	273
EVT122_3	뿐	274
EVT122_3	살	275
EVT122_3	속	276
EVT122_3	순	277
EVT122_3	식	278
EVT122_3	얽	279
EVT122_3	영	280
EVT122_3	울	281
EVT122_3	원	282
EVT122_3	유	283
EVT122_3	재	284
EVT122_3	쟁	285
EVT122_3	죽	286
EVT122_3	짜	287
EVT122_3	켜	288
EVT122_3	키	289
EVT122_3	킨	290
EVT122_3	텐	291
EVT122_3	통	292
EVT122_3	혀	293
EVT122_3	현	294
EVT122_3	환	295
EVT122_4	괴	256
EVT122_4	긴	257
EVT122_4	끝	258
EVT122_4	낸	259
EVT122_4	널	260
EVT122_4	넣	261
EVT122_4	돼	262
EVT122_4	둘	263
EVT122_4	든	264
EVT122_4	때	265
EVT122_4	떻	266
EVT122_4	렵	267
EVT122_4	론	268
EVT122_4	롤	269
EVT122_4	루	270
EVT122_4	막	271
EVT122_4	못	272
EVT122_4	병	273
EVT122_4	뿐	274
EVT122_4	새	275
EVT122_4	손	276
EVT122_4	앞	277
EVT122_4	양	278
EVT122_4	얻	279
EVT122_4	운	280
EVT122_4	움	281
EVT122_4	잠	282
EVT122_4	짓	283
EVT122_4	쩌	284
EVT122_4	차	285
EVT122_4	찾	286
EVT122_4	쳤	287
EVT122_4	컨	288
EVT122_4	켜	289
EVT122_4	특	290
EVT122_4	혼	291
EVT122_4	황	292
EVT122_4	휘	293
EVT127_1	값	256
EVT127_1	겨	257
EVT127_1	누	258
EVT127_1	닐	259
EVT127_1	돼	260
EVT127_1	든	261
EVT127_1	디	262
EVT127_1	땅	263
EVT127_1	렸	264
EVT127_1	류	265
EVT127_1	문	266
EVT127_1	뭐	267
EVT127_1	빛	268
EVT127_1	손	269
EVT127_1	쓸	270
EVT127_1	양	271
EVT127_1	열	272
EVT127_1	요	273
EVT127_1	죄	274
EVT127_1	죗	275
EVT127_1	죽	276
EVT127_1	철	277
EVT127_1	통	278
EVT127_1	필	279
EVT127_1	헌	280
EVT127_1	험	281
EVT127_1	황	282
EVT127_2	금	256
EVT127_2	탁	257
EVT134_1	감	256
EVT134_1	걱	257
EVT134_1	굴	258
EVT134_1	금	259
EVT134_1	꾼	260
EVT134_1	끈	261
EVT134_1	누	262
EVT134_1	단	263
EVT134_1	된	264
EVT134_1	두	265
EVT134_1	따	266
EVT134_1	란	267
EVT134_1	럼	268
EVT134_1	렇	269
EVT134_1	싶	270
EVT134_1	였	271
EVT134_1	움	272
EVT134_1	임	273
EVT134_1	줄	274
EVT134_1	줘	275
EVT134_1	집	276
EVT134_1	챌	277
EVT134_2	감	256
EVT134_2	갔	257
EVT134_2	겨	258
EVT134_2	계	259
EVT134_2	관	260
EVT134_2	괴	261
EVT134_2	굉	262
EVT134_2	근	263
EVT134_2	깐	264
EVT134_2	났	265
EVT134_2	냐	266
EVT134_2	넣	267
EVT134_2	년	268
EVT134_2	던	269
EVT134_2	둥	270
EVT134_2	든	271
EVT134_2	때	272
EVT134_2	럼	273
EVT134_2	망	274
EVT134_2	며	275
EVT134_2	멸	276
EVT134_2	몰	277
EVT134_2	뭐	278
EVT134_2	벌	279
EVT134_2	분	280
EVT134_2	뿐	281
EVT134_2	살	282
EVT134_2	속	283
EVT134_2	손	284
EVT134_2	순	285
EVT134_2	숨	286
EVT134_2	신	287
EVT134_2	써	288
EVT134_2	억	289
EVT134_2	연	290
EVT134_2	왜	291
EVT134_2	요	292
EVT134_2	원	293
EVT134_2	유	294
EVT134_2	잠	295
EVT134_2	재	296
EVT134_2	존	297
EVT134_2	좇	298
EVT134_2	줘	299
EVT134_2	줬	300
EVT134_2	째	301
EVT134_2	찾	302
EVT134_2	친	303
EVT134_2	키	304
EVT134_2	필	305
EVT134_3	걷	256
EVT134_3	겐	257
EVT134_3	계	258
EVT134_3	과	259
EVT134_3	긋	260
EVT134_3	님	261
EVT134_3	던	262
EVT134_3	독	263
EVT134_3	돼	264
EVT134_3	두	265
EVT134_3	든	266
EVT134_3	란	267
EVT134_3	령	268
EVT134_3	롭	269
EVT134_3	른	270
EVT134_3	망	271
EVT134_3	멈	272
EVT134_3	받	273
EVT134_3	봐	274
EVT134_3	살	275
EVT134_3	속	276
EVT134_3	손	277
EVT134_3	쉬	278
EVT134_3	써	279
EVT134_3	엮	280
EVT134_3	였	281
EVT134_3	요	282
EVT134_3	유	283
EVT134_3	작	284
EVT134_3	절	285
EVT134_3	좀	286
EVT134_3	좋	287
EVT134_3	줄	288
EVT134_3	천	289
EVT134_3	추	290
EVT134_3	필	291
EVT134_3	협	292
EVT134_3	흩	293
EVT135	감	256
EVT135	같	257
EVT135	과	258
EVT135	괜	259
EVT135	금	260
EVT135	깐	261
EVT135	깨	262
EVT135	꾸	263
EVT135	꿈	264
EVT135	꿨	265
EVT135	났	266
EVT135	누	267
EVT135	눈	268
EVT135	눌	269
EVT135	느	270
EVT135	달	271
EVT135	던	272
EVT135	둘	273
EVT135	듯	274
EVT135	람	275
EVT135	렸	276
EVT135	름	277
EVT135	린	278
EVT135	못	279
EVT135	뭐	280
EVT135	쁜	281
EVT135	살	282
EVT135	솎	283
EVT135	슈	284
EVT135	신	285
EVT135	엄	286
EVT135	운	287
EVT135	울	288
EVT135	워	289
EVT135	응	290
EVT135	잠	291
EVT135	져	292
EVT135	죽	293
EVT135	줘	294
EVT135	찮	295
EVT135	청	296
EVT135	테	297
EVT135	혼	298
EVT135	황	299
EVT137	교	256
EVT137	금	257
EVT137	닥	258
EVT137	덩	259
EVT137	될	260
EVT137	둔	261
EVT137	둘	262
EVT137	럴	263
EVT137	럼	264
EVT137	롤	265
EVT137	멈	266
EVT137	못	267
EVT137	병	268
EVT137	붙	269
EVT137	빽	270
EVT137	뿐	271
EVT137	살	272
EVT137	손	273
EVT137	였	274
EVT137	육	275
EVT137	잃	276
EVT137	존	277
EVT137	추	278
EVT137	컨	279
EVT137	탁	280
EVT144	갈	256
EVT144	같	257
EVT144	계	258
EVT144	곡	259
EVT144	끌	260
EVT144	끝	261
EVT144	남	262
EVT144	났	263
EVT144	냅	264
EVT144	년	265
EVT144	느	266
EVT144	던	267
EVT144	돌	268
EVT144	될	269
EVT144	때	270
EVT144	떠	271
EVT144	떻	272
EVT144	또	273
EVT144	뜨	274
EVT144	람	275
EVT144	렌	276
EVT144	른	277
EVT144	망	278
EVT144	머	279
EVT144	며	280
EVT144	문	281
EVT144	살	282
EVT144	속	283
EVT144	슈	284
EVT144	승	285
EVT144	신	286
EVT144	쓰	287
EVT144	약	288
EVT144	억	289
EVT144	엇	290
EVT144	옳	291
EVT144	울	292
EVT144	임	293
EVT144	잖	294
EVT144	좀	295
EVT144	줘	296
EVT144	줬	297
EVT144	찾	298
EVT144	쳐	299
EVT144	켜	300
EVT144	확	301
EVT152	괜	256
EVT152	괴	257
EVT152	남	258
EVT152	돌	259
EVT152	때	260
EVT152	떻	261
EVT152	람	262
EVT152	렇	263
EVT152	렌	264
EVT152	망	265
EVT152	몰	266
EVT152	문	267
EVT152	뭐	268
EVT152	빨	269
EVT152	신	270
EVT152	싶	271
EVT152	엽	272
EVT152	작	273
EVT152	죽	274
EVT152	줘	275
EVT152	찮	276
EVT152	친	277
EVT152	혼	278
EVT155_1	추	256
EVT155_2	셸	256
EVT155_2	쿠	257
EVT155_2	확	258
EVT155_3	요	256
EVT155_3	종	257
EVT155_3	즘	258
EVT155_4	봉	256
EVT155_4	확	257
EVT155_5	봉	256
EVT155_5	재	257
EVT155_5	차	258
EVT155_5	확	259
EVT155_5	활	260
EVT160_1	계	256
EVT160_1	금	257
EVT160_1	긴	258
EVT160_1	깃	259
EVT160_1	깥	260
EVT160_1	께	261
EVT160_1	끌	262
EVT160_1	끝	263
EVT160_1	남	264
EVT160_1	년	265
EVT160_1	눌	266
EVT160_1	님	267
EVT160_1	돌	268
EVT160_1	된	269
EVT160_1	든	270
EVT160_1	때	271
EVT160_1	뜻	272
EVT160_1	람	273
EVT160_1	렇	274
EVT160_1	린	275
EVT160_1	릴	276
EVT160_1	뿐	277
EVT160_1	손	278
EVT160_1	슨	279
EVT160_1	유	280
EVT160_1	작	281
EVT160_1	절	282
EVT160_1	종	283
EVT160_1	죽	284
EVT160_1	줘	285
EVT160_1	천	286
EVT160_1	친	287
EVT160_1	튼	288
EVT160_1	풀	289
EVT160_1	혼	290
EVT160_2	워	256
EVT160_2	절	257
EVT161_1	떠	256
EVT161_1	량	257
EVT161_1	슬	258
EVT161_1	습	259
EVT161_1	식	260
EVT161_1	작	261
EVT161_1	줘	262
EVT161_1	침	263
EVT161_2	같	256
EVT161_2	관	257
EVT161_2	남	258
EVT161_2	넘	259
EVT161_2	두	260
EVT161_2	든	261
EVT161_2	란	262
EVT161_2	람	263
EVT161_2	럼	264
EVT161_2	렇	265
EVT161_2	막	266
EVT161_2	살	267
EVT161_2	손	268
EVT161_2	숨	269
EVT161_2	신	270
EVT161_2	연	271
EVT161_2	올	272
EVT161_2	좋	273
EVT161_2	줄	274
EVT161_2	찾	275
EVT161_2	풍	276
EVTCAMP	'	256
EVTCAMP	=	257
EVTCAMP	■	258
EVTCAMP	◆	259
EVTCAMP	ン	260
EVTCAMP	갈	261
EVTCAMP	감	262
EVTCAMP	갑	263
EVTCAMP	갔	264
EVTCAMP	강	265
EVTCAMP	갖	266
EVTCAMP	같	267
EVTCAMP	개	268
EVTCAMP	걱	269
EVTCAMP	걷	270
EVTCAMP	검	271
EVTCAMP	겨	272
EVTCAMP	견	273
EVTCAMP	결	274
EVTCAMP	곁	275
EVTCAMP	계	276
EVTCAMP	곧	277
EVTCAMP	과	278
EVTCAMP	관	279
EVTCAMP	광	280
EVTCAMP	괘	281
EVTCAMP	괜	282
EVTCAMP	괴	283
EVTCAMP	굉	284
EVTCAMP	교	285
EVTCAMP	굳	286
EVTCAMP	굴	287
EVTCAMP	귀	288
EVTCAMP	규	289
EVTCAMP	근	290
EVTCAMP	글	291
EVTCAMP	금	292
EVTCAMP	급	293
EVTCAMP	긴	294
EVTCAMP	깐	295
EVTCAMP	깨	296
EVTCAMP	께	297
EVTCAMP	껴	298
EVTCAMP	꼈	299
EVTCAMP	꽤	300
EVTCAMP	꾸	301
EVTCAMP	꿈	302
EVTCAMP	끌	303
EVTCAMP	끔	304
EVTCAMP	끝	305
EVTCAMP	끼	306
EVTCAMP	낌	307
EVTCAMP	날	308
EVTCAMP	남	309
EVTCAMP	났	310
EVTCAMP	냈	311
EVTCAMP	냐	312
EVTCAMP	냥	313
EVTCAMP	넌	314
EVTCAMP	널	315
EVTCAMP	넘	316
EVTCAMP	넣	317
EVTCAMP	년	318
EVTCAMP	노	319
EVTCAMP	놀	320
EVTCAMP	높	321
EVTCAMP	놓	322
EVTCAMP	눈	323
EVTCAMP	느	324
EVTCAMP	늘	325
EVTCAMP	님	326
EVTCAMP	닥	327
EVTCAMP	단	328
EVTCAMP	달	329
EVTCAMP	답	330
EVTCAMP	닿	331
EVTCAMP	덕	332
EVTCAMP	던	333
EVTCAMP	독	334
EVTCAMP	돈	335
EVTCAMP	돌	336
EVTCAMP	돼	337
EVTCAMP	됐	338
EVTCAMP	된	339
EVTCAMP	될	340
EVTCAMP	두	341
EVTCAMP	둑	342
EVTCAMP	둔	343
EVTCAMP	둘	344
EVTCAMP	둠	345
EVTCAMP	둬	346
EVTCAMP	뒤	347
EVTCAMP	든	348
EVTCAMP	듯	349
EVTCAMP	디	350
EVTCAMP	딘	351
EVTCAMP	따	352
EVTCAMP	딴	353
EVTCAMP	땅	354
EVTCAMP	때	355
EVTCAMP	땐	356
EVTCAMP	땠	357
EVTCAMP	떤	358
EVTCAMP	떨	359
EVTCAMP	떻	360
EVTCAMP	또	361
EVTCAMP	똥	362
EVTCAMP	뚫	363
EVTCAMP	뛰	364
EVTCAMP	뜨	365
EVTCAMP	뜬	366
EVTCAMP	란	367
EVTCAMP	람	368
EVTCAMP	랐	369
EVTCAMP	랑	370
EVTCAMP	랜	371
EVTCAMP	럴	372
EVTCAMP	럼	373
EVTCAMP	럽	374
EVTCAMP	렇	375
EVTCAMP	렌	376
EVTCAMP	련	377
EVTCAMP	렸	378
EVTCAMP	론	379
EVTCAMP	료	380
EVTCAMP	루	381
EVTCAMP	류	382
EVTCAMP	륙	383
EVTCAMP	른	384
EVTCAMP	름	385
EVTCAMP	린	386
EVTCAMP	릴	387
EVTCAMP	림	388
EVTCAMP	막	389
EVTCAMP	많	390
EVTCAMP	맙	391
EVTCAMP	망	392
EVTCAMP	맡	393
EVTCAMP	맥	394
EVTCAMP	머	395
EVTCAMP	먼	396
EVTCAMP	멈	397
EVTCAMP	멍	398
EVTCAMP	메	399
EVTCAMP	멜	400
EVTCAMP	멸	401
EVTCAMP	몇	402
EVTCAMP	몰	403
EVTCAMP	몸	404
EVTCAMP	못	405
EVTCAMP	문	406
EVTCAMP	뭐	407
EVTCAMP	뭔	408
EVTCAMP	뭘	409
EVTCAMP	민	410
EVTCAMP	믿	411
EVTCAMP	밖	412
EVTCAMP	받	413
EVTCAMP	밤	414
EVTCAMP	범	415
EVTCAMP	법	416
EVTCAMP	별	417
EVTCAMP	복	418
EVTCAMP	본	419
EVTCAMP	봉	420
EVTCAMP	봐	421
EVTCAMP	분	422
EVTCAMP	붙	423
EVTCAMP	빚	424
EVTCAMP	빛	425
EVTCAMP	빠	426
EVTCAMP	빨	427
EVTCAMP	빴	428
EVTCAMP	빼	429
EVTCAMP	뻐	430
EVTCAMP	뿐	431
EVTCAMP	쁘	432
EVTCAMP	살	433
EVTCAMP	새	434
EVTCAMP	설	435
EVTCAMP	섭	436
EVTCAMP	속	437
EVTCAMP	손	438
EVTCAMP	솔	439
EVTCAMP	송	440
EVTCAMP	숨	441
EVTCAMP	숲	442
EVTCAMP	슈	443
EVTCAMP	슨	444
EVTCAMP	습	445
EVTCAMP	슷	446
EVTCAMP	식	447
EVTCAMP	신	448
EVTCAMP	싶	449
EVTCAMP	싼	450
EVTCAMP	써	451
EVTCAMP	썩	452
EVTCAMP	쎄	453
EVTCAMP	쓰	454
EVTCAMP	쓴	455
EVTCAMP	쓸	456
EVTCAMP	씬	457
EVTCAMP	앞	458
EVTCAMP	애	459
EVTCAMP	약	460
EVTCAMP	얌	461
EVTCAMP	양	462
EVTCAMP	억	463
EVTCAMP	얻	464
EVTCAMP	얼	465
EVTCAMP	엇	466
EVTCAMP	엔	467
EVTCAMP	연	468
EVTCAMP	열	469
EVTCAMP	였	470
EVTCAMP	영	471
EVTCAMP	완	472
EVTCAMP	왜	473
EVTCAMP	요	474
EVTCAMP	운	475
EVTCAMP	울	476
EVTCAMP	움	477
EVTCAMP	워	478
EVTCAMP	원	479
EVTCAMP	웜	480
EVTCAMP	웠	481
EVTCAMP	유	482
EVTCAMP	응	483
EVTCAMP	잃	484
EVTCAMP	작	485
EVTCAMP	잔	486
EVTCAMP	잖	487
EVTCAMP	잘	488
EVTCAMP	잠	489
EVTCAMP	잡	490
EVTCAMP	재	491
EVTCAMP	쟁	492
EVTCAMP	절	493
EVTCAMP	접	494
EVTCAMP	져	495
EVTCAMP	졌	496
EVTCAMP	존	497
EVTCAMP	종	498
EVTCAMP	좋	499
EVTCAMP	죄	500
EVTCAMP	죽	501
EVTCAMP	줄	502
EVTCAMP	줘	503
EVTCAMP	줬	504
EVTCAMP	질	505
EVTCAMP	짐	506
EVTCAMP	짓	507
EVTCAMP	짜	508
EVTCAMP	째	509
EVTCAMP	쨌	510
EVTCAMP	쩐	511
EVTCAMP	쯤	512
EVTCAMP	차	513
EVTCAMP	찮	514
EVTCAMP	참	515
EVTCAMP	창	516
EVTCAMP	찾	517
EVTCAMP	채	518
EVTCAMP	천	519
EVTCAMP	철	520
EVTCAMP	쳐	521
EVTCAMP	출	522
EVTCAMP	취	523
EVTCAMP	칙	524
EVTCAMP	침	525
EVTCAMP	쿠	526
EVTCAMP	큰	527
EVTCAMP	킨	528
EVTCAMP	탁	529
EVTCAMP	탓	530
EVTCAMP	테	531
EVTCAMP	텐	532
EVTCAMP	토	533
EVTCAMP	통	534
EVTCAMP	퇴	535
EVTCAMP	투	536
EVTCAMP	특	537
EVTCAMP	튼	538
EVTCAMP	편	539
EVTCAMP	평	540
EVTCAMP	푹	541
EVTCAMP	피	542
EVTCAMP	필	543
EVTCAMP	향	544
EVTCAMP	험	545
EVTCAMP	헤	546
EVTCAMP	혼	547
EVTCAMP	환	548
EVTCAMP	활	549
EVTCAMP	황	550
EVTCAMP	회	551
EVTCAMP	후	552
EVTCAMP	훨	553
EVTCAMP	휘	554
EVTCAMP	흐	555
EVTCAMP	흔	556
EVTCAMP	희	557
EVTCAMP	힌	558
EVTCARA	'	256
EVTCARA	갈	258
EVTCARA	감	259
EVTCARA	갔	260
EVTCARA	강	261
EVTCARA	갖	262
EVTCARA	같	263
EVTCARA	개	264
EVTCARA	겐	265
EVTCARA	겨	266
EVTCARA	견	267
EVTCARA	결	268
EVTCARA	겼	269
EVTCARA	계	270
EVTCARA	곧	271
EVTCARA	골	272
EVTCARA	과	273
EVTCARA	관	274
EVTCARA	광	275
EVTCARA	괜	276
EVTCARA	교	277
EVTCARA	굳	278
EVTCARA	굴	279
EVTCARA	귀	280
EVTCARA	근	281
EVTCARA	글	282
EVTCARA	금	283
EVTCARA	긴	284
EVTCARA	깐	285
EVTCARA	깝	286
EVTCARA	깥	287
EVTCARA	깨	288
EVTCARA	꺼	289
EVTCARA	껍	290
EVTCARA	께	291
EVTCARA	꼬	292
EVTCARA	꼭	293
EVTCARA	꼴	294
EVTCARA	꽤	295
EVTCARA	꾸	296
EVTCARA	꾼	297
EVTCARA	끄	298
EVTCARA	끊	299
EVTCARA	끌	300
EVTCARA	끔	301
EVTCARA	끗	302
EVTCARA	끝	303
EVTCARA	끼	304
EVTCARA	낌	305
EVTCARA	낙	306
EVTCARA	날	307
EVTCARA	남	308
EVTCARA	났	309
EVTCARA	낯	310
EVTCARA	낳	311
EVTCARA	낸	312
EVTCARA	냈	313
EVTCARA	냐	314
EVTCARA	냥	315
EVTCARA	넓	316
EVTCARA	넘	317
EVTCARA	넣	318
EVTCARA	년	319
EVTCARA	놀	320
EVTCARA	놓	321
EVTCARA	뇌	322
EVTCARA	누	323
EVTCARA	눈	324
EVTCARA	눠	325
EVTCARA	느	326
EVTCARA	늘	327
EVTCARA	늦	328
EVTCARA	닌	329
EVTCARA	님	330
EVTCARA	닥	331
EVTCARA	단	332
EVTCARA	달	333
EVTCARA	닮	334
EVTCARA	담	335
EVTCARA	답	336
EVTCARA	닿	337
EVTCARA	댄	338
EVTCARA	덕	339
EVTCARA	던	340
EVTCARA	독	341
EVTCARA	돈	342
EVTCARA	돌	343
EVTCARA	돼	344
EVTCARA	됐	345
EVTCARA	된	346
EVTCARA	될	347
EVTCARA	두	348
EVTCARA	둔	349
EVTCARA	둘	350
EVTCARA	둥	351
EVTCARA	둬	352
EVTCARA	뒤	353
EVTCARA	든	354
EVTCARA	듣	355
EVTCARA	듯	356
EVTCARA	디	357
EVTCARA	딘	358
EVTCARA	따	359
EVTCARA	딱	360
EVTCARA	딸	361
EVTCARA	땅	362
EVTCARA	때	363
EVTCARA	땐	364
EVTCARA	떠	365
EVTCARA	떤	366
EVTCARA	떨	367
EVTCARA	떻	368
EVTCARA	또	369
EVTCARA	똑	370
EVTCARA	뜨	371
EVTCARA	락	372
EVTCARA	란	373
EVTCARA	랄	374
EVTCARA	람	375
EVTCARA	랐	376
EVTCARA	랑	377
EVTCARA	럭	378
EVTCARA	럴	379
EVTCARA	럼	380
EVTCARA	렇	381
EVTCARA	렌	382
EVTCARA	렴	383
EVTCARA	렸	384
EVTCARA	령	385
EVTCARA	례	386
EVTCARA	론	387
EVTCARA	롭	388
EVTCARA	료	389
EVTCARA	루	390
EVTCARA	뤄	391
EVTCARA	류	392
EVTCARA	른	393
EVTCARA	름	394
EVTCARA	린	395
EVTCARA	릴	396
EVTCARA	림	397
EVTCARA	립	398
EVTCARA	링	399
EVTCARA	막	400
EVTCARA	많	401
EVTCARA	맘	402
EVTCARA	맙	403
EVTCARA	맛	404
EVTCARA	망	405
EVTCARA	맞	406
EVTCARA	맡	407
EVTCARA	매	408
EVTCARA	맹	409
EVTCARA	머	410
EVTCARA	먹	411
EVTCARA	먼	412
EVTCARA	멀	413
EVTCARA	멈	414
EVTCARA	메	415
EVTCARA	멧	416
EVTCARA	며	417
EVTCARA	몰	418
EVTCARA	몸	419
EVTCARA	못	420
EVTCARA	문	421
EVTCARA	묻	422
EVTCARA	뭐	423
EVTCARA	뭔	424
EVTCARA	뭣	425
EVTCARA	밀	426
EVTCARA	박	427
EVTCARA	밖	428
EVTCARA	받	429
EVTCARA	밤	430
EVTCARA	밥	431
EVTCARA	벌	432
EVTCARA	범	433
EVTCARA	법	434
EVTCARA	베	435
EVTCARA	벽	436
EVTCARA	별	437
EVTCARA	병	438
EVTCARA	본	439
EVTCARA	볼	440
EVTCARA	봐	441
EVTCARA	봤	442
EVTCARA	분	443
EVTCARA	붙	444
EVTCARA	빛	445
EVTCARA	빠	446
EVTCARA	빨	447
EVTCARA	빼	448
EVTCARA	뺏	449
EVTCARA	뻐	450
EVTCARA	뻤	451
EVTCARA	뽑	452
EVTCARA	뿌	453
EVTCARA	뿐	454
EVTCARA	쁜	455
EVTCARA	살	456
EVTCARA	삶	457
EVTCARA	삼	458
EVTCARA	새	459
EVTCARA	섞	460
EVTCARA	섣	461
EVTCARA	섭	462
EVTCARA	섰	463
EVTCARA	셔	464
EVTCARA	셨	465
EVTCARA	속	466
EVTCARA	손	467
EVTCARA	송	468
EVTCARA	숙	469
EVTCARA	술	470
EVTCARA	숨	471
EVTCARA	숲	472
EVTCARA	쉽	473
EVTCARA	쉿	474
EVTCARA	슈	476
EVTCARA	슨	477
EVTCARA	슬	478
EVTCARA	습	479
EVTCARA	승	480
EVTCARA	식	481
EVTCARA	신	482
EVTCARA	싫	483
EVTCARA	싶	484
EVTCARA	싼	485
EVTCARA	쌓	486
EVTCARA	써	487
EVTCARA	쎄	488
EVTCARA	쓰	489
EVTCARA	쓸	490
EVTCARA	씨	491
EVTCARA	씬	492
EVTCARA	씻	493
EVTCARA	앉	494
EVTCARA	압	495
EVTCARA	애	496
EVTCARA	액	497
EVTCARA	약	498
EVTCARA	양	499
EVTCARA	얻	500
EVTCARA	얼	501
EVTCARA	얽	502
EVTCARA	엄	503
EVTCARA	엔	504
EVTCARA	연	506
EVTCARA	열	507
EVTCARA	였	508
EVTCARA	영	509
EVTCARA	옛	510
EVTCARA	올	511
EVTCARA	옮	513
EVTCARA	완	514
EVTCARA	왜	515
EVTCARA	왠	516
EVTCARA	요	517
EVTCARA	운	518
EVTCARA	울	519
EVTCARA	움	520
EVTCARA	워	521
EVTCARA	원	522
EVTCARA	웠	523
EVTCARA	유	524
EVTCARA	응	525
EVTCARA	읽	526
EVTCARA	임	527
EVTCARA	잊	528
EVTCARA	작	529
EVTCARA	잖	530
EVTCARA	잘	531
EVTCARA	잠	532
EVTCARA	잡	533
EVTCARA	재	534
EVTCARA	잿	535
EVTCARA	쟁	536
EVTCARA	절	537
EVTCARA	젊	538
EVTCARA	점	539
EVTCARA	젠	540
EVTCARA	젬	541
EVTCARA	져	542
EVTCARA	졌	543
EVTCARA	존	544
EVTCARA	좀	545
EVTCARA	종	546
EVTCARA	좋	547
EVTCARA	죄	548
EVTCARA	죠	549
EVTCARA	죽	550
EVTCARA	줄	551
EVTCARA	줌	552
EVTCARA	줘	553
EVTCARA	줬	554
EVTCARA	즘	555
EVTCARA	증	556
EVTCARA	질	557
EVTCARA	짐	558
EVTCARA	짓	559
EVTCARA	짜	560
EVTCARA	째	561
EVTCARA	쨌	562
EVTCARA	쩌	563
EVTCARA	쩔	564
EVTCARA	차	565
EVTCARA	찬	566
EVTCARA	찮	567
EVTCARA	찾	568
EVTCARA	천	569
EVTCARA	청	570
EVTCARA	쳐	571
EVTCARA	쳤	572
EVTCARA	추	573
EVTCARA	충	574
EVTCARA	춰	575
EVTCARA	취	576
EVTCARA	츠	577
EVTCARA	친	578
EVTCARA	침	579
EVTCARA	칫	580
EVTCARA	캐	581
EVTCARA	켜	582
EVTCARA	켰	583
EVTCARA	코	584
EVTCARA	쿠	585
EVTCARA	쿨	586
EVTCARA	큰	587
EVTCARA	키	588
EVTCARA	킬	589
EVTCARA	탁	590
EVTCARA	탈	591
EVTCARA	탓	592
EVTCARA	탔	593
EVTCARA	탬	594
EVTCARA	테	595
EVTCARA	텐	596
EVTCARA	토	597
EVTCARA	톱	598
EVTCARA	통	599
EVTCARA	특	600
EVTCARA	튼	601
EVTCARA	티	602
EVTCARA	팠	603
EVTCARA	퍼	604
EVTCARA	페	605
EVTCARA	편	606
EVTCARA	평	607
EVTCARA	폐	608
EVTCARA	풀	609
EVTCARA	피	610
EVTCARA	필	611
EVTCARA	향	612
EVTCARA	허	613
EVTCARA	헌	614
EVTCARA	험	615
EVTCARA	헤	616
EVTCARA	혀	617
EVTCARA	혔	618
EVTCARA	혼	619
EVTCARA	활	620
EVTCARA	황	621
EVTCARA	훨	622
EVTCARA	휴	623
EVTCARA	흔	624
EVTCARA	흘	625
EVTCARA	희	626
EVTCARA	힌	627
EVTEXCA	갈	256
EVTEXCA	감	257
EVTEXCA	갑	258
EVTEXCA	검	259
EVTEXCA	결	260
EVTEXCA	과	261
EVTEXCA	괜	262
EVTEXCA	굴	263
EVTEXCA	귀	264
EVTEXCA	금	265
EVTEXCA	깨	266
EVTEXCA	꽤	267
EVTEXCA	날	268
EVTEXCA	남	269
EVTEXCA	널	270
EVTEXCA	눈	271
EVTEXCA	던	272
EVTEXCA	돼	273
EVTEXCA	된	274
EVTEXCA	둔	275
EVTEXCA	듯	276
EVTEXCA	때	277
EVTEXCA	떨	278
EVTEXCA	떻	279
EVTEXCA	뜨	280
EVTEXCA	란	281
EVTEXCA	람	282
EVTEXCA	렸	283
EVTEXCA	룸	284
EVTEXCA	른	285
EVTEXCA	망	286
EVTEXCA	맞	287
EVTEXCA	먼	288
EVTEXCA	몸	289
EVTEXCA	뭔	290
EVTEXCA	뭘	291
EVTEXCA	밖	292
EVTEXCA	벌	293
EVTEXCA	본	294
EVTEXCA	봤	295
EVTEXCA	분	296
EVTEXCA	빨	297
EVTEXCA	섭	298
EVTEXCA	식	299
EVTEXCA	싶	300
EVTEXCA	써	301
EVTEXCA	쓰	302
EVTEXCA	억	303
EVTEXCA	엔	304
EVTEXCA	요	305
EVTEXCA	운	306
EVTEXCA	움	307
EVTEXCA	웠	308
EVTEXCA	유	309
EVTEXCA	잖	310
EVTEXCA	재	311
EVTEXCA	져	312
EVTEXCA	졌	313
EVTEXCA	죽	314
EVTEXCA	차	315
EVTEXCA	찮	316
EVTEXCA	창	317
EVTEXCA	찾	318
EVTEXCA	채	319
EVTEXCA	쳇	320
EVTEXCA	컨	321
EVTEXCA	털	322
EVTEXCA	테	323
EVTEXCA	편	324
EVTEXCA	헌	325
EVTEXCA	혀	326
EVTRUIN	겨	256
EVTRUIN	계	257
EVTRUIN	굴	258
EVTRUIN	금	259
EVTRUIN	남	260
EVTRUIN	둔	261
EVTRUIN	떨	262
EVTRUIN	뗄	263
EVTRUIN	못	264
EVTRUIN	문	265
EVTRUIN	묻	266
EVTRUIN	뭔	267
EVTRUIN	베	268
EVTRUIN	빛	269
EVTRUIN	설	270
EVTRUIN	쇠	271
EVTRUIN	쓰	272
EVTRUIN	쓸	273
EVTRUIN	엘	274
EVTRUIN	열	275
EVTRUIN	옆	279
EVTRUIN	움	280
EVTRUIN	유	281
EVTRUIN	잘	282
EVTRUIN	잠	283
EVTRUIN	좀	284
EVTRUIN	층	285
EVTRUIN	풀	286
EVTRUIN	혀	287
EVTSEEK	"	256
EVTSEEK	'	258
EVTSEEK	ュ	259
EVTSEEK	갈	260
EVTSEEK	감	261
EVTSEEK	갑	262
EVTSEEK	갔	263
EVTSEEK	강	264
EVTSEEK	갖	265
EVTSEEK	같	266
EVTSEEK	개	267
EVTSEEK	걘	268
EVTSEEK	걱	269
EVTSEEK	겐	270
EVTSEEK	겨	271
EVTSEEK	견	272
EVTSEEK	결	273
EVTSEEK	계	274
EVTSEEK	곡	275
EVTSEEK	곧	276
EVTSEEK	과	277
EVTSEEK	관	278
EVTSEEK	광	279
EVTSEEK	괜	280
EVTSEEK	괴	281
EVTSEEK	굳	282
EVTSEEK	굴	283
EVTSEEK	귀	284
EVTSEEK	근	285
EVTSEEK	금	286
EVTSEEK	급	288
EVTSEEK	긋	289
EVTSEEK	긴	290
EVTSEEK	깊	291
EVTSEEK	깔	292
EVTSEEK	깥	293
EVTSEEK	깨	294
EVTSEEK	꺼	295
EVTSEEK	껍	296
EVTSEEK	께	297
EVTSEEK	꼭	298
EVTSEEK	꼴	299
EVTSEEK	꽃	300
EVTSEEK	꽤	301
EVTSEEK	꿨	302
EVTSEEK	뀔	303
EVTSEEK	끄	304
EVTSEEK	끈	305
EVTSEEK	끌	306
EVTSEEK	끗	307
EVTSEEK	끝	308
EVTSEEK	날	309
EVTSEEK	낡	310
EVTSEEK	남	311
EVTSEEK	납	312
EVTSEEK	났	313
EVTSEEK	낸	314
EVTSEEK	낼	315
EVTSEEK	냄	316
EVTSEEK	냐	317
EVTSEEK	냥	318
EVTSEEK	넌	319
EVTSEEK	널	320
EVTSEEK	넘	321
EVTSEEK	넣	322
EVTSEEK	넨	323
EVTSEEK	년	324
EVTSEEK	노	325
EVTSEEK	놀	326
EVTSEEK	놓	327
EVTSEEK	놨	328
EVTSEEK	누	329
EVTSEEK	눈	330
EVTSEEK	느	331
EVTSEEK	늘	332
EVTSEEK	늬	333
EVTSEEK	닌	334
EVTSEEK	님	335
EVTSEEK	단	336
EVTSEEK	닫	337
EVTSEEK	달	338
EVTSEEK	덕	339
EVTSEEK	던	340
EVTSEEK	독	341
EVTSEEK	돌	342
EVTSEEK	돕	343
EVTSEEK	돼	344
EVTSEEK	됐	345
EVTSEEK	된	346
EVTSEEK	될	347
EVTSEEK	두	348
EVTSEEK	둔	349
EVTSEEK	둘	350
EVTSEEK	둥	351
EVTSEEK	둬	352
EVTSEEK	뒤	353
EVTSEEK	득	354
EVTSEEK	든	355
EVTSEEK	듯	356
EVTSEEK	디	357
EVTSEEK	따	358
EVTSEEK	딱	359
EVTSEEK	때	360
EVTSEEK	떠	362
EVTSEEK	떤	363
EVTSEEK	떻	364
EVTSEEK	떼	365
EVTSEEK	똑	366
EVTSEEK	뜨	367
EVTSEEK	뜩	368
EVTSEEK	뜰	369
EVTSEEK	락	370
EVTSEEK	란	371
EVTSEEK	람	372
EVTSEEK	랑	373
EVTSEEK	랜	374
EVTSEEK	램	375
EVTSEEK	량	376
EVTSEEK	럼	377
EVTSEEK	렀	378
EVTSEEK	렇	379
EVTSEEK	렌	380
EVTSEEK	련	381
EVTSEEK	렴	382
EVTSEEK	렵	383
EVTSEEK	렸	384
EVTSEEK	령	385
EVTSEEK	례	386
EVTSEEK	론	387
EVTSEEK	료	388
EVTSEEK	루	389
EVTSEEK	류	390
EVTSEEK	른	391
EVTSEEK	름	392
EVTSEEK	릇	393
EVTSEEK	린	394
EVTSEEK	림	395
EVTSEEK	립	396
EVTSEEK	막	397
EVTSEEK	많	398
EVTSEEK	망	399
EVTSEEK	맡	400
EVTSEEK	매	401
EVTSEEK	머	402
EVTSEEK	먹	403
EVTSEEK	먼	404
EVTSEEK	메	405
EVTSEEK	며	406
EVTSEEK	멸	407
EVTSEEK	몇	408
EVTSEEK	몫	409
EVTSEEK	몬	410
EVTSEEK	몰	411
EVTSEEK	몸	412
EVTSEEK	못	413
EVTSEEK	문	414
EVTSEEK	뭐	415
EVTSEEK	뭔	416
EVTSEEK	뭘	417
EVTSEEK	밖	418
EVTSEEK	받	419
EVTSEEK	밤	420
EVTSEEK	백	421
EVTSEEK	범	422
EVTSEEK	법	423
EVTSEEK	베	424
EVTSEEK	벤	425
EVTSEEK	벼	426
EVTSEEK	벽	427
EVTSEEK	별	428
EVTSEEK	병	429
EVTSEEK	복	430
EVTSEEK	본	431
EVTSEEK	봉	432
EVTSEEK	봐	433
EVTSEEK	봤	434
EVTSEEK	분	435
EVTSEEK	붙	436
EVTSEEK	블	437
EVTSEEK	빈	438
EVTSEEK	빌	439
EVTSEEK	빠	440
EVTSEEK	빨	441
EVTSEEK	빼	442
EVTSEEK	뻔	443
EVTSEEK	뿌	444
EVTSEEK	뿐	445
EVTSEEK	살	446
EVTSEEK	새	447
EVTSEEK	색	448
EVTSEEK	샘	449
EVTSEEK	섞	450
EVTSEEK	설	451
EVTSEEK	섰	452
EVTSEEK	셈	453
EVTSEEK	셨	454
EVTSEEK	셰	455
EVTSEEK	속	456
EVTSEEK	손	458
EVTSEEK	솜	459
EVTSEEK	송	460
EVTSEEK	쇠	461
EVTSEEK	쇼	462
EVTSEEK	순	463
EVTSEEK	술	464
EVTSEEK	숨	465
EVTSEEK	숲	466
EVTSEEK	쉈	467
EVTSEEK	쉬	469
EVTSEEK	쉴	470
EVTSEEK	쉽	471
EVTSEEK	슈	472
EVTSEEK	슨	473
EVTSEEK	슬	474
EVTSEEK	습	475
EVTSEEK	승	476
EVTSEEK	식	477
EVTSEEK	신	478
EVTSEEK	싫	479
EVTSEEK	싶	480
EVTSEEK	싼	481
EVTSEEK	써	482
EVTSEEK	썼	483
EVTSEEK	쓰	484
EVTSEEK	쓴	485
EVTSEEK	쓸	486
EVTSEEK	씨	487
EVTSEEK	씬	488
EVTSEEK	앗	489
EVTSEEK	앙	490
EVTSEEK	앞	491
EVTSEEK	애	492
EVTSEEK	액	493
EVTSEEK	약	494
EVTSEEK	양	495
EVTSEEK	억	496
EVTSEEK	얼	497
EVTSEEK	엄	498
EVTSEEK	엔	499
EVTSEEK	엮	500
EVTSEEK	연	501
EVTSEEK	열	502
EVTSEEK	염	503
EVTSEEK	였	504
EVTSEEK	영	505
EVTSEEK	옛	506
EVTSEEK	올	507
EVTSEEK	옭	508
EVTSEEK	옮	509
EVTSEEK	옷	510
EVTSEEK	왜	511
EVTSEEK	요	512
EVTSEEK	운	513
EVTSEEK	울	514
EVTSEEK	움	515
EVTSEEK	웃	516
EVTSEEK	웅	517
EVTSEEK	워	518
EVTSEEK	원	519
EVTSEEK	웠	520
EVTSEEK	유	521
EVTSEEK	응	522
EVTSEEK	읽	523
EVTSEEK	잃	524
EVTSEEK	임	525
EVTSEEK	잊	526
EVTSEEK	작	527
EVTSEEK	잔	528
EVTSEEK	잖	529
EVTSEEK	잘	530
EVTSEEK	잠	531
EVTSEEK	잡	532
EVTSEEK	재	533
EVTSEEK	절	534
EVTSEEK	젊	535
EVTSEEK	점	536
EVTSEEK	접	537
EVTSEEK	져	538
EVTSEEK	졌	539
EVTSEEK	존	540
EVTSEEK	좀	541
EVTSEEK	종	542
EVTSEEK	좋	543
EVTSEEK	죄	544
EVTSEEK	죽	545
EVTSEEK	줄	546
EVTSEEK	줘	547
EVTSEEK	줬	548
EVTSEEK	즉	549
EVTSEEK	질	550
EVTSEEK	짐	551
EVTSEEK	집	552
EVTSEEK	짓	553
EVTSEEK	짜	554
EVTSEEK	째	555
EVTSEEK	쩌	556
EVTSEEK	쩔	557
EVTSEEK	찬	558
EVTSEEK	찮	559
EVTSEEK	참	560
EVTSEEK	창	561
EVTSEEK	찾	562
EVTSEEK	채	563
EVTSEEK	책	564
EVTSEEK	챘	565
EVTSEEK	천	566
EVTSEEK	첫	567
EVTSEEK	청	568
EVTSEEK	쳇	569
EVTSEEK	쳐	570
EVTSEEK	쳤	571
EVTSEEK	추	572
EVTSEEK	축	573
EVTSEEK	출	574
EVTSEEK	충	575
EVTSEEK	춰	576
EVTSEEK	췄	577
EVTSEEK	취	578
EVTSEEK	츠	579
EVTSEEK	친	580
EVTSEEK	칠	581
EVTSEEK	침	582
EVTSEEK	켜	583
EVTSEEK	켰	584
EVTSEEK	큰	585
EVTSEEK	큼	586
EVTSEEK	키	587
EVTSEEK	킨	588
EVTSEEK	탁	589
EVTSEEK	탈	590
EVTSEEK	탐	591
EVTSEEK	탓	592
EVTSEEK	테	593
EVTSEEK	텐	594
EVTSEEK	통	595
EVTSEEK	투	596
EVTSEEK	특	597
EVTSEEK	튼	598
EVTSEEK	틈	599
EVTSEEK	페	600
EVTSEEK	편	601
EVTSEEK	평	602
EVTSEEK	푸	603
EVTSEEK	피	604
EVTSEEK	필	605
EVTSEEK	항	606
EVTSEEK	향	607
EVTSEEK	허	608
EVTSEEK	헌	609
EVTSEEK	험	610
EVTSEEK	헛	611
EVTSEEK	혀	612
EVTSEEK	혈	613
EVTSEEK	협	614
EVTSEEK	혼	615
EVTSEEK	확	616
EVTSEEK	환	617
EVTSEEK	활	618
EVTSEEK	황	619
EVTSEEK	회	620
EVTSEEK	훈	621
EVTSEEK	훨	622
EVTSEEK	휘	623
EVTSEEK	흉	624
EVTSEEK	흐	625
EVTSEEK	흩	626
EVTSEEK	희	627
EVTSEEK	힌	628
EVTSEEK	힐	629
EVTZOAH	'	256
EVTZOAH	-	257
EVTZOAH	=	258
EVTZOAH	n	259
EVTZOAH	ョ	260
EVTZOAH	갈	261
EVTZOAH	감	263
EVTZOAH	값	264
EVTZOAH	갔	265
EVTZOAH	강	266
EVTZOAH	갖	267
EVTZOAH	같	268
EVTZOAH	갚	269
EVTZOAH	개	270
EVTZOAH	걱	271
EVTZOAH	검	272
EVTZOAH	겁	273
EVTZOAH	겐	274
EVTZOAH	겨	275
EVTZOAH	견	276
EVTZOAH	결	277
EVTZOAH	겼	278
EVTZOAH	계	279
EVTZOAH	곡	280
EVTZOAH	곧	281
EVTZOAH	골	282
EVTZOAH	과	283
EVTZOAH	관	284
EVTZOAH	광	285
EVTZOAH	괜	286
EVTZOAH	괴	287
EVTZOAH	굉	288
EVTZOAH	교	289
EVTZOAH	굳	290
EVTZOAH	굴	291
EVTZOAH	권	292
EVTZOAH	귀	293
EVTZOAH	규	294
EVTZOAH	근	295
EVTZOAH	글	296
EVTZOAH	금	297
EVTZOAH	급	298
EVTZOAH	긍	299
EVTZOAH	긴	300
EVTZOAH	깊	301
EVTZOAH	깎	302
EVTZOAH	깐	303
EVTZOAH	깔	304
EVTZOAH	깥	305
EVTZOAH	깨	306
EVTZOAH	꺼	307
EVTZOAH	껍	308
EVTZOAH	껑	309
EVTZOAH	께	310
EVTZOAH	꼬	311
EVTZOAH	꼭	312
EVTZOAH	꼴	313
EVTZOAH	꼽	314
EVTZOAH	꽉	315
EVTZOAH	꽤	316
EVTZOAH	꾸	317
EVTZOAH	꾼	318
EVTZOAH	꿔	319
EVTZOAH	끄	320
EVTZOAH	끈	321
EVTZOAH	끊	322
EVTZOAH	끔	323
EVTZOAH	끗	324
EVTZOAH	끝	325
EVTZOAH	끼	326
EVTZOAH	낄	327
EVTZOAH	낌	328
EVTZOAH	낙	329
EVTZOAH	날	330
EVTZOAH	낡	331
EVTZOAH	남	332
EVTZOAH	납	333
EVTZOAH	낫	334
EVTZOAH	났	335
EVTZOAH	낮	336
EVTZOAH	낯	337
EVTZOAH	낳	338
EVTZOAH	낸	339
EVTZOAH	낼	340
EVTZOAH	냄	341
EVTZOAH	냈	342
EVTZOAH	냉	343
EVTZOAH	냐	344
EVTZOAH	냥	345
EVTZOAH	넌	346
EVTZOAH	널	347
EVTZOAH	넘	348
EVTZOAH	넣	349
EVTZOAH	넨	350
EVTZOAH	넬	351
EVTZOAH	년	352
EVTZOAH	노	353
EVTZOAH	놀	354
EVTZOAH	농	355
EVTZOAH	높	356
EVTZOAH	놓	357
EVTZOAH	놔	358
EVTZOAH	놨	359
EVTZOAH	뇨	360
EVTZOAH	누	361
EVTZOAH	눈	362
EVTZOAH	눌	363
EVTZOAH	눠	364
EVTZOAH	느	365
EVTZOAH	늘	366
EVTZOAH	늙	367
EVTZOAH	닌	368
EVTZOAH	닐	369
EVTZOAH	님	370
EVTZOAH	닥	371
EVTZOAH	단	372
EVTZOAH	닫	373
EVTZOAH	달	374
EVTZOAH	담	375
EVTZOAH	답	376
EVTZOAH	댁	377
EVTZOAH	댄	378
EVTZOAH	덕	379
EVTZOAH	던	380
EVTZOAH	덥	381
EVTZOAH	덮	382
EVTZOAH	독	383
EVTZOAH	돈	384
EVTZOAH	돌	385
EVTZOAH	돕	386
EVTZOAH	돼	387
EVTZOAH	됐	388
EVTZOAH	된	389
EVTZOAH	될	390
EVTZOAH	두	391
EVTZOAH	둑	392
EVTZOAH	둔	393
EVTZOAH	둘	394
EVTZOAH	둥	395
EVTZOAH	둬	396
EVTZOAH	뒀	397
EVTZOAH	뒈	398
EVTZOAH	뒤	399
EVTZOAH	득	400
EVTZOAH	든	401
EVTZOAH	듣	402
EVTZOAH	듭	403
EVTZOAH	듯	404
EVTZOAH	디	405
EVTZOAH	따	406
EVTZOAH	딱	407
EVTZOAH	딴	408
EVTZOAH	딸	409
EVTZOAH	땅	410
EVTZOAH	때	411
EVTZOAH	땐	412
EVTZOAH	땔	413
EVTZOAH	땠	414
EVTZOAH	떠	415
EVTZOAH	떤	416
EVTZOAH	떨	417
EVTZOAH	떻	418
EVTZOAH	떼	419
EVTZOAH	뗀	420
EVTZOAH	또	421
EVTZOAH	똑	422
EVTZOAH	뚜	423
EVTZOAH	뚱	424
EVTZOAH	뜨	425
EVTZOAH	뜩	426
EVTZOAH	뜯	427
EVTZOAH	뜸	428
EVTZOAH	뜻	429
EVTZOAH	락	430
EVTZOAH	란	431
EVTZOAH	랄	432
EVTZOAH	람	433
EVTZOAH	랐	434
EVTZOAH	랑	435
EVTZOAH	랠	436
EVTZOAH	램	437
EVTZOAH	랬	438
EVTZOAH	략	439
EVTZOAH	량	440
EVTZOAH	럼	441
EVTZOAH	럽	442
EVTZOAH	렁	443
EVTZOAH	렇	444
EVTZOAH	련	445
EVTZOAH	렴	446
EVTZOAH	렵	447
EVTZOAH	렸	448
EVTZOAH	령	449
EVTZOAH	례	450
EVTZOAH	론	451
EVTZOAH	롭	452
EVTZOAH	료	453
EVTZOAH	루	454
EVTZOAH	뤘	455
EVTZOAH	류	456
EVTZOAH	륙	457
EVTZOAH	륭	458
EVTZOAH	른	459
EVTZOAH	름	460
EVTZOAH	린	461
EVTZOAH	릴	462
EVTZOAH	림	463
EVTZOAH	립	464
EVTZOAH	막	465
EVTZOAH	많	466
EVTZOAH	맘	467
EVTZOAH	맙	468
EVTZOAH	맛	469
EVTZOAH	망	470
EVTZOAH	맞	471
EVTZOAH	맡	472
EVTZOAH	매	473
EVTZOAH	맹	474
EVTZOAH	머	475
EVTZOAH	먹	476
EVTZOAH	먼	477
EVTZOAH	멀	478
EVTZOAH	멈	479
EVTZOAH	멋	480
EVTZOAH	메	481
EVTZOAH	멜	482
EVTZOAH	며	483
EVTZOAH	멸	484
EVTZOAH	몇	485
EVTZOAH	몫	486
EVTZOAH	몬	487
EVTZOAH	몰	488
EVTZOAH	몸	489
EVTZOAH	못	490
EVTZOAH	묘	491
EVTZOAH	문	492
EVTZOAH	뭐	493
EVTZOAH	뭔	494
EVTZOAH	뭘	495
EVTZOAH	민	496
EVTZOAH	믿	497
EVTZOAH	밀	498
EVTZOAH	밌	499
EVTZOAH	밑	500
EVTZOAH	박	501
EVTZOAH	밖	502
EVTZOAH	받	503
EVTZOAH	밝	504
EVTZOAH	밤	505
EVTZOAH	밥	506
EVTZOAH	밭	507
EVTZOAH	백	508
EVTZOAH	벌	509
EVTZOAH	범	510
EVTZOAH	법	511
EVTZOAH	베	512
EVTZOAH	벨	513
EVTZOAH	벽	514
EVTZOAH	별	515
EVTZOAH	복	516
EVTZOAH	본	517
EVTZOAH	볼	518
EVTZOAH	봅	519
EVTZOAH	봉	520
EVTZOAH	봐	521
EVTZOAH	봤	522
EVTZOAH	뵐	523
EVTZOAH	분	524
EVTZOAH	붕	525
EVTZOAH	붙	526
EVTZOAH	브	527
EVTZOAH	블	528
EVTZOAH	빌	529
EVTZOAH	빚	530
EVTZOAH	빛	531
EVTZOAH	빠	532
EVTZOAH	빨	533
EVTZOAH	빼	534
EVTZOAH	뻐	535
EVTZOAH	뻔	536
EVTZOAH	뿐	537
EVTZOAH	뿔	538
EVTZOAH	쁘	539
EVTZOAH	쁜	540
EVTZOAH	살	541
EVTZOAH	삼	542
EVTZOAH	새	543
EVTZOAH	색	544
EVTZOAH	샛	545
EVTZOAH	샤	546
EVTZOAH	섣	547
EVTZOAH	설	548
EVTZOAH	섬	549
EVTZOAH	섭	550
EVTZOAH	섰	551
EVTZOAH	센	552
EVTZOAH	셈	553
EVTZOAH	셨	554
EVTZOAH	속	555
EVTZOAH	손	556
EVTZOAH	솔	557
EVTZOAH	송	558
EVTZOAH	쇠	559
EVTZOAH	쇼	560
EVTZOAH	숙	561
EVTZOAH	순	562
EVTZOAH	술	563
EVTZOAH	숨	564
EVTZOAH	숲	565
EVTZOAH	쉬	566
EVTZOAH	쉽	567
EVTZOAH	슈	568
EVTZOAH	슨	569
EVTZOAH	슬	570
EVTZOAH	습	571
EVTZOAH	승	572
EVTZOAH	식	573
EVTZOAH	신	574
EVTZOAH	싫	575
EVTZOAH	십	576
EVTZOAH	싶	577
EVTZOAH	싼	578
EVTZOAH	쌓	579
EVTZOAH	써	580
EVTZOAH	썽	581
EVTZOAH	쎄	582
EVTZOAH	쏟	583
EVTZOAH	쏠	584
EVTZOAH	쐈	585
EVTZOAH	쓰	586
EVTZOAH	쓴	587
EVTZOAH	쓸	588
EVTZOAH	씀	589
EVTZOAH	씌	590
EVTZOAH	씨	591
EVTZOAH	씩	592
EVTZOAH	씬	593
EVTZOAH	악	594
EVTZOAH	앉	595
EVTZOAH	압	596
EVTZOAH	앗	597
EVTZOAH	앙	598
EVTZOAH	앞	599
EVTZOAH	애	600
EVTZOAH	액	601
EVTZOAH	약	602
EVTZOAH	얇	603
EVTZOAH	양	604
EVTZOAH	얕	605
EVTZOAH	억	606
EVTZOAH	얻	607
EVTZOAH	얼	608
EVTZOAH	얽	609
EVTZOAH	엄	610
EVTZOAH	업	611
EVTZOAH	엇	612
EVTZOAH	엔	613
EVTZOAH	엘	614
EVTZOAH	엮	615
EVTZOAH	연	616
EVTZOAH	열	617
EVTZOAH	염	618
EVTZOAH	였	619
EVTZOAH	영	620
EVTZOAH	옆	621
EVTZOAH	옥	622
EVTZOAH	올	623
EVTZOAH	왁	624
EVTZOAH	완	625
EVTZOAH	왜	626
EVTZOAH	왼	627
EVTZOAH	요	628
EVTZOAH	욕	629
EVTZOAH	운	630
EVTZOAH	울	631
EVTZOAH	움	632
EVTZOAH	웃	633
EVTZOAH	워	634
EVTZOAH	원	635
EVTZOAH	월	636
EVTZOAH	웜	637
EVTZOAH	웠	638
EVTZOAH	유	639
EVTZOAH	육	640
EVTZOAH	윤	641
EVTZOAH	율	642
EVTZOAH	윽	643
EVTZOAH	응	644
EVTZOAH	읽	645
EVTZOAH	잃	646
EVTZOAH	임	647
EVTZOAH	잇	648
EVTZOAH	잊	649
EVTZOAH	작	650
EVTZOAH	잔	651
EVTZOAH	잖	652
EVTZOAH	잘	653
EVTZOAH	잠	654
EVTZOAH	잡	655
EVTZOAH	재	656
EVTZOAH	잿	657
EVTZOAH	쟁	658
EVTZOAH	절	659
EVTZOAH	젊	660
EVTZOAH	점	661
EVTZOAH	접	662
EVTZOAH	젠	663
EVTZOAH	져	664
EVTZOAH	졌	665
EVTZOAH	존	666
EVTZOAH	졸	667
EVTZOAH	좀	668
EVTZOAH	종	669
EVTZOAH	좋	670
EVTZOAH	좌	671
EVTZOAH	죄	672
EVTZOAH	죽	673
EVTZOAH	줄	674
EVTZOAH	줘	675
EVTZOAH	줬	676
EVTZOAH	즉	677
EVTZOAH	즘	678
EVTZOAH	증	679
EVTZOAH	질	680
EVTZOAH	짐	681
EVTZOAH	집	682
EVTZOAH	짓	683
EVTZOAH	징	684
EVTZOAH	짚	685
EVTZOAH	짜	686
EVTZOAH	짝	687
EVTZOAH	짱	688
EVTZOAH	째	689
EVTZOAH	쨌	690
EVTZOAH	쩍	691
EVTZOAH	쩐	692
EVTZOAH	쩡	693
EVTZOAH	쩨	694
EVTZOAH	쪼	695
EVTZOAH	쭐	696
EVTZOAH	찌	697
EVTZOAH	찔	698
EVTZOAH	찢	699
EVTZOAH	차	700
EVTZOAH	찮	701
EVTZOAH	참	702
EVTZOAH	찼	703
EVTZOAH	창	704
EVTZOAH	찾	705
EVTZOAH	채	706
EVTZOAH	책	707
EVTZOAH	챈	708
EVTZOAH	천	709
EVTZOAH	철	710
EVTZOAH	청	711
EVTZOAH	쳐	712
EVTZOAH	쳤	713
EVTZOAH	초	714
EVTZOAH	촉	715
EVTZOAH	추	716
EVTZOAH	축	717
EVTZOAH	출	718
EVTZOAH	춤	719
EVTZOAH	충	720
EVTZOAH	춰	721
EVTZOAH	취	722
EVTZOAH	층	723
EVTZOAH	칙	724
EVTZOAH	친	725
EVTZOAH	칠	726
EVTZOAH	침	727
EVTZOAH	칫	728
EVTZOAH	캔	729
EVTZOAH	케	730
EVTZOAH	켜	731
EVTZOAH	켰	732
EVTZOAH	코	733
EVTZOAH	콜	734
EVTZOAH	쿠	735
EVTZOAH	쿨	736
EVTZOAH	퀴	737
EVTZOAH	큰	738
EVTZOAH	클	739
EVTZOAH	큼	740
EVTZOAH	키	741
EVTZOAH	킨	742
EVTZOAH	킬	743
EVTZOAH	탁	744
EVTZOAH	탈	745
EVTZOAH	탓	746
EVTZOAH	탬	747
EVTZOAH	탱	748
EVTZOAH	텅	749
EVTZOAH	테	750
EVTZOAH	텍	751
EVTZOAH	텐	752
EVTZOAH	토	753
EVTZOAH	톨	754
EVTZOAH	통	755
EVTZOAH	퇴	756
EVTZOAH	투	757
EVTZOAH	툼	758
EVTZOAH	특	759
EVTZOAH	튼	760
EVTZOAH	틀	761
EVTZOAH	틈	762
EVTZOAH	티	763
EVTZOAH	팜	764
EVTZOAH	패	765
EVTZOAH	퍼	766
EVTZOAH	편	767
EVTZOAH	평	768
EVTZOAH	폐	769
EVTZOAH	푸	770
EVTZOAH	푼	771
EVTZOAH	풀	772
EVTZOAH	풍	773
EVTZOAH	피	774
EVTZOAH	필	775
EVTZOAH	핑	776
EVTZOAH	항	777
EVTZOAH	향	778
EVTZOAH	허	779
EVTZOAH	헌	780
EVTZOAH	험	781
EVTZOAH	헛	782
EVTZOAH	헤	783
EVTZOAH	혀	784
EVTZOAH	현	785
EVTZOAH	협	786
EVTZOAH	혜	787
EVTZOAH	혼	788
EVTZOAH	확	789
EVTZOAH	환	790
EVTZOAH	활	791
EVTZOAH	회	792
EVTZOAH	후	793
EVTZOAH	훈	794
EVTZOAH	훌	795
EVTZOAH	훔	796
EVTZOAH	훨	797
EVTZOAH	휴	798
EVTZOAH	흐	799
EVTZOAH	흔	800
EVTZOAH	흘	801
EVTZOAH	흙	802
EVTZOAH	흠	803
EVTZOAH	흥	804
EVTZOAH	흩	805
EVTZOAH	희	806
EVTZOAH	흰	807
FLAGEDIT	#	256
FLAGEDIT	&	257
FLAGEDIT	=	258
FLAGEDIT	_	259
FLAGEDIT	b	260
FLAGEDIT	y	261
FLAGEDIT	〜	262
FLAGEDIT	감	263
FLAGEDIT	견	264
FLAGEDIT	결	265
FLAGEDIT	곡	266
FLAGEDIT	과	267
FLAGEDIT	교	268
FLAGEDIT	굴	269
FLAGEDIT	금	270
FLAGEDIT	남	271
FLAGEDIT	누	272
FLAGEDIT	눈	273
FLAGEDIT	늘	274
FLAGEDIT	닛	275
FLAGEDIT	독	276
FLAGEDIT	둔	277
FLAGEDIT	둥	278
FLAGEDIT	뒤	279
FLAGEDIT	득	280
FLAGEDIT	듣	281
FLAGEDIT	등	282
FLAGEDIT	디	283
FLAGEDIT	뜨	284
FLAGEDIT	렌	285
FLAGEDIT	뢰	286
FLAGEDIT	루	287
FLAGEDIT	름	288
FLAGEDIT	릴	289
FLAGEDIT	막	290
FLAGEDIT	멜	291
FLAGEDIT	멸	292
FLAGEDIT	몹	293
FLAGEDIT	문	294
FLAGEDIT	밋	295
FLAGEDIT	백	296
FLAGEDIT	뱀	297
FLAGEDIT	벌	298
FLAGEDIT	베	299
FLAGEDIT	별	300
FLAGEDIT	분	301
FLAGEDIT	붙	302
FLAGEDIT	브	303
FLAGEDIT	설	304
FLAGEDIT	섭	305
FLAGEDIT	속	306
FLAGEDIT	쇠	307
FLAGEDIT	숲	308
FLAGEDIT	슈	309
FLAGEDIT	습	310
FLAGEDIT	승	311
FLAGEDIT	식	312
FLAGEDIT	신	313
FLAGEDIT	십	314
FLAGEDIT	약	315
FLAGEDIT	엔	316
FLAGEDIT	엘	317
FLAGEDIT	연	318
FLAGEDIT	열	319
FLAGEDIT	였	320
FLAGEDIT	영	321
FLAGEDIT	운	322
FLAGEDIT	울	323
FLAGEDIT	원	324
FLAGEDIT	웬	325
FLAGEDIT	유	326
FLAGEDIT	읽	327
FLAGEDIT	임	328
FLAGEDIT	잠	329
FLAGEDIT	잡	330
FLAGEDIT	재	331
FLAGEDIT	종	332
FLAGEDIT	죽	333
FLAGEDIT	증	334
FLAGEDIT	차	335
FLAGEDIT	찾	336
FLAGEDIT	책	337
FLAGEDIT	추	338
FLAGEDIT	츠	339
FLAGEDIT	케	340
FLAGEDIT	코	341
FLAGEDIT	클	342
FLAGEDIT	키	343
FLAGEDIT	텍	344
FLAGEDIT	투	345
FLAGEDIT	티	346
FLAGEDIT	편	347
FLAGEDIT	평	348
FLAGEDIT	허	349
FLAGEDIT	협	350
FLAGEDIT	황	351
FLAGEDIT	회	352
FLAGEDIT	후	353
FLAGEDIT	＃	354
FLD_A3	-	256
FLD_A3	〜	257
FLD_A3	갔	258
FLD_A3	강	259
FLD_A3	갖	260
FLD_A3	같	261
FLD_A3	개	262
FLD_A3	걱	263
FLD_A3	겼	264
FLD_A3	계	265
FLD_A3	곡	266
FLD_A3	과	267
FLD_A3	관	268
FLD_A3	굉	269
FLD_A3	굴	270
FLD_A3	굿	271
FLD_A3	근	272
FLD_A3	금	273
FLD_A3	급	274
FLD_A3	긴	275
FLD_A3	꽤	276
FLD_A3	꿔	277
FLD_A3	끄	278
FLD_A3	끝	279
FLD_A3	끼	280
FLD_A3	날	281
FLD_A3	남	282
FLD_A3	낮	283
FLD_A3	높	284
FLD_A3	누	285
FLD_A3	뉜	286
FLD_A3	단	287
FLD_A3	답	288
FLD_A3	던	289
FLD_A3	돌	290
FLD_A3	돼	291
FLD_A3	된	292
FLD_A3	두	293
FLD_A3	둘	294
FLD_A3	둥	295
FLD_A3	뒤	296
FLD_A3	든	297
FLD_A3	듯	298
FLD_A3	디	299
FLD_A3	딘	300
FLD_A3	딴	301
FLD_A3	때	302
FLD_A3	떠	303
FLD_A3	떨	304
FLD_A3	떻	305
FLD_A3	또	306
FLD_A3	뜨	307
FLD_A3	란	308
FLD_A3	람	309
FLD_A3	럴	310
FLD_A3	럽	311
FLD_A3	렇	312
FLD_A3	렸	313
FLD_A3	롤	314
FLD_A3	료	315
FLD_A3	루	316
FLD_A3	류	317
FLD_A3	른	318
FLD_A3	릴	319
FLD_A3	막	320
FLD_A3	많	321
FLD_A3	망	322
FLD_A3	맞	323
FLD_A3	매	324
FLD_A3	먼	325
FLD_A3	멀	326
FLD_A3	멈	327
FLD_A3	멎	328
FLD_A3	못	329
FLD_A3	뭐	330
FLD_A3	뭘	331
FLD_A3	므	332
FLD_A3	받	333
FLD_A3	베	334
FLD_A3	벨	335
FLD_A3	복	336
FLD_A3	분	337
FLD_A3	붙	338
FLD_A3	빨	339
FLD_A3	빼	340
FLD_A3	뿐	341
FLD_A3	뿔	342
FLD_A3	색	343
FLD_A3	설	344
FLD_A3	속	345
FLD_A3	손	346
FLD_A3	순	347
FLD_A3	술	348
FLD_A3	쉬	349
FLD_A3	슨	350
FLD_A3	습	351
FLD_A3	승	352
FLD_A3	식	353
FLD_A3	신	354
FLD_A3	싶	355
FLD_A3	쌓	356
FLD_A3	쓰	357
FLD_A3	쓸	358
FLD_A3	앗	359
FLD_A3	약	360
FLD_A3	얻	361
FLD_A3	얼	362
FLD_A3	업	363
FLD_A3	엑	364
FLD_A3	연	365
FLD_A3	열	366
FLD_A3	였	367
FLD_A3	올	368
FLD_A3	왓	369
FLD_A3	운	370
FLD_A3	울	371
FLD_A3	워	372
FLD_A3	월	373
FLD_A3	유	374
FLD_A3	윽	375
FLD_A3	작	376
FLD_A3	잖	377
FLD_A3	잘	378
FLD_A3	잡	379
FLD_A3	재	380
FLD_A3	접	381
FLD_A3	져	382
FLD_A3	졌	383
FLD_A3	종	384
FLD_A3	줄	385
FLD_A3	질	386
FLD_A3	짧	387
FLD_A3	째	388
FLD_A3	찾	389
FLD_A3	채	390
FLD_A3	쳐	391
FLD_A3	추	392
FLD_A3	춘	393
FLD_A3	출	394
FLD_A3	춰	395
FLD_A3	침	396
FLD_A3	칫	397
FLD_A3	코	398
FLD_A3	클	399
FLD_A3	탐	400
FLD_A3	탓	401
FLD_A3	텐	402
FLD_A3	통	403
FLD_A3	투	404
FLD_A3	튼	405
FLD_A3	티	406
FLD_A3	펜	407
FLD_A3	편	408
FLD_A3	평	409
FLD_A3	풀	410
FLD_A3	풍	411
FLD_A3	피	412
FLD_A3	향	413
FLD_A3	험	414
FLD_A3	혀	415
FLD_A3	현	416
FLD_A3	확	417
FLD_A3	활	418
FLD_A3	회	419
FLD_A3	횟	420
FLD_A3	효	421
FLD_A3	후	422
FLD_A3	힐	423
FLD_A5	■	256
FLD_A5	갈	257
FLD_A5	같	259
FLD_A5	개	260
FLD_A5	계	261
FLD_A5	곧	262
FLD_A5	과	263
FLD_A5	괜	264
FLD_A5	굴	265
FLD_A5	귀	266
FLD_A5	근	267
FLD_A5	금	268
FLD_A5	긴	269
FLD_A5	꽤	270
FLD_A5	끝	271
FLD_A5	끼	272
FLD_A5	날	273
FLD_A5	남	274
FLD_A5	났	275
FLD_A5	넘	276
FLD_A5	놀	277
FLD_A5	돕	278
FLD_A5	돼	279
FLD_A5	됐	280
FLD_A5	된	281
FLD_A5	될	282
FLD_A5	두	283
FLD_A5	둥	284
FLD_A5	뒤	285
FLD_A5	디	286
FLD_A5	딘	287
FLD_A5	따	288
FLD_A5	딴	289
FLD_A5	람	290
FLD_A5	랑	291
FLD_A5	렇	292
FLD_A5	렸	293
FLD_A5	론	294
FLD_A5	롤	295
FLD_A5	루	296
FLD_A5	른	297
FLD_A5	링	298
FLD_A5	막	299
FLD_A5	맥	300
FLD_A5	머	301
FLD_A5	멍	302
FLD_A5	멸	303
FLD_A5	몰	304
FLD_A5	뭐	305
FLD_A5	뭔	306
FLD_A5	밑	307
FLD_A5	법	308
FLD_A5	복	309
FLD_A5	봐	310
FLD_A5	분	311
FLD_A5	붉	312
FLD_A5	붙	313
FLD_A5	빠	314
FLD_A5	뿐	315
FLD_A5	새	316
FLD_A5	색	317
FLD_A5	설	318
FLD_A5	셈	319
FLD_A5	속	320
FLD_A5	술	321
FLD_A5	숴	322
FLD_A5	슈	323
FLD_A5	슷	324
FLD_A5	신	325
FLD_A5	쓸	326
FLD_A5	약	327
FLD_A5	얌	328
FLD_A5	양	329
FLD_A5	엔	330
FLD_A5	옥	331
FLD_A5	울	332
FLD_A5	움	333
FLD_A5	월	334
FLD_A5	웜	335
FLD_A5	웠	336
FLD_A5	유	337
FLD_A5	잉	338
FLD_A5	작	339
FLD_A5	잖	340
FLD_A5	잘	341
FLD_A5	재	342
FLD_A5	점	343
FLD_A5	져	344
FLD_A5	좋	345
FLD_A5	질	346
FLD_A5	찮	347
FLD_A5	찾	348
FLD_A5	칠	349
FLD_A5	침	350
FLD_A5	코	351
FLD_A5	클	352
FLD_A5	키	353
FLD_A5	탐	354
FLD_A5	텐	355
FLD_A5	통	356
FLD_A5	투	359
FLD_A5	편	360
FLD_A5	푸	361
FLD_A5	혀	362
FLD_A5	현	363
FLD_A5	혹	364
FLD_A5	회	365
FLD_A5	효	366
FLD_A5	후	367
FLD_A5	희	368
FLD_A7	-	256
FLD_A7	←	257
FLD_A7	↑	258
FLD_A7	→	259
FLD_A7	↓	260
FLD_A7	강	261
FLD_A7	같	262
FLD_A7	개	263
FLD_A7	결	264
FLD_A7	계	265
FLD_A7	과	266
FLD_A7	관	267
FLD_A7	균	268
FLD_A7	금	269
FLD_A7	긴	270
FLD_A7	꽤	271
FLD_A7	끌	272
FLD_A7	끝	273
FLD_A7	끼	274
FLD_A7	남	275
FLD_A7	낮	276
FLD_A7	높	277
FLD_A7	뉜	278
FLD_A7	느	279
FLD_A7	단	280
FLD_A7	달	281
FLD_A7	됐	282
FLD_A7	된	283
FLD_A7	득	284
FLD_A7	든	285
FLD_A7	듯	286
FLD_A7	디	287
FLD_A7	따	288
FLD_A7	딴	289
FLD_A7	때	290
FLD_A7	또	291
FLD_A7	뜨	292
FLD_A7	뜻	293
FLD_A7	란	294
FLD_A7	렉	295
FLD_A7	렸	296
FLD_A7	루	297
FLD_A7	류	298
FLD_A7	률	299
FLD_A7	른	300
FLD_A7	릴	301
FLD_A7	막	302
FLD_A7	많	303
FLD_A7	맞	304
FLD_A7	먼	305
FLD_A7	뭐	306
FLD_A7	뭔	307
FLD_A7	므	308
FLD_A7	받	309
FLD_A7	벨	310
FLD_A7	별	311
FLD_A7	복	312
FLD_A7	본	313
FLD_A7	볼	314
FLD_A7	봉	315
FLD_A7	붙	316
FLD_A7	브	317
FLD_A7	빠	318
FLD_A7	빨	319
FLD_A7	색	320
FLD_A7	설	321
FLD_A7	셀	322
FLD_A7	속	323
FLD_A7	손	324
FLD_A7	송	325
FLD_A7	술	326
FLD_A7	쉽	327
FLD_A7	습	328
FLD_A7	승	329
FLD_A7	식	330
FLD_A7	신	331
FLD_A7	싶	332
FLD_A7	써	333
FLD_A7	쓰	334
FLD_A7	쓸	335
FLD_A7	씩	336
FLD_A7	앞	337
FLD_A7	약	338
FLD_A7	양	339
FLD_A7	얽	340
FLD_A7	업	341
FLD_A7	연	342
FLD_A7	였	343
FLD_A7	올	344
FLD_A7	요	345
FLD_A7	욱	346
FLD_A7	울	347
FLD_A7	움	348
FLD_A7	워	349
FLD_A7	월	350
FLD_A7	유	351
FLD_A7	응	352
FLD_A7	작	353
FLD_A7	잖	354
FLD_A7	잡	355
FLD_A7	재	356
FLD_A7	점	357
FLD_A7	져	358
FLD_A7	존	359
FLD_A7	종	360
FLD_A7	줄	361
FLD_A7	째	362
FLD_A7	차	363
FLD_A7	찬	364
FLD_A7	청	365
FLD_A7	충	366
FLD_A7	침	367
FLD_A7	칸	368
FLD_A7	케	369
FLD_A7	클	370
FLD_A7	큼	371
FLD_A7	키	372
FLD_A7	킬	373
FLD_A7	탐	374
FLD_A7	토	375
FLD_A7	특	376
FLD_A7	평	377
FLD_A7	풀	378
FLD_A7	필	379
FLD_A7	험	380
FLD_A7	혀	381
FLD_A7	현	382
FLD_A7	확	383
FLD_A7	환	384
FLD_A7	회	385
FLD_A7	횟	386
FLD_A7	효	387
FLD_A7	후	388
FLD_A7	．	389
FLD_B2	갈	256
FLD_B2	계	257
FLD_B2	과	258
FLD_B2	금	259
FLD_B2	긴	260
FLD_B2	꽤	261
FLD_B2	남	262
FLD_B2	누	263
FLD_B2	된	264
FLD_B2	듯	265
FLD_B2	딘	266
FLD_B2	딴	267
FLD_B2	란	268
FLD_B2	렐	269
FLD_B2	렸	270
FLD_B2	루	271
FLD_B2	룸	272
FLD_B2	린	273
FLD_B2	문	274
FLD_B2	뭐	275
FLD_B2	뭔	276
FLD_B2	복	277
FLD_B2	볼	278
FLD_B2	살	279
FLD_B2	색	280
FLD_B2	설	281
FLD_B2	셸	282
FLD_B2	속	283
FLD_B2	술	284
FLD_B2	약	285
FLD_B2	열	286
FLD_B2	왜	287
FLD_B2	원	288
FLD_B2	월	289
FLD_B2	잖	290
FLD_B2	재	291
FLD_B2	쿠	292
FLD_B2	탐	293
FLD_B2	펴	294
FLD_B2	혀	295
FLD_B2	현	296
FLD_B2	회	297
FLD_B2	효	298
FLD_B2	후	299
FLD_B2	흔	300
FLD_B5	■	256
FLD_B5	같	257
FLD_B5	개	258
FLD_B5	검	259
FLD_B5	계	260
FLD_B5	과	261
FLD_B5	관	262
FLD_B5	굴	263
FLD_B5	금	264
FLD_B5	긴	265
FLD_B5	께	266
FLD_B5	꽤	267
FLD_B5	끼	268
FLD_B5	남	269
FLD_B5	널	270
FLD_B5	넘	271
FLD_B5	놀	272
FLD_B5	놨	273
FLD_B5	누	274
FLD_B5	단	275
FLD_B5	던	276
FLD_B5	돌	277
FLD_B5	돼	278
FLD_B5	된	279
FLD_B5	두	280
FLD_B5	둥	281
FLD_B5	뒤	282
FLD_B5	든	283
FLD_B5	듯	284
FLD_B5	디	285
FLD_B5	딘	286
FLD_B5	따	287
FLD_B5	딴	288
FLD_B5	때	289
FLD_B5	떠	290
FLD_B5	또	291
FLD_B5	락	292
FLD_B5	람	293
FLD_B5	랐	294
FLD_B5	랜	295
FLD_B5	렇	296
FLD_B5	렸	297
FLD_B5	령	298
FLD_B5	롤	299
FLD_B5	루	300
FLD_B5	른	301
FLD_B5	린	302
FLD_B5	릴	303
FLD_B5	막	304
FLD_B5	맞	305
FLD_B5	멍	306
FLD_B5	메	307
FLD_B5	몰	308
FLD_B5	문	309
FLD_B5	뭐	310
FLD_B5	뭔	311
FLD_B5	뭘	312
FLD_B5	벨	313
FLD_B5	벽	314
FLD_B5	별	315
FLD_B5	복	316
FLD_B5	봉	317
FLD_B5	북	318
FLD_B5	분	319
FLD_B5	빨	320
FLD_B5	뻗	321
FLD_B5	색	322
FLD_B5	설	323
FLD_B5	속	324
FLD_B5	쇠	325
FLD_B5	술	326
FLD_B5	숨	327
FLD_B5	슨	328
FLD_B5	습	329
FLD_B5	승	330
FLD_B5	신	331
FLD_B5	써	332
FLD_B5	쓰	333
FLD_B5	앉	334
FLD_B5	약	335
FLD_B5	양	336
FLD_B5	엔	337
FLD_B5	열	338
FLD_B5	였	339
FLD_B5	요	340
FLD_B5	울	341
FLD_B5	월	342
FLD_B5	유	343
FLD_B5	작	344
FLD_B5	잖	345
FLD_B5	재	346
FLD_B5	절	347
FLD_B5	젠	349
FLD_B5	져	350
FLD_B5	졌	351
FLD_B5	줄	352
FLD_B5	짜	353
FLD_B5	째	354
FLD_B5	쨌	355
FLD_B5	쩔	356
FLD_B5	찾	357
FLD_B5	추	358
FLD_B5	출	359
FLD_B5	친	360
FLD_B5	컨	361
FLD_B5	코	362
FLD_B5	키	363
FLD_B5	탐	364
FLD_B5	탓	365
FLD_B5	텍	366
FLD_B5	통	367
FLD_B5	푸	368
FLD_B5	풀	369
FLD_B5	필	370
FLD_B5	허	371
FLD_B5	혀	372
FLD_B5	현	373
FLD_B5	협	374
FLD_B5	확	375
FLD_B5	회	376
FLD_B5	효	377
FLD_B5	후	378
FLD_B5	흔	380
FLD_B6	:	256
FLD_B6	ン	257
FLD_B6	갈	258
FLD_B6	갑	259
FLD_B6	개	260
FLD_B6	검	261
FLD_B6	견	262
FLD_B6	결	263
FLD_B6	계	264
FLD_B6	곧	265
FLD_B6	과	266
FLD_B6	관	267
FLD_B6	괜	268
FLD_B6	괴	269
FLD_B6	근	270
FLD_B6	금	271
FLD_B6	긴	272
FLD_B6	깊	273
FLD_B6	깐	274
FLD_B6	꽤	275
FLD_B6	날	276
FLD_B6	남	277
FLD_B6	났	278
FLD_B6	낼	279
FLD_B6	냐	280
FLD_B6	넘	281
FLD_B6	년	282
FLD_B6	놀	283
FLD_B6	닛	284
FLD_B6	닥	285
FLD_B6	단	286
FLD_B6	닮	287
FLD_B6	덕	288
FLD_B6	던	289
FLD_B6	돌	290
FLD_B6	돔	291
FLD_B6	돼	292
FLD_B6	됐	293
FLD_B6	된	294
FLD_B6	두	295
FLD_B6	둘	296
FLD_B6	둥	297
FLD_B6	듯	298
FLD_B6	딘	299
FLD_B6	딴	300
FLD_B6	때	301
FLD_B6	떨	302
FLD_B6	떻	303
FLD_B6	또	304
FLD_B6	람	305
FLD_B6	랐	306
FLD_B6	랑	307
FLD_B6	랜	308
FLD_B6	럼	309
FLD_B6	렇	310
FLD_B6	렸	311
FLD_B6	론	312
FLD_B6	롭	313
FLD_B6	료	314
FLD_B6	루	315
FLD_B6	룸	316
FLD_B6	른	317
FLD_B6	름	318
FLD_B6	린	319
FLD_B6	림	320
FLD_B6	립	321
FLD_B6	막	322
FLD_B6	망	323
FLD_B6	머	324
FLD_B6	먼	325
FLD_B6	메	326
FLD_B6	몇	327
FLD_B6	몰	328
FLD_B6	못	329
FLD_B6	문	330
FLD_B6	묻	331
FLD_B6	뭐	332
FLD_B6	뭔	333
FLD_B6	뭘	334
FLD_B6	믿	335
FLD_B6	밖	336
FLD_B6	받	337
FLD_B6	벌	338
FLD_B6	베	339
FLD_B6	병	340
FLD_B6	복	341
FLD_B6	봉	342
FLD_B6	봐	343
FLD_B6	분	344
FLD_B6	붙	345
FLD_B6	빠	346
FLD_B6	뿌	347
FLD_B6	뿐	348
FLD_B6	살	349
FLD_B6	색	350
FLD_B6	설	351
FLD_B6	속	352
FLD_B6	손	353
FLD_B6	솔	354
FLD_B6	쇄	355
FLD_B6	쇠	356
FLD_B6	순	357
FLD_B6	술	358
FLD_B6	습	359
FLD_B6	싶	360
FLD_B6	써	361
FLD_B6	앞	362
FLD_B6	약	363
FLD_B6	엔	364
FLD_B6	엘	365
FLD_B6	연	366
FLD_B6	열	367
FLD_B6	옛	368
FLD_B6	올	369
FLD_B6	완	370
FLD_B6	왜	371
FLD_B6	요	372
FLD_B6	운	373
FLD_B6	원	374
FLD_B6	월	375
FLD_B6	윙	376
FLD_B6	유	377
FLD_B6	잃	378
FLD_B6	임	379
FLD_B6	작	380
FLD_B6	잖	381
FLD_B6	잘	382
FLD_B6	잠	383
FLD_B6	잡	384
FLD_B6	재	385
FLD_B6	져	386
FLD_B6	졌	387
FLD_B6	존	388
FLD_B6	좀	389
FLD_B6	종	390
FLD_B6	좋	391
FLD_B6	죽	392
FLD_B6	줄	393
FLD_B6	줘	394
FLD_B6	즉	395
FLD_B6	질	396
FLD_B6	쭤	397
FLD_B6	차	398
FLD_B6	찮	399
FLD_B6	찾	400
FLD_B6	천	401
FLD_B6	출	402
FLD_B6	층	403
FLD_B6	친	404
FLD_B6	침	405
FLD_B6	키	406
FLD_B6	킨	407
FLD_B6	탐	408
FLD_B6	테	409
FLD_B6	투	410
FLD_B6	패	411
FLD_B6	폐	412
FLD_B6	험	413
FLD_B6	혀	414
FLD_B6	현	415
FLD_B6	혹	416
FLD_B6	혼	417
FLD_B6	회	418
FLD_B6	효	419
FLD_B6	후	420
FLD_B6	흐	421
FLD_B6	흘	422
FLD_B6	희	423
FLD_B6	：	424
FLD_C2	갈	256
FLD_C2	계	257
FLD_C2	과	258
FLD_C2	괴	259
FLD_C2	금	260
FLD_C2	급	261
FLD_C2	긴	262
FLD_C2	꽤	263
FLD_C2	끝	264
FLD_C2	남	265
FLD_C2	된	266
FLD_C2	둔	267
FLD_C2	둘	268
FLD_C2	듯	269
FLD_C2	딴	270
FLD_C2	렸	271
FLD_C2	령	272
FLD_C2	루	273
FLD_C2	머	274
FLD_C2	먼	275
FLD_C2	뭐	276
FLD_C2	뭘	277
FLD_C2	박	278
FLD_C2	복	279
FLD_C2	분	280
FLD_C2	삼	281
FLD_C2	색	282
FLD_C2	설	283
FLD_C2	속	284
FLD_C2	술	285
FLD_C2	약	286
FLD_C2	엄	287
FLD_C2	연	288
FLD_C2	월	289
FLD_C2	웠	290
FLD_C2	유	291
FLD_C2	잖	292
FLD_C2	재	293
FLD_C2	종	294
FLD_C2	켰	295
FLD_C2	큼	296
FLD_C2	탐	297
FLD_C2	특	298
FLD_C2	혀	299
FLD_C2	현	300
FLD_C2	회	301
FLD_C2	효	302
FLD_C2	후	303
FLD_C2	휘	304
FLD_C4	=	256
FLD_C4	갈	257
FLD_C4	같	258
FLD_C4	개	259
FLD_C4	걷	260
FLD_C4	계	261
FLD_C4	과	262
FLD_C4	괴	263
FLD_C4	금	264
FLD_C4	긴	265
FLD_C4	꽤	266
FLD_C4	낌	267
FLD_C4	날	268
FLD_C4	남	269
FLD_C4	느	270
FLD_C4	닌	271
FLD_C4	닫	272
FLD_C4	던	273
FLD_C4	돌	274
FLD_C4	된	275
FLD_C4	든	276
FLD_C4	듯	277
FLD_C4	딘	278
FLD_C4	딴	279
FLD_C4	때	280
FLD_C4	떨	281
FLD_C4	떻	282
FLD_C4	렇	283
FLD_C4	렸	284
FLD_C4	루	285
FLD_C4	른	286
FLD_C4	릿	287
FLD_C4	맞	288
FLD_C4	머	289
FLD_C4	먹	290
FLD_C4	먼	291
FLD_C4	메	292
FLD_C4	멜	293
FLD_C4	몸	296
FLD_C4	못	297
FLD_C4	문	298
FLD_C4	뭐	299
FLD_C4	밖	300
FLD_C4	법	301
FLD_C4	복	302
FLD_C4	볼	303
FLD_C4	북	304
FLD_C4	빛	305
FLD_C4	뿜	306
FLD_C4	색	307
FLD_C4	설	308
FLD_C4	속	309
FLD_C4	술	310
FLD_C4	숴	311
FLD_C4	앉	312
FLD_C4	약	313
FLD_C4	열	314
FLD_C4	울	315
FLD_C4	원	316
FLD_C4	월	317
FLD_C4	윽	318
FLD_C4	잖	319
FLD_C4	재	320
FLD_C4	접	321
FLD_C4	젠	322
FLD_C4	졌	323
FLD_C4	쨌	324
FLD_C4	쩔	325
FLD_C4	차	326
FLD_C4	찾	327
FLD_C4	탐	328
FLD_C4	턴	329
FLD_C4	텐	330
FLD_C4	통	331
FLD_C4	튕	332
FLD_C4	혀	333
FLD_C4	현	334
FLD_C4	혔	335
FLD_C4	회	336
FLD_C4	효	337
FLD_C4	후	338
FLD_C4	힌	339
FLD_D2	갈	256
FLD_D2	강	257
FLD_D2	계	258
FLD_D2	과	259
FLD_D2	금	260
FLD_D2	긴	261
FLD_D2	꽤	262
FLD_D2	날	263
FLD_D2	남	264
FLD_D2	냄	265
FLD_D2	누	266
FLD_D2	단	267
FLD_D2	닿	268
FLD_D2	된	269
FLD_D2	될	270
FLD_D2	듯	271
FLD_D2	따	272
FLD_D2	딴	273
FLD_D2	떻	274
FLD_D2	뜨	275
FLD_D2	렸	276
FLD_D2	루	277
FLD_D2	른	278
FLD_D2	릴	279
FLD_D2	막	280
FLD_D2	머	281
FLD_D2	멈	282
FLD_D2	몸	283
FLD_D2	못	284
FLD_D2	문	285
FLD_D2	뭐	286
FLD_D2	뭘	287
FLD_D2	밖	288
FLD_D2	법	289
FLD_D2	복	290
FLD_D2	본	291
FLD_D2	북	292
FLD_D2	빨	293
FLD_D2	빽	294
FLD_D2	새	295
FLD_D2	색	296
FLD_D2	설	297
FLD_D2	속	298
FLD_D2	술	299
FLD_D2	숲	300
FLD_D2	식	301
FLD_D2	쓰	302
FLD_D2	암	303
FLD_D2	약	304
FLD_D2	엄	305
FLD_D2	엔	306
FLD_D2	열	307
FLD_D2	완	308
FLD_D2	움	309
FLD_D2	월	310
FLD_D2	잃	311
FLD_D2	임	312
FLD_D2	잖	313
FLD_D2	재	314
FLD_D2	져	315
FLD_D2	좀	316
FLD_D2	좋	317
FLD_D2	찾	318
FLD_D2	청	319
FLD_D2	춰	320
FLD_D2	췄	321
FLD_D2	탐	322
FLD_D2	혀	323
FLD_D2	현	324
FLD_D2	회	325
FLD_D2	효	326
FLD_D2	후	327
FLD_D3	같	256
FLD_D3	계	257
FLD_D3	과	258
FLD_D3	금	259
FLD_D3	긴	260
FLD_D3	꽤	261
FLD_D3	남	262
FLD_D3	된	263
FLD_D3	딘	264
FLD_D3	딴	265
FLD_D3	렸	266
FLD_D3	루	267
FLD_D3	린	268
FLD_D3	릿	269
FLD_D3	막	270
FLD_D3	맞	271
FLD_D3	머	272
FLD_D3	뭐	273
FLD_D3	복	274
FLD_D3	본	275
FLD_D3	봤	276
FLD_D3	붉	277
FLD_D3	색	278
FLD_D3	설	279
FLD_D3	속	280
FLD_D3	술	281
FLD_D3	숲	282
FLD_D3	습	283
FLD_D3	약	284
FLD_D3	울	285
FLD_D3	월	286
FLD_D3	유	287
FLD_D3	잖	288
FLD_D3	재	289
FLD_D3	짜	290
FLD_D3	탐	291
FLD_D3	혀	292
FLD_D3	현	293
FLD_D3	회	294
FLD_D3	효	295
FLD_D3	후	296
FLD_D5	계	256
FLD_D5	과	257
FLD_D5	금	258
FLD_D5	긴	259
FLD_D5	깃	260
FLD_D5	꽤	261
FLD_D5	남	262
FLD_D5	냐	263
FLD_D5	년	264
FLD_D5	느	265
FLD_D5	된	266
FLD_D5	든	267
FLD_D5	딴	268
FLD_D5	렸	269
FLD_D5	루	270
FLD_D5	름	271
FLD_D5	맞	272
FLD_D5	뭐	273
FLD_D5	밝	274
FLD_D5	복	275
FLD_D5	색	276
FLD_D5	설	277
FLD_D5	속	278
FLD_D5	술	279
FLD_D5	약	280
FLD_D5	월	281
FLD_D5	잖	282
FLD_D5	재	283
FLD_D5	짜	284
FLD_D5	탐	285
FLD_D5	혀	286
FLD_D5	현	287
FLD_D5	회	288
FLD_D5	효	289
FLD_D5	후	290
FLD_T0	:	256
FLD_T0	갈	257
FLD_T0	갔	258
FLD_T0	같	259
FLD_T0	갚	261
FLD_T0	개	262
FLD_T0	걱	263
FLD_T0	겨	264
FLD_T0	결	265
FLD_T0	계	266
FLD_T0	과	267
FLD_T0	곽	268
FLD_T0	괜	269
FLD_T0	굳	270
FLD_T0	금	271
FLD_T0	급	273
FLD_T0	긴	274
FLD_T0	깐	275
FLD_T0	깨	276
FLD_T0	께	277
FLD_T0	꽤	278
FLD_T0	날	279
FLD_T0	남	280
FLD_T0	납	281
FLD_T0	났	282
FLD_T0	넌	283
FLD_T0	년	285
FLD_T0	단	286
FLD_T0	달	287
FLD_T0	댈	288
FLD_T0	덕	289
FLD_T0	독	290
FLD_T0	돌	291
FLD_T0	돼	292
FLD_T0	됐	293
FLD_T0	된	294
FLD_T0	될	295
FLD_T0	두	297
FLD_T0	둘	298
FLD_T0	든	299
FLD_T0	듯	300
FLD_T0	디	301
FLD_T0	딘	302
FLD_T0	딱	303
FLD_T0	딴	304
FLD_T0	때	305
FLD_T0	땐	306
FLD_T0	떠	307
FLD_T0	떤	309
FLD_T0	또	310
FLD_T0	뜨	311
FLD_T0	람	312
FLD_T0	랐	313
FLD_T0	랫	314
FLD_T0	럼	315
FLD_T0	렇	316
FLD_T0	렉	317
FLD_T0	렌	318
FLD_T0	렸	319
FLD_T0	령	321
FLD_T0	롤	322
FLD_T0	루	323
FLD_T0	룸	324
FLD_T0	른	325
FLD_T0	린	326
FLD_T0	릴	327
FLD_T0	립	328
FLD_T0	막	329
FLD_T0	맙	330
FLD_T0	망	331
FLD_T0	머	333
FLD_T0	멈	334
FLD_T0	며	335
FLD_T0	몇	336
FLD_T0	몰	337
FLD_T0	몸	338
FLD_T0	못	339
FLD_T0	문	340
FLD_T0	뭐	341
FLD_T0	뭔	342
FLD_T0	믿	343
FLD_T0	밖	345
FLD_T0	베	346
FLD_T0	복	347
FLD_T0	본	348
FLD_T0	봅	349
FLD_T0	봐	350
FLD_T0	북	351
FLD_T0	분	352
FLD_T0	빠	353
FLD_T0	빨	354
FLD_T0	색	355
FLD_T0	설	357
FLD_T0	센	358
FLD_T0	속	359
FLD_T0	송	360
FLD_T0	쇄	361
FLD_T0	순	363
FLD_T0	술	364
FLD_T0	슈	365
FLD_T0	슨	366
FLD_T0	습	367
FLD_T0	신	369
FLD_T0	싶	370
FLD_T0	쌍	371
FLD_T0	쓰	372
FLD_T0	쓴	373
FLD_T0	쓸	374
FLD_T0	압	375
FLD_T0	앞	376
FLD_T0	애	377
FLD_T0	액	378
FLD_T0	약	379
FLD_T0	얼	381
FLD_T0	엇	382
FLD_T0	엔	383
FLD_T0	엘	384
FLD_T0	연	385
FLD_T0	열	386
FLD_T0	였	387
FLD_T0	완	388
FLD_T0	요	389
FLD_T0	운	390
FLD_T0	움	391
FLD_T0	워	393
FLD_T0	월	394
FLD_T0	유	395
FLD_T0	융	396
FLD_T0	응	397
FLD_T0	잃	398
FLD_T0	작	399
FLD_T0	잖	400
FLD_T0	잠	401
FLD_T0	재	402
FLD_T0	접	403
FLD_T0	존	405
FLD_T0	종	406
FLD_T0	좋	407
FLD_T0	죄	408
FLD_T0	죽	409
FLD_T0	줘	410
FLD_T0	째	411
FLD_T0	쩔	412
FLD_T0	쯤	413
FLD_T0	차	414
FLD_T0	찬	415
FLD_T0	찮	416
FLD_T0	참	417
FLD_T0	찾	418
FLD_T0	천	419
FLD_T0	쳐	420
FLD_T0	추	421
FLD_T0	춘	422
FLD_T0	출	423
FLD_T0	층	424
FLD_T0	침	425
FLD_T0	컨	426
FLD_T0	큼	427
FLD_T0	탐	428
FLD_T0	탓	429
FLD_T0	테	430
FLD_T0	통	431
FLD_T0	폐	432
FLD_T0	풀	433
FLD_T0	향	434
FLD_T0	혀	435
FLD_T0	현	436
FLD_T0	혼	437
FLD_T0	확	438
FLD_T0	환	439
FLD_T0	활	440
FLD_T0	회	441
FLD_T0	효	442
FLD_T0	후	443
FLD_T0	휘	444
FLD_T0	：	445
ITEM	=	259
ITEM	갈	260
ITEM	감	261
ITEM	갑	262
ITEM	강	263
ITEM	겨	264
ITEM	계	265
ITEM	과	266
ITEM	관	267
ITEM	광	268
ITEM	괴	269
ITEM	교	270
ITEM	굳	271
ITEM	굴	272
ITEM	귀	273
ITEM	규	274
ITEM	금	275
ITEM	껍	276
ITEM	꼬	277
ITEM	꽃	278
ITEM	날	279
ITEM	낡	280
ITEM	남	281
ITEM	낯	282
ITEM	낸	283
ITEM	냥	284
ITEM	넓	285
ITEM	년	286
ITEM	노	287
ITEM	뇌	288
ITEM	누	289
ITEM	눈	290
ITEM	느	291
ITEM	늘	292
ITEM	담	293
ITEM	던	294
ITEM	돈	295
ITEM	돌	296
ITEM	돔	297
ITEM	된	298
ITEM	됨	299
ITEM	든	300
ITEM	듯	301
ITEM	똥	302
ITEM	람	303
ITEM	램	304
ITEM	렵	305
ITEM	렸	306
ITEM	령	307
ITEM	료	308
ITEM	루	309
ITEM	류	310
ITEM	륙	311
ITEM	률	312
ITEM	른	313
ITEM	름	314
ITEM	린	315
ITEM	림	316
ITEM	막	317
ITEM	망	318
ITEM	맞	319
ITEM	매	320
ITEM	맺	321
ITEM	먹	322
ITEM	메	323
ITEM	문	324
ITEM	민	325
ITEM	받	326
ITEM	범	327
ITEM	베	328
ITEM	병	329
ITEM	복	330
ITEM	봉	331
ITEM	북	332
ITEM	분	333
ITEM	붉	334
ITEM	빛	335
ITEM	빠	336
ITEM	살	337
ITEM	새	338
ITEM	설	339
ITEM	속	340
ITEM	쇠	341
ITEM	순	342
ITEM	숨	343
ITEM	슈	344
ITEM	슬	345
ITEM	습	346
ITEM	승	347
ITEM	식	348
ITEM	신	349
ITEM	써	350
ITEM	썼	351
ITEM	쏟	352
ITEM	쓰	353
ITEM	쓸	354
ITEM	액	355
ITEM	약	356
ITEM	얼	357
ITEM	엔	358
ITEM	엘	359
ITEM	연	360
ITEM	열	361
ITEM	올	362
ITEM	완	363
ITEM	요	364
ITEM	운	365
ITEM	울	366
ITEM	원	367
ITEM	유	368
ITEM	율	369
ITEM	응	370
ITEM	작	371
ITEM	잔	372
ITEM	잘	373
ITEM	잠	374
ITEM	재	375
ITEM	점	376
ITEM	져	377
ITEM	종	378
ITEM	즌	379
ITEM	증	380
ITEM	질	381
ITEM	짐	382
ITEM	집	383
ITEM	짜	384
ITEM	찌	385
ITEM	창	386
ITEM	책	387
ITEM	천	388
ITEM	철	389
ITEM	첩	390
ITEM	추	391
ITEM	출	392
ITEM	충	393
ITEM	친	394
ITEM	칠	395
ITEM	칼	396
ITEM	캐	397
ITEM	켜	398
ITEM	코	399
ITEM	쿠	400
ITEM	큼	401
ITEM	키	402
ITEM	탁	403
ITEM	턴	404
ITEM	텐	405
ITEM	톱	406
ITEM	통	407
ITEM	투	408
ITEM	특	409
ITEM	팬	410
ITEM	퍼	411
ITEM	페	412
ITEM	편	413
ITEM	푸	414
ITEM	풍	415
ITEM	피	416
ITEM	필	417
ITEM	학	418
ITEM	향	419
ITEM	헌	420
ITEM	험	421
ITEM	혀	422
ITEM	현	423
ITEM	환	424
ITEM	황	425
ITEM	회	426
ITEM	획	427
ITEM	효	428
ITEM	희	429
ITEM	힌	430
MENU	계	256
MENU	돌	257
MENU	뜨	258
MENU	른	259
MENU	린	260
MENU	본	261
MENU	설	262
MENU	쓰	263
MENU	운	264
MENU	월	265
MENU	읽	266
MENU	작	267
MENU	재	268
MENU	종	269
MENU	출	270
MENU	테	271
MENU	투	272
MENU	현	273
MENU	：	274
MENUBK	'	256
MENUBK	=	257
MENUBK	·	258
MENUBK	→	259
MENUBK	갈	260
MENUBK	감	261
MENUBK	갑	262
MENUBK	값	263
MENUBK	갔	264
MENUBK	강	265
MENUBK	갖	266
MENUBK	같	267
MENUBK	갚	268
MENUBK	개	269
MENUBK	갯	270
MENUBK	걷	271
MENUBK	검	272
MENUBK	겁	273
MENUBK	겨	274
MENUBK	견	275
MENUBK	결	276
MENUBK	겼	277
MENUBK	곁	278
MENUBK	계	279
MENUBK	곡	280
MENUBK	과	281
MENUBK	관	282
MENUBK	괄	283
MENUBK	광	284
MENUBK	괴	285
MENUBK	교	286
MENUBK	굳	287
MENUBK	굴	288
MENUBK	궐	289
MENUBK	규	290
MENUBK	근	291
MENUBK	금	292
MENUBK	급	293
MENUBK	긴	294
MENUBK	김	295
MENUBK	깃	296
MENUBK	깊	297
MENUBK	깐	298
MENUBK	깨	299
MENUBK	꺼	300
MENUBK	껍	301
MENUBK	께	302
MENUBK	꼭	303
MENUBK	꾸	304
MENUBK	꾼	305
MENUBK	꿈	306
MENUBK	꿔	307
MENUBK	뀌	308
MENUBK	끄	309
MENUBK	끊	310
MENUBK	끌	311
MENUBK	끝	312
MENUBK	끼	313
MENUBK	낀	314
MENUBK	낌	315
MENUBK	낙	316
MENUBK	날	317
MENUBK	낡	318
MENUBK	남	319
MENUBK	납	320
MENUBK	났	321
MENUBK	낮	322
MENUBK	낯	323
MENUBK	낸	324
MENUBK	낼	325
MENUBK	냄	326
MENUBK	냈	327
MENUBK	냉	328
MENUBK	냐	329
MENUBK	냥	330
MENUBK	넘	331
MENUBK	넣	332
MENUBK	녁	333
MENUBK	년	334
MENUBK	념	335
MENUBK	노	336
MENUBK	논	337
MENUBK	놀	338
MENUBK	높	339
MENUBK	놓	340
MENUBK	뇌	341
MENUBK	누	342
MENUBK	눈	343
MENUBK	눠	344
MENUBK	뉘	345
MENUBK	뉜	346
MENUBK	느	347
MENUBK	늘	348
MENUBK	닌	349
MENUBK	닐	350
MENUBK	님	351
MENUBK	단	352
MENUBK	닫	353
MENUBK	달	354
MENUBK	담	355
MENUBK	답	356
MENUBK	닷	357
MENUBK	닿	358
MENUBK	덕	359
MENUBK	던	360
MENUBK	덮	361
MENUBK	독	362
MENUBK	돈	363
MENUBK	돋	364
MENUBK	돌	365
MENUBK	돕	366
MENUBK	돼	367
MENUBK	됐	368
MENUBK	된	369
MENUBK	될	370
MENUBK	두	371
MENUBK	둘	372
MENUBK	둠	373
MENUBK	뒤	374
MENUBK	뒷	375
MENUBK	득	376
MENUBK	든	377
MENUBK	듯	378
MENUBK	등	379
MENUBK	디	380
MENUBK	딘	381
MENUBK	딪	382
MENUBK	따	383
MENUBK	딱	384
MENUBK	땅	385
MENUBK	때	386
MENUBK	떠	387
MENUBK	떤	388
MENUBK	떨	389
MENUBK	떻	390
MENUBK	또	391
MENUBK	똑	392
MENUBK	뚫	393
MENUBK	뛰	394
MENUBK	뜨	395
MENUBK	뜬	396
MENUBK	뜸	397
MENUBK	뜻	398
MENUBK	락	399
MENUBK	란	400
MENUBK	랄	401
MENUBK	람	402
MENUBK	랐	403
MENUBK	략	404
MENUBK	량	405
MENUBK	럼	406
MENUBK	럽	407
MENUBK	렀	408
MENUBK	렇	409
MENUBK	렌	410
MENUBK	렐	411
MENUBK	렵	412
MENUBK	렸	413
MENUBK	령	414
MENUBK	례	415
MENUBK	론	416
MENUBK	롯	417
MENUBK	뢰	418
MENUBK	료	419
MENUBK	루	420
MENUBK	류	421
MENUBK	륙	422
MENUBK	른	423
MENUBK	름	424
MENUBK	린	425
MENUBK	릴	426
MENUBK	림	427
MENUBK	립	428
MENUBK	막	429
MENUBK	많	430
MENUBK	맛	431
MENUBK	망	432
MENUBK	맞	433
MENUBK	맡	434
MENUBK	맣	435
MENUBK	매	436
MENUBK	맨	437
MENUBK	머	438
MENUBK	먹	439
MENUBK	먼	440
MENUBK	멀	441
MENUBK	멈	442
MENUBK	메	443
MENUBK	멜	444
MENUBK	며	445
MENUBK	멸	446
MENUBK	몇	447
MENUBK	몰	448
MENUBK	몸	449
MENUBK	못	450
MENUBK	몽	451
MENUBK	묘	452
MENUBK	문	453
MENUBK	묻	454
MENUBK	뭔	455
MENUBK	므	456
MENUBK	민	457
MENUBK	믿	458
MENUBK	밀	459
MENUBK	밖	460
MENUBK	받	461
MENUBK	밝	462
MENUBK	밤	463
MENUBK	백	464
MENUBK	벌	465
MENUBK	범	466
MENUBK	법	467
MENUBK	벗	468
MENUBK	벨	469
MENUBK	벽	470
MENUBK	별	471
MENUBK	병	472
MENUBK	복	473
MENUBK	본	474
MENUBK	봉	475
MENUBK	봐	476
MENUBK	봤	477
MENUBK	북	478
MENUBK	분	479
MENUBK	붙	480
MENUBK	빌	481
MENUBK	빛	482
MENUBK	빠	483
MENUBK	뿐	484
MENUBK	뿜	485
MENUBK	쁜	486
MENUBK	살	487
MENUBK	삶	488
MENUBK	삼	489
MENUBK	새	490
MENUBK	색	491
MENUBK	샘	492
MENUBK	설	493
MENUBK	섬	494
MENUBK	섰	495
MENUBK	셰	496
MENUBK	셸	497
MENUBK	속	498
MENUBK	손	499
MENUBK	솔	500
MENUBK	솜	501
MENUBK	쇄	502
MENUBK	순	503
MENUBK	술	504
MENUBK	숨	505
MENUBK	숭	506
MENUBK	숲	507
MENUBK	숴	508
MENUBK	슬	509
MENUBK	슴	510
MENUBK	습	511
MENUBK	슷	512
MENUBK	승	513
MENUBK	식	514
MENUBK	신	515
MENUBK	싶	516
MENUBK	싼	517
MENUBK	쌓	518
MENUBK	써	519
MENUBK	썼	520
MENUBK	쏘	521
MENUBK	쏜	522
MENUBK	쏟	523
MENUBK	쏴	524
MENUBK	쓰	525
MENUBK	쓴	526
MENUBK	쓸	527
MENUBK	씨	528
MENUBK	씩	529
MENUBK	씬	530
MENUBK	악	531
MENUBK	앉	532
MENUBK	압	533
MENUBK	앗	534
MENUBK	앙	535
MENUBK	앞	536
MENUBK	애	537
MENUBK	액	538
MENUBK	약	539
MENUBK	양	540
MENUBK	억	541
MENUBK	얻	542
MENUBK	얼	543
MENUBK	엄	544
MENUBK	엇	545
MENUBK	엔	546
MENUBK	엘	547
MENUBK	엮	548
MENUBK	연	549
MENUBK	열	550
MENUBK	엾	551
MENUBK	였	552
MENUBK	영	553
MENUBK	옛	554
MENUBK	올	555
MENUBK	옷	556
MENUBK	완	557
MENUBK	왕	558
MENUBK	왜	559
MENUBK	왠	560
MENUBK	요	561
MENUBK	운	562
MENUBK	울	563
MENUBK	움	564
MENUBK	웃	565
MENUBK	워	566
MENUBK	원	567
MENUBK	월	568
MENUBK	웠	569
MENUBK	유	570
MENUBK	육	571
MENUBK	율	572
MENUBK	응	573
MENUBK	읽	574
MENUBK	잃	575
MENUBK	임	576
MENUBK	잊	577
MENUBK	작	578
MENUBK	잔	579
MENUBK	잘	580
MENUBK	잠	581
MENUBK	잡	582
MENUBK	재	583
MENUBK	잿	584
MENUBK	쟁	585
MENUBK	절	586
MENUBK	점	587
MENUBK	접	588
MENUBK	젠	589
MENUBK	져	590
MENUBK	졌	591
MENUBK	존	592
MENUBK	좀	593
MENUBK	좁	594
MENUBK	종	595
MENUBK	좋	596
MENUBK	죽	597
MENUBK	줄	598
MENUBK	줘	599
MENUBK	즉	600
MENUBK	증	601
MENUBK	질	602
MENUBK	짊	603
MENUBK	짐	604
MENUBK	집	605
MENUBK	짓	606
MENUBK	짠	607
MENUBK	째	608
MENUBK	쨌	609
MENUBK	쯤	610
MENUBK	차	611
MENUBK	찬	612
MENUBK	찮	613
MENUBK	참	614
MENUBK	창	615
MENUBK	찾	616
MENUBK	채	617
MENUBK	책	618
MENUBK	척	619
MENUBK	천	620
MENUBK	철	621
MENUBK	첩	622
MENUBK	첫	623
MENUBK	청	624
MENUBK	쳐	625
MENUBK	쳤	626
MENUBK	초	627
MENUBK	촉	628
MENUBK	촌	629
MENUBK	추	630
MENUBK	축	631
MENUBK	춘	632
MENUBK	출	633
MENUBK	충	634
MENUBK	춰	635
MENUBK	취	636
MENUBK	측	637
MENUBK	층	638
MENUBK	칙	639
MENUBK	친	640
MENUBK	침	641
MENUBK	칭	642
MENUBK	컨	643
MENUBK	케	644
MENUBK	켜	645
MENUBK	코	646
MENUBK	쿠	647
MENUBK	쿨	648
MENUBK	퀴	649
MENUBK	큰	650
MENUBK	큼	651
MENUBK	키	652
MENUBK	킨	653
MENUBK	킬	654
MENUBK	탁	655
MENUBK	탈	656
MENUBK	탐	657
MENUBK	탓	658
MENUBK	탕	659
MENUBK	탱	660
MENUBK	턴	661
MENUBK	테	662
MENUBK	토	663
MENUBK	통	664
MENUBK	퇴	665
MENUBK	투	666
MENUBK	툼	667
MENUBK	특	668
MENUBK	패	669
MENUBK	퍼	670
MENUBK	페	671
MENUBK	편	672
MENUBK	평	673
MENUBK	폐	674
MENUBK	푸	675
MENUBK	풀	676
MENUBK	풍	677
MENUBK	피	678
MENUBK	필	679
MENUBK	학	680
MENUBK	항	681
MENUBK	향	682
MENUBK	허	683
MENUBK	헌	684
MENUBK	험	685
MENUBK	헤	686
MENUBK	혀	687
MENUBK	현	688
MENUBK	협	689
MENUBK	혜	690
MENUBK	혹	691
MENUBK	혼	692
MENUBK	확	693
MENUBK	환	694
MENUBK	활	695
MENUBK	황	696
MENUBK	회	697
MENUBK	획	698
MENUBK	효	699
MENUBK	후	700
MENUBK	훗	701
MENUBK	훨	702
MENUBK	휘	703
MENUBK	휩	704
MENUBK	휴	705
MENUBK	흐	706
MENUBK	흔	707
MENUBK	흘	708
MENUBK	흩	709
MENUBK	희	710
MENUBK	힌	711
MENUBK	．	712
MENUEN	&	256
MENUEN	-	257
MENUEN	=	258
MENUEN	·	259
MENUEN	갈	260
MENUEN	감	261
MENUEN	갑	262
MENUEN	강	263
MENUEN	같	264
MENUEN	개	265
MENUEN	겉	266
MENUEN	겨	267
MENUEN	결	268
MENUEN	겼	269
MENUEN	계	270
MENUEN	곡	271
MENUEN	곱	272
MENUEN	과	273
MENUEN	관	278
MENUEN	광	279
MENUEN	괜	280
MENUEN	괴	281
MENUEN	교	282
MENUEN	굴	283
MENUEN	귀	284
MENUEN	근	285
MENUEN	금	286
MENUEN	급	287
MENUEN	긴	288
MENUEN	꺼	289
MENUEN	껍	290
MENUEN	께	291
MENUEN	꼬	292
MENUEN	꽤	293
MENUEN	꿔	294
MENUEN	꿰	295
MENUEN	끄	296
MENUEN	끔	297
MENUEN	끝	298
MENUEN	끼	299
MENUEN	낌	300
MENUEN	낙	301
MENUEN	날	302
MENUEN	납	303
MENUEN	낫	304
MENUEN	났	305
MENUEN	낮	306
MENUEN	낳	307
MENUEN	낼	308
MENUEN	냥	309
MENUEN	넋	310
MENUEN	넣	311
MENUEN	념	312
MENUEN	녔	313
MENUEN	노	314
MENUEN	놀	315
MENUEN	높	316
MENUEN	놓	317
MENUEN	뇌	318
MENUEN	누	319
MENUEN	눈	320
MENUEN	느	321
MENUEN	늘	327
MENUEN	늬	328
MENUEN	닌	329
MENUEN	닛	330
MENUEN	단	331
MENUEN	달	332
MENUEN	닮	333
MENUEN	담	334
MENUEN	닿	335
MENUEN	던	337
MENUEN	덤	338
MENUEN	덮	339
MENUEN	델	340
MENUEN	독	341
MENUEN	돌	342
MENUEN	돼	343
MENUEN	됐	344
MENUEN	된	345
MENUEN	두	346
MENUEN	둥	347
MENUEN	뒤	348
MENUEN	득	350
MENUEN	든	351
MENUEN	듯	352
MENUEN	등	353
MENUEN	디	356
MENUEN	딘	357
MENUEN	딱	358
MENUEN	때	359
MENUEN	떠	360
MENUEN	떤	361
MENUEN	떨	362
MENUEN	떻	363
MENUEN	뗐	364
MENUEN	또	365
MENUEN	뚫	366
MENUEN	뜨	367
MENUEN	뜬	368
MENUEN	뜯	369
MENUEN	락	370
MENUEN	란	371
MENUEN	랄	372
MENUEN	람	373
MENUEN	랐	374
MENUEN	랑	375
MENUEN	략	376
MENUEN	량	377
MENUEN	럼	378
MENUEN	럿	379
MENUEN	렇	380
MENUEN	렌	381
MENUEN	렬	382
MENUEN	렵	383
MENUEN	렸	384
MENUEN	령	385
MENUEN	론	386
MENUEN	뢰	387
MENUEN	료	388
MENUEN	루	389
MENUEN	룰	390
MENUEN	룸	391
MENUEN	류	392
MENUEN	륙	393
MENUEN	른	394
MENUEN	름	395
MENUEN	린	396
MENUEN	릴	397
MENUEN	림	398
MENUEN	릿	399
MENUEN	막	400
MENUEN	많	401
MENUEN	망	402
MENUEN	맞	403
MENUEN	맡	404
MENUEN	매	405
MENUEN	맷	406
MENUEN	머	407
MENUEN	먹	408
MENUEN	먼	409
MENUEN	메	410
MENUEN	멜	411
MENUEN	며	412
MENUEN	몇	413
MENUEN	몸	414
MENUEN	못	415
MENUEN	문	416
MENUEN	므	417
MENUEN	민	418
MENUEN	밖	419
MENUEN	받	420
MENUEN	백	421
MENUEN	뱉	422
MENUEN	법	423
MENUEN	베	424
MENUEN	벨	425
MENUEN	벼	426
MENUEN	벽	427
MENUEN	별	428
MENUEN	병	429
MENUEN	복	430
MENUEN	본	431
MENUEN	봉	432
MENUEN	봐	433
MENUEN	분	434
MENUEN	붙	435
MENUEN	브	436
MENUEN	블	437
MENUEN	빛	438
MENUEN	빠	439
MENUEN	빨	440
MENUEN	뿌	441
MENUEN	뿐	442
MENUEN	뿔	443
MENUEN	살	444
MENUEN	삼	445
MENUEN	새	446
MENUEN	샤	447
MENUEN	섀	448
MENUEN	섞	449
MENUEN	설	450
MENUEN	섬	451
MENUEN	속	452
MENUEN	손	453
MENUEN	솔	454
MENUEN	솜	455
MENUEN	송	456
MENUEN	쇄	457
MENUEN	순	458
MENUEN	술	459
MENUEN	숨	460
MENUEN	숲	461
MENUEN	쉽	462
MENUEN	슈	463
MENUEN	슬	464
MENUEN	습	465
MENUEN	승	466
MENUEN	식	467
MENUEN	신	468
MENUEN	싣	469
MENUEN	십	470
MENUEN	싱	471
MENUEN	싶	472
MENUEN	써	473
MENUEN	쏘	474
MENUEN	쏜	475
MENUEN	쏠	476
MENUEN	쓰	477
MENUEN	쓴	478
MENUEN	씨	479
MENUEN	씩	480
MENUEN	암	481
MENUEN	앞	482
MENUEN	애	483
MENUEN	액	484
MENUEN	약	485
MENUEN	얇	486
MENUEN	양	487
MENUEN	얻	488
MENUEN	얼	489
MENUEN	엑	490
MENUEN	엔	491
MENUEN	엘	492
MENUEN	연	493
MENUEN	열	494
MENUEN	염	495
MENUEN	였	496
MENUEN	옛	497
MENUEN	옥	498
MENUEN	올	499
MENUEN	완	500
MENUEN	왕	501
MENUEN	왠	502
MENUEN	요	503
MENUEN	운	504
MENUEN	울	505
MENUEN	움	506
MENUEN	워	507
MENUEN	원	508
MENUEN	웠	509
MENUEN	웬	510
MENUEN	윈	511
MENUEN	윙	512
MENUEN	유	513
MENUEN	율	514
MENUEN	융	515
MENUEN	응	516
MENUEN	잃	517
MENUEN	임	518
MENUEN	작	519
MENUEN	잘	520
MENUEN	잠	521
MENUEN	잡	522
MENUEN	재	523
MENUEN	점	524
MENUEN	접	525
MENUEN	져	526
MENUEN	졌	527
MENUEN	존	528
MENUEN	좀	529
MENUEN	종	530
MENUEN	좋	531
MENUEN	좌	532
MENUEN	죽	533
MENUEN	줄	534
MENUEN	즉	535
MENUEN	즘	537
MENUEN	질	538
MENUEN	집	539
MENUEN	짜	540
MENUEN	짧	541
MENUEN	째	542
MENUEN	찌	543
MENUEN	차	545
MENUEN	찬	546
MENUEN	찮	547
MENUEN	채	548
MENUEN	척	549
MENUEN	천	550
MENUEN	첩	551
MENUEN	청	552
MENUEN	쳐	553
MENUEN	초	554
MENUEN	촉	555
MENUEN	추	556
MENUEN	축	557
MENUEN	춘	558
MENUEN	출	559
MENUEN	충	560
MENUEN	춰	561
MENUEN	츠	562
MENUEN	측	563
MENUEN	층	564
MENUEN	친	565
MENUEN	칠	566
MENUEN	침	567
MENUEN	칭	568
MENUEN	칸	569
MENUEN	컷	570
MENUEN	켜	571
MENUEN	코	572
MENUEN	콜	573
MENUEN	쿠	574
MENUEN	퀴	575
MENUEN	큰	576
MENUEN	큼	577
MENUEN	키	578
MENUEN	킨	579
MENUEN	탈	580
MENUEN	탐	581
MENUEN	탓	582
MENUEN	턱	583
MENUEN	테	584
MENUEN	토	585
MENUEN	톰	586
MENUEN	통	587
MENUEN	투	588
MENUEN	특	589
MENUEN	틈	590
MENUEN	티	591
MENUEN	패	592
MENUEN	팬	593
MENUEN	퍼	594
MENUEN	페	595
MENUEN	편	596
MENUEN	폐	597
MENUEN	푸	598
MENUEN	풍	599
MENUEN	피	600
MENUEN	핀	601
MENUEN	필	602
MENUEN	항	603
MENUEN	향	604
MENUEN	험	605
MENUEN	헬	606
MENUEN	혀	607
MENUEN	현	608
MENUEN	혈	609
MENUEN	협	610
MENUEN	확	611
MENUEN	환	612
MENUEN	활	613
MENUEN	황	614
MENUEN	회	615
MENUEN	횡	616
MENUEN	효	617
MENUEN	후	618
MENUEN	휘	619
MENUEN	흉	620
MENUEN	흙	621
MENUEN	흡	622
MENUEN	희	623
SAVE	계	256
SAVE	곡	257
SAVE	괜	258
SAVE	굴	259
SAVE	금	260
SAVE	끄	261
SAVE	닙	262
SAVE	둔	263
SAVE	료	264
SAVE	른	265
SAVE	릴	266
SAVE	막	267
SAVE	메	268
SAVE	본	269
SAVE	숲	270
SAVE	습	271
SAVE	올	272
SAVE	완	273
SAVE	원	274
SAVE	유	275
SAVE	집	276
SAVE	찮	277
SAVE	확	278
SAVE	：	279
SHOP	매	259
SHOP	환	260
WORLDMAP	계	256
WORLDMAP	곡	257
WORLDMAP	굴	258
WORLDMAP	금	259
WORLDMAP	둔	260
WORLDMAP	릴	261
WORLDMAP	막	262
WORLDMAP	메	263
WORLDMAP	볼	264
WORLDMAP	숲	265
WORLDMAP	유	266
WORLDMAP	협	267
WORLDMAP	황	268
