epk	offset	len	text
E006.EPK	0029E6	15	【2918】まへふひは3
E011.EPK	04288C	33	ふう、どこまで続いてるんだろう…
E011.EPK	09D4E0	9	うわっ！
E011.EPK	0D38B0	13	…どうした？
E011.EPK	0F8EA8	21	何が起こってるんだ…
E011.EPK	11ED68	19	よし、行ってみよう
E011.EPK	1AB77C	13	ちくしょう！
E011.EPK	2553B0	27	へへっ！ ざまあみやがれ！
E011.EPK	3CE604	19	穴の中に隠れて！！
E011.EPK	3F00C8	21	あ…ああ、すまない！
E014.EPK	0B2524	15	こりゃあ一体…
E014.EPK	0D633C	27	あんたの…ドラゴンなのか？
E014.EPK	0FF464	21	儀のってわけじゃない
E014.EPK	1148D0	39	なぜか、言うことは聞いてくれるんだけど
E014.EPK	1C03E8	23	ドラゴンねえ…そうか…
E014.EPK	1F503C	39	確かに、こいつがあれば帝国とも戦える…
E014.EPK	2573A8	21	帝国と戦うだって！？
E014.EPK	299F20	33	まさか、おまえもクレイメンの！？
E014.EPK	2B39B8	19	てよ、人違いだって
E014.EPK	2E6B24	29	クレイメンのなんかじゃない、
E014.EPK	2FA530	15	俺はシーカーだ
E014.EPK	2FA540	13	かじゃない、
E014.EPK	326BA0	25	シーカー？ 盗掘集団の？
E014.EPK	357BF8	25	おいおい、人聞きが悪いな
E014.EPK	3874CC	35	俺達が盗掘者なら、帝国だってそうさ
E014.EPK	3CD8F0	31	あの宝の山が奴らのものだって、
E014.EPK	3FA33C	13	誰が決めた？
E014.EPK	418A78	39	そのシーカーのあんたがなぜこんな所に？
E014.EPK	4634B0	37	仲間との合流地点に向かってたんだが…
E014.EPK	48BFA8	35	近道をしてたら、あいつに襲われてな
E014.EPK	4D7098	17	いや、助かったよ
E014.EPK	52616C	31	で、ついでといっちゃなんだが、
E014.EPK	5592E4	29	俺をそこまで運んでくれないか
E014.EPK	5A189C	21	なに、そう遠くはない
E014.EPK	5BFFE0	39	カイナスの村っていって、ここのすぐ南さ
E014.EPK	626604	21	そんなに警戒するなよ
E014.EPK	66EBB4	27	一人旅には慣れてないんだろ
E014.EPK	6A2A98	13	力になるぜ！
E014.EPK	6DB348	35	わかった、だけどその村に行くだけだ
E014.EPK	743B24	23	自【52】紹介がまだだったな
E014.EPK	78CAE8	17	俺の名はガッシュ
E014.EPK	7AC930	39	本名は、スキアド=オプス=ガッシュって
E014.EPK	7E65B4	33	言うんだが…まあ、ガッシュでいい
E014.EPK	8262AC	25	こう見えても、この辺りの
E014.EPK	84CC00	19	情報には詳しいんだ
E014.EPK	882C00	29	遣跡のこと、攻性生物のこと、
E014.EPK	8C7260	21	何だって教えてやるぜ
E021.EPK	02CAF4	19	何だ！！ 一体！？
E021.EPK	065D50	23	…ガッシュ！ あれ！！
E021.EPK	13C854	27	くそっ、不死身か、奴は！？
E021.EPK	25CB28	13	変形した！！
E021.EPK	431D84	11	…すごい…
E021.EPK	45ECEC	25	状況に応じた変形能力…か
E021.EPK	4A70B0	21	やっぱり、こいつは…
E021.EPK	4E191C	17	いや、何でもない
E021.EPK	504F94	21	いとこ地上に戻ろうぜ
E021.EPK	5311B4	21	遣跡の出□は目の前だ
E021.EPK	5311CA	11	に戻ろうぜ
E022.EPK	03C4F4	29	じゃあ、ここからは一人で行く
E022.EPK	06E028	37	おかげで、なんとか生きのびられそうだ
E022.EPK	0A7D88	37	シーカーってのは、冷たい奴が多くてな
E022.EPK	0D7390	33	約束の時間までに着かなかった奴は
E022.EPK	0FFB1A	25	んだことにされちまうのさ
E022.EPK	1319C8	13	ああ、そうだ
E022.EPK	1319D6	13	れちまうのさ
E022.EPK	189DD8	25	そいつを持って東に飛びな
E022.EPK	1C5CF0	29	そこにキャラバンがいるはずだ
E022.EPK	1F7B08	31	それを見せれば力になってくれる
E022.EPK	233CF0	37	まあ、ドラゴンを隠して行ったらの話…
E022.EPK	27CC04	11	…だけどな
E022.EPK	29D860	29	短い間だったが、面白かったぜ
E022.EPK	2E2B28	37	また、お互い生きてたらどこかで会おう
E024.EPK	01F2F8	31	あんたもさっきの奴らの仲間か！
E024.EPK	065F74	25	ん？ そのペンダントは…
E024.EPK	0E1C80	25	なんだ、ガッシュの仲間か
E024.EPK	0FEB5C	29	ワシはまたさっきの奴らかと…
E024.EPK	13C320	13	なら話は別だ
E024.EPK	13C32E	15	きの奴らかと…
E024.EPK	16BF20	23	とりあえず、座ってくれ
E024.EPK	209700	15	クレイメンか…
E024.EPK	22D8D4	15	ガッシュの奴、
E024.EPK	248BE8	29	たまに誰かよこしたと思えば、
E024.EPK	260AD6	21	ち込みおる…まったく
E024.EPK	2A2528	33	クレイメン…かどうかは知らんが、
E024.EPK	2CB594	35	それらしいのなら、3日ほど前に来た
E024.EPK	2F25E0	11	本当に！？
E024.EPK	306BD4	29	薬や武器を強尋していきおった
E024.EPK	349984	35	皆が殺気立っておるのは、そのせいだ
E024.EPK	3B32C4	17	奴らなら、北へ…
E024.EPK	3C28E4	27	禁止区域へ向かっていったよ
E024.EPK	42A980	9	この北に
E024.EPK	434E0C	33	重力の嵐が吹き荒れてる地域がある
E024.EPK	46B8B4	31	旧世紀の遣跡があるらしいんだが
E024.EPK	4A1ED0	29	自由に飛行することが難しくて
E024.EPK	4C4218	19	帝国軍も近づけない
E024.EPK	4F3C8C	9	噂じゃ、
E024.EPK	4FAB48	39	見たことのない攻性生物も出るらしいんで
E024.EPK	52F5D4	23	禁止区域と呼ばれておる
E024.EPK	5A5214	27	…まあ、放っておいたって、
E024.EPK	5CC3DC	39	奴らも攻性生物どもにやられるってことだ
E024.EPK	613D0C	23	それでも、儀は行きます
E024.EPK	61E020	39	クレイメンに、せめて一撃でも加えたい…
E024.EPK	6AF0E4	21	ワシらにも事情がある
E024.EPK	6C3CF4	41	あんたをそこへ連れて行くことはできんが、
E024.EPK	6FF198	31	まあ、できる限りのことはしよう
E024.EPK	75639C	27	バイカにとっておきの武器を
E024.EPK	7716BC	21	売るように言っておく
E024.EPK	791FEC	37	奴なら、旧世紀のことも多少は知ってる
E024.EPK	7D7EE4	19	見た目はともかく、
E024.EPK	7EA7C8	27	中身は頼りになる奴だからな
E024.EPK	83ACA4	11	ありがとう
E024.EPK	8689F8	9	礼はいい
E024.EPK	880BC8	35	ただ、もし生きて帰ってこられたら、
E024.EPK	8D0F28	21	禁止区域で拾った物を
E024.EPK	8F30E8	23	ワシらに売ってくれんか
E024.EPK	90AB30	21	武器や薬が足りんのだ
