1	E011.EPK	04288B	하아,한없이 이어지는군…
1	E011.EPK	09D4DF	우와!
1	E011.EPK	0B3547	이건?
1	E011.EPK	0D38AF	…왜 그래?
1	E011.EPK	0F8EA7	무슨 일이 일어난…
1	E011.EPK	11ED67	좋아,가 보자
1	E011.EPK	1AB77B	이런!
1	E011.EPK	2553AF	하하! 좋다!
1	E011.EPK	3BC127	어서!
1	E011.EPK	3CE603	안에 들어가!!
1	E011.EPK	3F00C7	아…아아,미안해!
1	E014.EPK	0B2523	이거 대체…
1	E014.EPK	0D633B	당신의…드래곤인가?
1	E014.EPK	0FF463	내 것은 아니야
1	E014.EPK	1148CF	왠지 말은 들어주긴 하는데
1	E014.EPK	1C03E7	드래곤이라…그런가…
1	E014.EPK	1F503B	확실히 이놈이면 제국과도 싸운다…
1	E014.EPK	2573A7	제국과 싸운다고!?
1	E014.EPK	299F1F	설마,너도 크레이멘의!?
1	E014.EPK	2B39A7	사람 잘못 봤다고
1	E014.EPK	2E6B23	크레이멘 쪽이 아니다,
1	E014.EPK	2FA52F	난 시커다
1	E014.EPK	2FA53F	아니라고,
1	E014.EPK	326B9F	시커? 도굴집단?
1	E014.EPK	357BF7	이봐,말 험하게 하네
1	E014.EPK	3874CB	우리가 도굴꾼이면 제국도 그렇지
1	E014.EPK	3CD8EF	저 보물산이 놈들 것이라고,
1	E014.EPK	3FA33B	누가 정해?
1	E014.EPK	418A77	그 시커인 당신이 왜 이런 곳에?
1	E014.EPK	4634AF	동료와 합류 지점으로 가던 중…
1	E014.EPK	48BFA7	지름길로 가다 그놈에게 당했지
1	E014.EPK	4D7097	아니,살았어
1	E014.EPK	52616B	그래서 하는 김에 말인데,
1	E014.EPK	5592E3	날 거기까지 데려다주겠나
1	E014.EPK	5A189B	뭐,그리 멀지 않아
1	E014.EPK	5BFFDF	카이나스 마을,여기서 바로 남쪽이야
1	E014.EPK	626603	그리 경계하지 마
1	E014.EPK	66EBB3	혼자 여행은 안 익숙하지
1	E014.EPK	6A2A97	힘이 될게!
1	E014.EPK	6DB347	알겠다,하지만 그 마을까지만이다
1	E014.EPK	710D1B	충분해
1	E014.EPK	743B23	자기소개가 아직이었군
1	E014.EPK	78CAE7	내 이름은 가슈
1	E014.EPK	7AC92F	본명은 스키아드=오프스=가슈
1	E014.EPK	7E65B3	라고 하지만…뭐,가슈면 된다
1	E014.EPK	8262AB	이래 봬도 이 근방의
1	E014.EPK	84CBFF	정보엔 밝지
1	E014.EPK	882BFF	유적도,공성생물도,
1	E014.EPK	8C725F	뭐든 가르쳐 주지
1	E021.EPK	02CAF3	뭐야!! 대체!?
1	E021.EPK	065D4F	…가슈! 저거!!
1	E021.EPK	13C853	젠장,불사신인가,저놈!?
1	E021.EPK	21C30B	뭐!?
1	E021.EPK	25CB27	변형했다!!
1	E021.EPK	431D83	…굉장해…
1	E021.EPK	45ECEB	상황별 변형 능력…인가
1	E021.EPK	4A70AF	역시 이놈은…
1	E021.EPK	4E191B	아니,아무것도
1	E021.EPK	504F87	어서 지상으로 가자
1	E021.EPK	5311B3	유적 출구는 코앞
1	E021.EPK	5311C9	로 가자
1	E022.EPK	03C4F3	이제부터 혼자 간다
1	E022.EPK	06E027	이걸로 목숨은 건진 듯하다
1	E022.EPK	0A7D87	시커 놈들은 정이 없어서
1	E022.EPK	0D738F	정한 시간에 오지 않은 놈은
1	E022.EPK	0FFB17	사라진 걸로 한다
1	E022.EPK	1319C7	아,그래
1	E022.EPK	1319D5	사라진다
1	E022.EPK	189DD7	그걸 들고 동쪽으로 가
1	E022.EPK	1C5CEF	거기에 카라반이 있을 거다
1	E022.EPK	1F7B07	그걸 보이면 힘이 되어 준다
1	E022.EPK	233CEF	드래곤을 숨기고 간다면…
1	E022.EPK	27CC03	…하지만
1	E022.EPK	29D85F	길지 않았지만 좋았다
1	E022.EPK	29D87D	얘기…
1	E022.EPK	2E2B27	무사하면 다시 만나자
1	E024.EPK	01F2F7	당신도 아까 그놈들 동료냐!
1	E024.EPK	065F73	응? 그 펜던트는…
1	E024.EPK	0E1C7F	뭐야,가슈의 동료인가
1	E024.EPK	0FEB5B	또 아까 그놈들인가 했지…
1	E024.EPK	13C31F	그럼 다르지
1	E024.EPK	13C32E	들인가 했지…
1	E024.EPK	16BF1F	우선,앉아 주게
1	E024.EPK	2096FF	크레이멘인가…
1	E024.EPK	22D8D3	가슈 그놈,
1	E024.EPK	248BE7	가끔 누굴 보냈나 싶으면,
1	E024.EPK	260AC3	들고 오는군…참나
1	E024.EPK	2A2527	크레이멘…인지는 모르겠다만,
1	E024.EPK	2CB593	그런 자라면,사흘쯤 전에 왔다
1	E024.EPK	2F25DF	정말!?
1	E024.EPK	306BD3	약과 무기를 빼앗아 갔지
1	E024.EPK	349983	다들 살기등등한 건 그 탓이다
1	E024.EPK	3B32C3	놈들은 북으로…
1	E024.EPK	3C28E3	금지구역으로 갔다
1	E024.EPK	3F235B	금지구역?
1	E024.EPK	42A97F	북쪽에
1	E024.EPK	434E0B	중력 폭풍이 부는 지역이 있다
1	E024.EPK	46B8B3	구세기 유적이 있다는데
1	E024.EPK	4A1ECF	자유롭게 비행하기 어려워서
1	E024.EPK	4C4217	제국군도 못 간다
1	E024.EPK	4F3C8B	소문엔,
1	E024.EPK	4FAB47	본 적 없는 공성생물도 나온다고 해
1	E024.EPK	52F5D3	금지구역이라 불린다
1	E024.EPK	5A5213	…뭐,내버려 둬도,
1	E024.EPK	5CC3DB	놈들도 공성생물에게 당한다는 얘기다
1	E024.EPK	613D0B	그래도,저는 갑니다
1	E024.EPK	61E01F	크레이멘에게 한 방이라도 먹이고파…
1	E024.EPK	6AF0E3	우리도 사정이 있다
1	E024.EPK	6C3CF3	당신을 그곳까지 데려다줄 순 없다,
1	E024.EPK	6FF197	뭐,할 수 있는 만큼 하지
1	E024.EPK	75639B	바이카에게 비장의 무기를
1	E024.EPK	7716BB	팔라고 말해 두지
1	E024.EPK	791FEB	그놈이라면 구세기도 다소는 안다
1	E024.EPK	7D7EE3	겉모습은 어떻든,
1	E024.EPK	7EA7C7	속은 믿음직한 놈이니까
1	E024.EPK	83ACA3	고맙다
1	E024.EPK	8689F7	됐다
1	E024.EPK	880BC7	다만,혹시 살아 돌아오게 되면,
1	E024.EPK	8D0F27	금지구역서 주운 걸
1	E024.EPK	8F30E7	우리에게 팔지않겠나
1	E024.EPK	90AB2F	무기와 약이 모자라
2	E034.EPK	03AA77	무슨 일?
2	E034.EPK	05749F	아니면 날 내버려 둬
2	E034.EPK	08036F	이 「총」…
2	E034.EPK	093D8F	원래 당신 것이었다고 들었다
2	E034.EPK	0C2523	그래서…이 총 유적…
2	E034.EPK	0E2D43	『탑』에 대해 알려주게
2	E034.EPK	1083CF	총이라니?
2	E034.EPK	126E5B	바보 놈
2	E034.EPK	1313AB	그런 게 아니야
2	E034.EPK	155607	『투시판』이라 한다
2	E034.EPK	155620	아니야
2	E034.EPK	17AE6F	그 정도는 공부하고 와라!
2	E034.EPK	1ACA8B	…이래서 바깥 놈들은…
2	E034.EPK	1E6287	그거라면 들어본 적 있어
2	E034.EPK	204963	구세기 기록 기계지?
2	E034.EPK	25DCDB	낯선 얼굴이군?
2	E034.EPK	2C1E3B	…헌터인가? 시커?
2	E034.EPK	31B4CF	뭐,그런 셈이지
2	E034.EPK	346227	흐음…
2	E034.EPK	35DA2F	그래서,탑이 어쨌다고?
2	E034.EPK	39343F	그 유적이 왜?
2	E034.EPK	3B544F	탑의 위치를 찾는다
2	E034.EPK	3D3B2B	뭔가,당신이 아는 게 있으면
2	E034.EPK	3F074B	알려주지 않겠나
2	E034.EPK	40B2EF	이봐,그런 걸 물어서 뭐 하려고
2	E034.EPK	437EDB	그건 내가 발견했다
2	E034.EPK	437EF4	뭐 하려고
2	E034.EPK	454AFB	요컨대 내 것,
2	E034.EPK	471527	알려줄 이유는 없어
2	E034.EPK	4A5A9F	뭐,당신 하기 나름이지만
2	E034.EPK	4D024B	알려주지 못할 것도 없지
2	E034.EPK	50D29B	당신,헌터라고 했지
2	E034.EPK	53D033	금지구역 북쪽,
2	E034.EPK	552BA3	게오르기우스 얘기 아나?
2	E034.EPK	586A1F	아는 게 없군…
2	E034.EPK	5A15C3	거기 가면 구세기 기계가 있다
2	E034.EPK	5E2143	봐라,그런 놈이다
2	E034.EPK	5E2157	기계가 있다
2	E034.EPK	6317C7	보다시피 이걸 수리하고 있는데,
2	E034.EPK	65026F	부품이 모자라서
2	E034.EPK	66AC33	거긴 아직 아무도 안 들어갔다
2	E034.EPK	696113	공중선 부품도 있을 거다
2	E034.EPK	6AED5F	뭐,당신이 그걸
2	E034.EPK	6D4A77	가져다준다면
2	E034.EPK	6E6613	탑의 위치를 알려줘도 좋다
2	E034.EPK	71C5C7	그럼,잘 부탁해
2	E034.EPK	77532F	서둘러 주게
2	E052.EPK	0A2C0F	앗! 찾고 있었다고
2	E052.EPK	0C68BF	어디 있었어
2	E052.EPK	0DF8BF	우왓,뭐야…
2	E052.EPK	11704B	아,그런가
2	E052.EPK	1374A3	하지만 이런 건 이제 됐다
2	E052.EPK	1526A7	그보다 봤다고,
2	E052.EPK	15E973	어디서 손에 넣었나,그놈을?
2	E052.EPK	188FDF	그놈이라니? 뭐?
2	E052.EPK	1A71C7	이봐,시치미 떼지 마,
2	E052.EPK	1C0153	봤다고,당신이 그걸 타는 걸
2	E052.EPK	1ECD23	뭐,기다려
2	E052.EPK	202A83	무서운 얼굴 말고
2	E052.EPK	23406F	나는 이 근처 얼간이들과는
2	E052.EPK	24B4A7	니까
2	E052.EPK	2706CF	모르는 것을 부정한다는 건,
2	E052.EPK	28CA93	가장 어리석은 짓이다
2	E052.EPK	28CAAF	는 건,
2	E052.EPK	2B5943	신이다 악마다 두려워하고 떠받드는
2	E052.EPK	2DC9B7	건 조금도 논리적이지 않아
2	E052.EPK	2F8F3F	그렇지?
2	E052.EPK	32FDC3	지혜와 지식이란 걸 갖고 있다
2	E052.EPK	34DFBF	당신과 드래곤을 찾아낸 것도,
2	E052.EPK	375037	구세기 도구를 쓸 줄 알았으니까
2	E052.EPK	3BD757	이걸 써서,당신이 게오르기우스에서
2	E052.EPK	3E100B	드래곤에 탄 걸 봤다
2	E052.EPK	40EE3F	부탁해
2	E052.EPK	43CC57	순수한 학술적 흥미로
2	E052.EPK	462177	그 드래곤을 보여주면 좋겠다
2	E052.EPK	48025F	알겠어…나중에,언젠가
2	E052.EPK	49901F	그보다…
2	E052.EPK	49CB97	정말?
2	E052.EPK	4A396F	꼭이야!?
2	E052.EPK	4C703B	…아,그러니까…
2	E052.EPK	4DAE6B	…누구지
2	E052.EPK	51F863	그래,꼭이다,에지
2	E052.EPK	5730E3	부탁해,나도 당장이라곤 안 한다
2	E052.EPK	59BCB3	뭐,되도록 빨리 부탁해…
2	E052.EPK	605F23	그러고 보니 부탁받았지
2	E052.EPK	63058B	…『탑』…
2	E052.EPK	6496CF	아,그랬지
2	E052.EPK	6794F7	…이 거리 북동쪽,
2	E052.EPK	6A055B	호수 넘은 곳에 있다……
2	E052.EPK	6E194F	…일 거다
2	E052.EPK	71C437	이걸 써서 안 거니까
2	E052.EPK	73DB17	실제로 간 건 아니다
2	E052.EPK	75A0A3	그때 기록…볼 텐가?
2	E052.EPK	7B9BBB	그러니까,분명…
2	E052.EPK	7EB53F	있다,이거다!
2	E052.EPK	84039F	굉장하지,이 기계도 내가 고쳤다
2	E052.EPK	8872FF	이건 이걸 날려서
2	E052.EPK	88731B	고쳤다
2	E052.EPK	8A54FB	앉은 자리에서 세계 곳곳을
2	E052.EPK	8BFFE3	볼 수 있다
2	E052.EPK	8D4EA3	내가 손댄 것 중 최고지
2	E057.EPK	0F53A3	또,그 드래곤!!
2	E057.EPK	1369DB	설득이 통할 상대가 아냐!
2	E059.EPK	071E37	부탁해…
2	E059.EPK	1A9D87	더 이상 그분을 방해하지 마라
2	E059.EPK	1F268B	아니면…죽인다
2	E059.EPK	225FFB	까불지 마!!
2	E059.EPK	253153	아무것도 모르면서!!
3	E074.EPK	0337F3	…제국군! 어째서?
3	E074.EPK	095687	작전은 예정대로 진행 중
3	E074.EPK	0C2B33	진행 중이다
3	E074.EPK	0CDEA3	진행 중이다
3	E074.EPK	13E6F7	놈들,
3	E074.EPK	15F78F	질리지도 않는군
3	E074.EPK	18CF4F	여기 사람들에겐 보이지 않겠습니까
3	E074.EPK	1BBA33	워낙,전투기를 보는 건
3	E074.EPK	1D33A3	처음일 테니까요
3	E074.EPK	1EBCFF	그럴지도…
3	E074.EPK	2056EB	…가자
3	E078.EPK	02CBBB	에지!?
3	E078.EPK	0763CB	당장 드래곤 힘을 이용하겠다고?
3	E078.EPK	0B4587	적당히 좀 해라!
3	E078.EPK	0BEAA3	이 망할 영감!
3	E078.EPK	0F4EFB	조심해라
3	E078.EPK	10A4EB	어차피 제대로 생각 안 해
3	E078.EPK	166A83	자네인가,에지 군이란 게
3	E078.EPK	194B7F	뭐,아무튼 들어오게
3	E078.EPK	1D7207	얘기가 된 모양이군
3	E078.EPK	213CC3	제대로 대접해야 하겠지만
3	E078.EPK	23D41B	아무래도 시기가 시기라서
3	E078.EPK	27667B	본론으로 들어가겠네
3	E078.EPK	2DA9BF	…자네도 알겠지만
3	E078.EPK	30AED7	이 거리에 제국 일당이 왔다
3	E078.EPK	34AFF7	그들은 이 거리를 내놓으라 한다
3	E078.EPK	396737	어처구니없다
3	E078.EPK	396745	를 내놓으라 한다
3	E078.EPK	3D5077	제국 소문은 전부터 들었다
3	E078.EPK	4174C3	그 냉혹한 방식도
3	E078.EPK	437923	평의회에서도 항복하자는 의견이
3	E078.EPK	46414F	주류가 되고 있다
3	E078.EPK	4A9DDF	우리가 싸워도 승산이 없다는 거다
3	E078.EPK	50E14B	제국도 패배한 적이 두 번 있다
3	E078.EPK	59F5EF	그 바보 아들 말이 맞다면
3	E078.EPK	5C48B3	자네에게 부탁이다
3	E078.EPK	6071B3	그 드래곤으로 놈들을 쫓아내 주게
3	E078.EPK	643C6B	물론,공짜는 아니다
3	E078.EPK	68F1BF	듣자니,아들과 같이
3	E078.EPK	6AF61F	구세기 유적에 관심이
3	E078.EPK	6F12EB	만약 자네가 제국군과 싸워준다면
3	E078.EPK	72AAEF	이 거리의 「유산」을 보여주지
3	E078.EPK	78B22F	자네가 찾는 『탑』이란 것
3	E078.EPK	7B43E3	단서가 될지도 모른다
3	E078.EPK	7EAD27	어떤가,맡아주지 않겠나?
3	E078.EPK	84FE43	알겠다,
3	E078.EPK	858EA7	나도 제국에 원한이 없진 않다
3	E078.EPK	883347	싸우겠다
3	E078.EPK	8A4EBB	정말!?
3	E078.EPK	8ED78B	아니,이 거리 모두를 대신해
3	E078.EPK	9248E3	감사한다
3	E078.EPK	992867	…제국군은 울 북서쪽에 있다
3	E078.EPK	9D249F	거긴 새벽에 안개가 낀다
3	E078.EPK	A08BE3	그때를 노려서 가면
3	E078.EPK	A256CF	가까이까지 안 들키고 간다
3	E078.EPK	A7F973	부탁하네,에지
3	E078.EPK	AD45B7	…아,잠깐 기다려 주게
3	E078.EPK	B2DA1B	적지만 준비에 쓰게
3	E078.EPK	B5D063	다만 이 일은 비밀로 해
3	E078.EPK	B9891B	내 얘기도 드래곤 일도
3	E078.EPK	BFAB9B	아무쪼록 잘 부탁하네
3	E087.EPK	03A577	하찮은 소문을 퍼뜨리는군
3	E087.EPK	096C17	하찮다니요?
3	E087.EPK	0D1F57	그러는 건 당신 아닙니까
3	E087.EPK	10E973	상식으로 판단해 주시지요
3	E087.EPK	1571C3	함대라니요?
3	E087.EPK	1A9BB7	구세기 뇌격병기라?
3	E087.EPK	1E51A3	하! 명색이 사제라는 분이
3	E087.EPK	22BDA7	그런 유언비어에 흔들리시다니!
3	E087.EPK	27082B	설령 그 정도가 아니더라도
3	E087.EPK	2B718F	싸우면 죽는다
3	E087.EPK	3001AF	얌전히 있으면
3	E087.EPK	3001C5	아니라도
3	E087.EPK	3276AB	그들도 언젠가 떠난다
3	E087.EPK	377C73	…허나 우린 달라
3	E087.EPK	3AD0DF	싸워 지면 갈 곳이 없다
3	E087.EPK	3FA2C7	이 거리는 신의 힘이 지켜
3	E087.EPK	467E53	그리 말한 건 당신입니다
3	E087.EPK	4A55CF	드래곤도 신의 힘 아닙니까
3	E087.EPK	4F95CB	흥,신앙 잃은 자가 무슨
3	E087.EPK	547F8F	누구야!
3	E087.EPK	57588F	응? 외지 헌터 아닌가
3	E087.EPK	5B631B	왜 여기에…
3	E087.EPK	5CFDC7	바이만,네놈…!
3	E087.EPK	6126EF	에지 님,결과는 어떻소?
3	E087.EPK	65B1D7	호수 제국군은 전멸
3	E087.EPK	6885A3	이 거리 근처엔
3	E087.EPK	6967E3	이제 한 척도 없을 거다
3	E087.EPK	752FA3	어떻습니까,사제님
3	E087.EPK	789D73	제국군이라 해도
3	E087.EPK	7A99DF	단 한 마리 드래곤에
3	E087.EPK	7C93AF	멸망당할 정도의 것 아닙니까
3	E087.EPK	80BCEB	그런 것에 떨고 있었다니…
3	E087.EPK	83D0EF	결국,종이호랑이,
3	E087.EPK	866227	두려워할 만한 게 아니란 겁니다
3	E087.EPK	8AD0D3	…이걸로 사람들 생각도
3	E087.EPK	8D45C7	바뀌겠지요
3	E087.EPK	8FF307	이 거리는 드래곤이 지켜냈다
3	E087.EPK	95BC0B	내 예언대로
3	E087.EPK	9A498B	누굴 차기 사제로 미나,
3	E087.EPK	9D79D3	생각할 것도 없겠지요
3	E087.EPK	A11897	…어리석군
3	E087.EPK	A118A5	없겠지요
3	E087.EPK	A79D27	언젠가 너도 알게 될 날이 와
3	E087.EPK	AE4967	나머진 내일 평의회에서 듣지요
3	E087.EPK	B37DB7	기다렸군,에지 군
3	E087.EPK	B5966F	자네 덕에 모든 게 잘 풀렸네
3	E087.EPK	B9BD0B	그야말로 이 거리의 은인
3	E087.EPK	BEE99F	그보다…
3	E087.EPK	C27373	아,「유산」 말인가
3	E087.EPK	C5084B	미안하지만 내일까지 기다려
3	E087.EPK	C804AF	평의회 끝날 때까진
3	E087.EPK	C997CF	허가가 안 나니까
3	E087.EPK	CD3A63	괜찮네,내일부턴 내가 사제
3	E087.EPK	D387E7	그럼,집으로 가겠네
3	E087.EPK	D66B6F	이래 봬도 바쁜 몸이라
3	E090.EPK	02CE7B	이봐! 괜찮아!?
3	E090.EPK	0854A3	이게 빛나는 게 달라져서
3	E090.EPK	099113	서둘러 달려왔는데…
3	E090.EPK	0BA7EF	그랬더니 네가 이걸 만진 채
3	E090.EPK	0DA8D7	빛에 싸여서…
3	E090.EPK	1035A7	…빛?
3	E090.EPK	12A5FB	…아까 그 환영,못 봤나?
3	E090.EPK	172B7B	탑이 있고 그 아래…
3	E090.EPK	1EDEDB	여기…인가
3	E090.EPK	24A88B	안 일어나
3	E090.EPK	24A89B	아래…
3	E090.EPK	27863B	난 이걸 더 조사해 보겠다
3	E120.EPK	07424B	황제포 장전 완료!!
3	E120.EPK	097B3B	,황제포 충격에 대비!
3	E120.EPK	295407	꼬리 말고 도망칠까
3	E120.EPK	2B97F7	꼴 좋구나,에지!!
3	E120.EPK	2EF69B	각하는 네놈을
3	E120.EPK	30EDE3	아군으로 삼고 싶은 듯하나,
3	E120.EPK	34D56F	난 반대다
3	E120.EPK	374173	이 몸이 여기서 네놈을
3	E120.EPK	3A7EB3	제국과 함께 부숴 주마!!
3	E121.EPK	0489A3	…여기서 죽는다…
3	E121.EPK	0821D3	네 동료를 죽인 건 나다
3	E121.EPK	0A2C37	그 원수를 갚았다…
3	E121.EPK	0C9F5B	만족했나,에지
3	E121.EPK	0F570B	는 나와 달라…
3	E121.EPK	120A17	를 만나 줘…
3	E121.EPK	15D187	는…탑에서 기다려…
3	E128.EPK	272B13	우와아아!!
3	E128.EPK	2B360B	안 돼! 떨어진다!
3	E128.EPK	31D6D3	제2편대,응답 없습니다
3	E128.EPK	357E23	함 침몰
3	E128.EPK	3BD2AF	황제포 발사 준비는!
3	E128.EPK	46AD63	함장,못 버팁니다!!
3	E128.EPK	49E0F7	총원 퇴함하라,함을 버린다
3	E128.EPK	4E84D3	탈출장치가! 우와아아…
3	E074.EPK	0C2B27	복귀한다
3	E090.EPK	15110B	못 봤다니…뭘?
1	E014.EPK	8C7275	일도,
1	E021.EPK	4CFAC3	엇?
2	E034.EPK	0E2D63	주게
2	E034.EPK	57DADF	아니…
2	E052.EPK	0C68CF	있었어
2	E052.EPK	5152C7	에지
2	E052.EPK	51F87D	에지
2	E052.EPK	6F1A4F	맞나?
3	E074.EPK	0CDE97	핫
3	E074.EPK	0CDE9D	이다
3	E078.EPK	064C8B	흐음
3	E078.EPK	10A50B	안해
3	E078.EPK	213CE3	지만
3	E078.EPK	2DA9D7	지만
3	E078.EPK	50AAC3	하지만
3	E078.EPK	A08BFB	가면
3	E090.EPK	225D2B	어라?
2	E052.EPK	301873	그 점이 다르지
