0	=
1	=
2	태초의 황혼,\n사람은 다투기 시작했다.\n어둠을 모르는 자는 황혼이 두려워\n마음 흐트러져 서로 죽였다.
3	(방금 그 목소리… 머릿속에 울렸다)
4	(나무를 깎아 만든 장식 기둥이다)
5	나는 땅속에서 몇천 년이나 잠들어 있었어
6	손님만 돌아오면 더 바랄 게 없겠네
7	뭐니 뭐니 해도 「수호의 불」 파수꾼이니까
8	세계를 다시 사람 손에 되돌릴 수 있는 건,
9	(당장이라도 여기서 나갈 수 있을 것 같은데)
10	(머릿속에 직접 울려오는… 느낌이다)
11	당신을 본 적이 있는 것 같은 느낌이야
12	이 마을도 이런 꼴을 당할 줄은
13	시커의 마을에 오신 걸 환영합니다
14	영화롭던 문명이 멸망한 지 수천 년
15	활주 레일 부상,긴급 발진 준비 완료
16	파란 기둥 두 개가 표식이라던데
17	내장은 약이 되고 소금도 나와
18	4번 발굴소에서 연락이 왔다!
19	=
20	…그리 되길 바라고 싶군
21	저놈은 이 마을을 멸망시킬 수도 있는 자야
22	여기서 아래로 빠지는 게 가장 빨라
23	=
24	주포 제외 각 부위,출력 개방,갑니다
25	몇 번이든 재건할 수 있어
26	모든 것은 지금 나와 함께 있다…
27	북쪽 안으로 가는 출구
28	각 기체,초계를 게을리 마라
29	자네를 만나러 온 건 그 일이다…
30	필요 이상 캐묻는 건 무용하다,
31	그리 생각하게 두고 있지만
32	손 비는 자는 소화에 임하라!
33	규율 같은 것도 없고
34	침몰선 아래 숨은 굴
35	현재 교전 중,지원군 요청
36	20Dn 낸다
37	(어느 것이나 많이 쓴 티가 나는군)
38	(쓰러뜨릴 방법이 따로 있는 건가)
39	=
40	10Dn 낸다
41	=
42	=
43	=
44	…하지만,이제 원래 자리로는 못 돌아가…
45	…빠져나갈 굴?
46	그 배에 탔던 꼬맹이,대체 누구였지?
47	더 이상 저놈을 폐하께 접근시키지 마!
48	거길 집중 공격하면 쓰러뜨린다!
49	그 죄는 죽어 마땅하다
50	그러니 많은 이들이 숲 깊은 곳으로 가서
51	어느 쪽이든 같아
52	그리 되어 있을 것이다
53	조아의 숲이 변해 버린 꼴이다…
54	꿰뚫기
55	동료를 너무 죽였어
56	주민권을 받으려면 아직 한참 남았네요
57	모든 게 짜여 있었던 거야
58	힘을 너무 주었다…
59	자네에게 보여줄 게 있어
60	소문이지
61	탑2 중보스전A
62	탑2 중보스전B
63	탑을 둘러싼 큰 싸움이 있었지
64	밖과의 교류는 불행만 낳는다
65	바깥 아이와 같이 취급하면 곤란해
66	대회당 열쇠 입수
67	그놈은 아직 죽지 않았다
68	그놈들은 여기서 돌연변이했다
69	캐물을지,태워버릴지다
70	좌현 적 그림자 확인
71	감사는 교회 기부로 나타내면 된다
72	편지… 누구한테서지?
73	수천 년간 있었던 곳이다
74	내일 아침 여기를 떠난다
75	황제포,다음 탄 장전 완료!
76	순혈종일수록 명령에 충실히 움직인다
77	푸른 옥
78	혈통서까지 있다고
79	중산탄포로 떨궈버리겠다
80	시간에 맞을까…
81	비행갑판 교체 완료
82	(저 항아리는 약품이 든 모양이다)
83	여자가 없으면 손님 발길이 뜸해지니까
84	(천장에 물건을 매다는 데 쓰나 보다)
85	(다음은 이것에 맞는 열쇠 구멍 찾기군…)
86	=
87	=
88	<!87>명령이 떨어졌다
89	<!EC> 생물이라서 말이야
90	=
91	<03><01>적의 오른쪽으로 이동하라<03>
92	=
93	=
94	뭔가,아니 사람을 찾고 있어
95	너희가 공성 생물이라 부르는 놈들도 마찬가지
96	여기… 처음 왔을 땐 못 지나갔는데…
97	이 마을은 마음에 안 들어…
98	그것을 방해하는 자는 아무도 접근 못 하게 한다
99	아,안 되나…
100	하지만 말이야,통치엔 전설이 필요하다
101	어째서,그렇게까지 그놈을 지키는가
102	어째서 드래곤을 다룰 수 있지
103	뭐,조금 기다리면 알아
104	어쩔 수 없다,각 함 제1종 전투배치!
105	조아의 숲 중보스A 약화
106	조아의 숲 중보스B 약화
107	조아의 숲 중보스C 약화
108	조아의 숲 중보스D 약화
109	조아의 숲 중보스E 약화
110	조아의 숲 중보스F 약화
111	조아의 숲 중보스G 약화
112	조아의 숲 중보스H 약화
113	조아 숲 진입 가능
114	조아 거리 진입 가능
115	헌터 일이란 건 늘 목숨을 걸어야 해…
116	지금은 죄다 호수 밑바닥이야
117	위치 선정은 적에 대해\n방향 버튼으로 좌 또는 우로\n90도씩 돌아 들어가서 한다.
118	우리 손으론 감당이 안 돼!
119	모든 탑을 다스리는 혼의 그릇…
120	재충전에 조금 걸립니다
121	우현 적 그림자 확인
122	각 함,죽기로 덤벼라
123	흡수시키지 마라,다음엔 자폭한다
124	탑1 진입
125	탑2 진입
126	탑 하부에서 고속 비행체 접근 중
127	탑을 둘러싼 싸움…
128	밤이 되면 거리를 비추는 빛 말이야
129	완전히 부수는 수밖에 없다,되겠나?
130	좌현 호위함대 궤멸
131	싸움에 섞여 그녀는 모습을 감췄다
132	빠져나갈 굴이라니?
133	협곡지대에서 싸웠다.\n등을 보이지 않는 한 덤벼\n오지 않고 움직임도 느리다.\n방심만 안 하면 확실히\n쓰러뜨릴 수 있는 적이다.
134	발굴소 상공 진입
135	발굴소 진입
136	황제포 발사 준비 됐습니다
137	사막<05>빠지는 굴
138	가자,아마 아래로 빠질 수 있어
139	갈퀴
140	교회 가는 길
141	폐쇄 중…
142	<16>넘기
143	근데,이런 걸 어디 갖고 있었대?
144	벽옥
145	의문의유적1
146	의문의유적2
147	                 <03><01>기록<03>
148	뭐야,아직 안 되나
149	그런 기분은 느끼기 싫으니까…
