0	(떨어져 유적에서 깨어날 때까지…)
5	(사막에서 본 듯한 식물이군…)
6	(늙은 남자다…쇠약한 기색은 없다)
7	(아마 숲의 작은 동물 고기겠지)
8	(한 사람 크기밖에 안 되는군)
9	(이걸로 쓸 만한 물건을 만들까?)
10	(이대로 북쪽으로 날면 닿겠어!)
19	(풍망을 멈출 스위치부터 찾자)
20	(이 아래에 양조기가 있었지)
21	(나무 조각 기둥…세공이 정교하군)
22	(공성생물 날개로 만든 장식창이다)
23	(안전히 절벽을 넘을 수 있을 듯)
24	(다음엔 싸우는 법을 궁리해 보자)
25	(이 남자 말을 들을 수밖에)
26	(아까 그곳으로는 못 돌아가겠군…)
27	(「위험한 책」이 이건가…)
28	(…안 되겠어,잠겨서 못 움직인다)
64	(가까이 가야 열쇠를 쓰겠군)
65	(다음은 맞는 열쇠 구멍 찾기…)
66	(공성생물의 산을 중화하는 약이다)
67	(봉인을 풀 때마다 변화가 있다…)
68	(오래된 우물이다…물이 말라붙었다)
69	(조아에서 얻은 구세기 기계다)
70	(자알 열매인가…꽤 값비싼 물건)
71	(쿠리아 똥을 굳힌 연료의 불이다)
72	(음? 보니 아직 뭔가 남아 있어)
73	(이 유적의 봉인이 하나 풀렸다,)
74	(여행에 쓸 물주머니가 되는 거군)
75	(이 기둥은 공성생물 껍질이다)
76	(여기 말고는 숲에 못 들어가겠군)
77	(온 사람이 세워두고 가는 걸까…)
78	(여기서부턴 못 돌아갈 듯하군…)
79	(저 배리어를 어떻게든 해야 해!)
80	(저 아이 이름은…분명 로다랬지)
81	(…여기와 절벽을 이으면,)
119	(뒤에 나무 조각상이 늘어섰다)
120	(바람이 멎지 않으면 못 간다)
121	(총으로 아래 녀석들을 노려볼까)
122	(제단에 총을 장식할 받침대다…)
123	(사냥감을 손질할 도구가 들었다)
124	(주운 총에 눈길이 가는 듯하다)
125	(평소보다 활기차 보이는군)
126	(시체에서 빛나는 돌이 흘러나온다)
127	(옆의 잠금장치부터 풀어야 하나…)
128	(숲에서 이런 걸 얻을 수 있나…)
129	(나무가 자랄 만큼 흙이 비옥한가)
130	(벽난로에서 작은 불이 탄다…)
131	(구세기 기계가 환영을 보여준다)
132	(공성생물 껍질에 무늬를 넣었다)
133	(공성생물 몸에서 생기는 보석이다)
134	(공성생물도 새끼는 지키는군…)
135	(뒤로 뻗은 통로로 이어지나)
136	(녀석들,내가 풀 걸 예상하고)
137	(아무 일도 없으면 좋겠는데…)
138	(지금은 이 남자가 조아의 지배자)
139	(비칠 만큼 얇게 깎였다…)
140	(고급 램프다…책 읽는 용도겠지)
141	(시커가 독자적으로 만든 물건)
142	(그래서 가슈가 조작할 수 있었나)
143	(그게 있으면 뭔가 일어난다…)
144	(게다가 전부 손으로 쓴 사본)
145	(더 얘기할 생각은 없는 듯하다)
146	(이게…전부 아까와 같은 물건인가)
147	(이 책은 많이 읽어서 낡았군…)
148	(여기서 더는 갈 수 없을 듯…)
149	(이 녀석을 잘 다루긴 힘들겠다)
150	(아궁이에 남은 불씨가 타고 있다)
151	(…예상보다 제국군이 빠르다…)
152	(…우릴 부모로 착각한 건가)
248	(향목이 세워졌다…오래된 게 많군)
249	(머리를 부수지 않으면 끝없다…)
250	(자물쇠가 달렸다…여는 건 무리다)
251	(살 사람이 있을 것 같진 않지만)
252	(젊은 남자가 숨죽여 앉아 있다…)
253	(입자에 맞으면 밖으로 튕긴다…)
254	(회오리에 뭔가가 끌어올려진다！？)
255	(발굴품을 만진 게 도움이 됐군)
256	(물건이 너무 많군…좀 줄여야겠다)
257	(소각로에 책이 타다 남아 있다…)
258	(폭포를 보면 빨려들 듯하다…)
259	(선반에 향료 단지가 보관돼 있다)
260	(선반에 술 항아리가 보관돼 있다)
261	(선반에 약 항아리가 보관돼 있다)
262	(선반에 기름 단지가 보관돼 있다)
263	(선반과 같은 식으로 만든 탁자다)
264	(구세기부터 계속 움직이는 걸까)
265	(공성생물은 껍질이 단단하니까…)
266	(공성생물 날개로 만들어졌다)
267	(공성생물 팔이다…발톱은 뽑혔군)
268	(뒤쪽 통로가 신경 쓰이는군…)
269	(열매 없는 나무를 기르다니…)
270	(천장에 물건을 매다는 데 쓰나)
271	(반격을 위로 유도해 둥지를 치자)
272	(내 일은 신경 안 쓰는 듯하다…)
273	(작물을 나르는 바구니인 듯하다)
274	(내용물을 꺼내는 여닫이문인가…)
275	(파에트는 가만히 발굴품을 본다)
276	(자알 열매인가…변경에선 귀중품)
277	(음? 몸 아래에 총이 떨어졌군)
278	(보니 아직 뭔가 남아 있군…)
279	(지금은 못 들어가는 듯하다)
280	(항아리 속 술이 빛을 낸다…)
281	(하지만 이걸로 공성생물도 근처에)
282	(그렇게 드래곤이 보고 싶었을까)
283	(제국군도 그냥 둘 수 없고…)
284	(어쩔 수 없지,다른 길을 찾자…)
285	(이만큼 싸웠으니 당연한가…)
286	(이 빛이 마을을 비추는 건가…)
287	(여기서 모두의 식사를 만드는 듯)
288	(이 녀석 바로 아래가 안전한가…)
289	(이 녀석,어째서 구세기 배에…)
290	(분명 뭔가 열쇠가 필요하겠지…)
291	(서로 살아남으면 좋겠는데…)
292	(아니,그 가라앉았던 검은 유적!)
293	(어라? 이 사람…분명 조아의…)
294	(아,드래곤의 체력이 회복된다…)
295	(…안 되겠어,벌써 차갑게 식었어)
296	(적 3체를 동시에 공격하는 녀석)
429	(향목이 세워졌다…죄다 오래됐다)
430	(장식 창 너머로 빛이 비친다)
431	(투명한 용기에 술이 가득 찼다)
432	(부모 둥지 흔적에 뭔가 있다…？)
433	(사냥감을 해체하느라 바쁜 듯…)
434	(사냥의 무사를 비는 관습이다)
435	(죽었다…공성생물에게 당한 건가)
436	(나이에 비해 기운이 넘쳐 보인다)
437	(책상 위에 서적이 잔뜩 나왔다)
438	(책장이다…여러 서적이 놓였다)
439	(최근에 총을 들고 나간 듯하다…)
440	(빨리 세 번째 열쇠를 찾아야…)
441	(구식 총이지만 손질이 잘 됐다)
442	(염색법은 시커 특유의 것이다)
443	(공성생물 껍질을 조각한 장식이다)
444	(환기용으로 관을 통과시킨 듯하다)
445	(마음이 통하는 게 이런 느낌일까)
446	(제국 서적이다…어디서 주운 걸까)
447	(사실 아이는 경험치가 없단 말야)
448	(아이를 잡는 것도 지겨워졌군)
449	(추락한 듯하다…심하게 부서졌다)
450	(장소는…조아 북쪽…95만 리온？)
451	(해먹을 지탱하는 그물이 찢겼다)
452	(반격당하지 않으려면 총뿐이군)
453	(입구가 폭파돼 들어갈 수 없다…)
454	(의식의 소지품에 눈길을 준 듯)
455	(내겐 고물로밖에 안 보이는데…)
456	(내가 이 봉인을 푸는 것을)
457	(오늘은 유난히 상태가 좋아 보여)
458	(오늘 밤 여기로 오라 쓰여 있다)
459	(내용물은 거의 다 빼낸 듯…)
460	(속이 비었다…지나갈 수 있겠군)
461	(파에트다…기분이 안 좋아 보인다)
462	(조아에 있던 헌터의 시체다…)
463	(크레이멘이 말한 게이트라는 게…)
464	(잡동사니 더미에 천을 덮어 놨다)
465	(아젤은 가만히 발굴물을 본다)
466	(보니 손을 댄 흔적이 있다)
467	(모두 이렇게 죽어가는 건가…)
468	(뭐지…머릿속에 목소리가 울린다…)
469	(아무튼 본인에게 얘기를 들어야…)
470	(맞다,헌터 라드감이라는 사람이다)
471	(아까 그게 동력원이 아닌가!?)
472	(이런 걸 대체 어디에 쓰지?)
473	(이걸로 서로 생명의 은인이군)
474	(이 총으로 공성생물과 싸웠나…)
475	(이 유적에서 뭘 하려는 거지?)
476	(이 벽 뒤엔 수도관이 있으니까…)
477	(여기까지 다시 조사해볼까…)
478	(여기엔 저런 생물까지 있는 건가)
479	(좋은 장작이다…숲이 가까워선가)
480	(저 남자는 보아즈라 했었지…)
481	(그 아이는…분명 엔카쿠라 했지)
482	(저 항아리엔 약품이 든 듯)
483	(…탑과 뭔가 관계있는 건가…?)
