trim	now	cap	W	module	id	ko
11	7	5	16	FLD_A7	6064	기본 능력에는 상관관계가\n있어, 공격력을 올리면\n심기력이 내려간다. 심기력을\n올리면 공격력이 내려간다.\n방어력을 올리면 기동력이\n내려간다. 기동력을 올리면\n방어력이 내려간다.
5	3	2	18	MENUEN	6949	지금까지 쓰러뜨린\n공성생물(순혈종) 구세기의 모습과\n성능을 지금도 유지하는 종
4	3	2	18	MENUEN	6948	지금까지 쓰러뜨린\n공성생물(변이종) 구세기의 모습과\n성능을 잃고 야생화한 종
4	3	2	9	COMMON	6722	구세기 병기의\n외장갑 가게에\n팔면 돈이 된다
3	9	7	16	MENUBK	4177	부디,나의 벗에게 힘을\n빌려주어,그의  목적을 이루는\n데 도움을 주었으면 한다.\n그것은,구세기의 의지로부터\n세상을  해방시키는\n것이며,나아가서는  너\n자신에게도 드리워진 죽음의\n그림자를  떨쳐내는 일로도\n이어지는 것이다.
3	3	2	15	COMMON	7257	꽃가루를 수분시켜 맺힌 황금\n열매 최고속도를 올리는\n효과가 있다
3	3	2	10	COMMON	6598	공성생물 하누만의\n발톱 가게에 팔면\n돈이 된다
3	3	2	9	COMMON	6723	구세기 병기의\n잔해 가게에 팔면\n돈이 된다
3	3	2	9	COMMON	6580	공성생물의\n특수장갑 가게에\n팔면 돈이 된다
3	3	2	9	COMMON	6127	부서진 굴착기\n부품 가게에 팔면\n돈이 된다
2	4	2	4	FLD_A7	5534	상공으로의<03>\n전송 장치<03>
2	3	2	14	COMMON	6990	발굴장에서 캐낸 돌\n부스러기 가게에 팔면\n약간의 돈이 된다
2	3	2	7	COMMON	6584	공성생물의\n고깃덩이\n비싸게 팔린다
1	5	4	15	FLD_A3	5705	예를 들어,내가 위치 선정\n중이어도 적의 게이지는\n진행되고 있으므로, 위치\n선정이 끝나자마자 공격당하는\n경우가 있다.
1	5	4	14	FLD_A3	4990	게이지가 여러 개 쌓여\n있어 연속으로 행동하고\n싶은 경우에도, 미리\n입력해 두면 적에게\n끼어들릴 걱정은 없다.
1	3	2	17	COMMON	4689	얼마 남지 않은 드래곤용 장비\n이동 중 레이저 발사 능력을\n강화한다
1	3	2	12	COMMON	6241	소동물・카제노메의 먹이\n나무 열매를 잘게 부순\n것
1	3	2	11	COMMON	6599	공성생물 하누만의\n껍질 가게에 팔면\n돈이 된다
1	3	2	11	COMMON	6597	공성생물 하누만의\n꼬리 가게에 팔면\n돈이 된다
1	3	2	9	COMMON	6582	공성생물의 안구\n가게에 팔면 돈이\n된다
1	3	2	9	COMMON	6581	공성생물의 껍질\n가게에 팔면 돈이\n된다
1	3	2	9	COMMON	6574	공성생물의 체액\n가게에 팔면 돈이\n된다
1	3	2	9	COMMON	4909	가라코세키 원석\n가게에 팔면 돈이\n된다
0	3	2	15	COMMON	2963	『탑』이라 불리는 유적의\n그림 구세기 기록기계로\n그려진 것
0	3	2	14	COMMON	5142	조아 마을 정규 주민 구획\n「신성구」에 들어가는\n통행증
0	3	2	13	COMMON	5140	조아 마을에 전해지는\n서적 마을의 규율이 적혀\n있다
0	3	2	12	COMMON	6806	여러 용도로 쓰이는\n기름 가게에 팔면 돈이\n된다
0	3	2	10	COMMON	4974	쿠리아 똥의 화석\n가게에 팔면 돈이\n된다
0	3	2	6	FLD_B5	1472	(저<03> 검은\n유적이 있는\n곳<03>
-1	3	2	15	COMMON	6705	구세기의 경화라고 하는 것\n가게에 팔면 약간의 돈이\n된다
-1	3	2	15	COMMON	6302	제국 공중전함의 통신기록\n크레이멘 함대와 싸웠을 때의\n것
-1	3	2	15	COMMON	6279	제국 전선기지 경비병을\n대상으로 기지 구조를 해설한\n서류
-1	3	2	14	COMMON	6939	사냥의 무사를 비는 부적\n공성생물 외각으로\n만들어졌다
-1	3	2	9	COMMON	5447	램프의 기름\n가게에 팔면 돈이\n된다
-2	9	7	16	MENUBK	3260	언젠가,라기는 힘을 되찾아\n창공으로 돌아갈\n것이다.그리고, 그\n등에는,아마도 기가 아닌\n누군가가 타고 있을 것이다.\n하지만,기는 그것을 슬퍼하지\n않는다. 맡겨진 것을 잃지\n않는 한,그는  기와 함께\n있을 테니까.
-2	5	4	12	FLD_A7	1209	표준형은 게이지가 3칸\n차 있는 동안 HP가\n조금씩 회복된다.\nHP가 부족할 때\n유효하다.
-2	5	4	12	FLD_A7	1183	심기형은 게이지가 3칸\n차 있는 동안 BP가\n조금씩 회복된다.\nBP가 부족할 때\n유효하다.
-2	3	2	16	1ST_READ	5095	저장 중입니다.전원을 끄면\n정상 저장되지 않을 수\n있습니다
-2	3	2	15	COMMON	5359	파에트의 부탁으로 입수한\n부품 실제로는 그냥\n고철이었다
-2	3	2	14	COMMON	7519	뇌격 병기에 쓰이는\n광학기관 가게에 팔면 돈이\n된다
-2	3	2	12	1ST_READ	5593	현재 있는 데이터는\n사라집니다.\n괜찮습니까?
-2	3	2	10	COMMON	6942	희귀한 종류의\n식용식물 비싸게\n팔린다
-2	3	2	9	COMMON	6709	구세기의 배에\n관한 제국군\n보고서
-2	3	2	9	COMMON	6585	공성생물의\n운동기관 비싸게\n팔린다
-2	3	2	9	COMMON	6578	공성생물의\n공격기관 비싸게\n팔린다
-2	3	2	9	COMMON	6577	공성생물의\n감각기관 비싸게\n팔린다
-3	6	5	11	FLD_A7	5158	타입 셀렉트를 하면\n드래곤의 기본 능력을\n조정할 수 있다.\n조정할 수 있는 기본\n능력은 다음의\n4가지.
-3	3	2	15	COMMON	7380	변경에 퍼져 있는 서적\n종말에 관한 전승이 적혀\n있다
-3	3	2	15	COMMON	7379	변경에 퍼져 있는 서적\n창세에 관한 전승이 적혀\n있다
-3	3	2	13	COMMON	4782	우르에 사는\n생물・도비타마의 분비물이\n굳은 것
-4	5	4	15	FLD_A3	5825	선입력을 잘 활용하면, 시간\n손실을 줄일 뿐 아니라\n적보다 선수를 치기\n쉬워지므로, 전투가 매우\n유리해진다.
-4	5	4	9	FLD_A7	2904	。 능력은\n평균적이라서\n특별한 결점은\n없지만 반대로\n장점도 없다。
-5	8	7	17	MENUBK	3271	아직 문명의 빛을 모르는 변경의\n백성은, 구세기의 산물을 공연히\n두려워하며, 어리석은 신앙의\n대상으로 삼을 뿐이다. 그 땅에\n묻힌 유산을,정당한  계승자,즉\n황제 폐하께  돌려드리는\n것이,우리 군에게 주어진\n사명이다.
-5	6	5	11	BTL_T0	6979	화면에 뜨지 않지만\n적도 게이지를 지녀\n일정 간격으로\n행동한다. 게이지\n차는 속도는 적마다\n다르다.
-5	5	4	12	FLD_A3	5824	선입력은,\n・적(자신)이 위치를\n잡는 중 ・적(자신)이\n행동하는 중 에 할 수\n있다.
-6	8	7	17	MENUBK	7383	변경 부족 중에는 제국의 재산인\n유적을 도굴 목적으로 마구\n파헤치는  무리가 존재한다.\n그들은 시커라 불리며,변경에서는\n어느 정도 인지도를 얻고\n있으나,그  행위는 제국에 대한\n반역이므로 발견  즉시 섬멸해야\n한다.
-6	8	7	17	MENUBK	6724	구세기 문명의 힘은 지상에\n창궐하는  공성생물을 몰아내고\n인류를 다시  세계의 주인으로\n만들기 위해 쓰인다. 제국의\n영토 확장은 더 많은 유적과\n엔진을 얻기 위함이며, 모두\n공성생물로부터 인민을  지키는\n데 쓰인다.
-6	8	7	17	MENUBK	6370	당연히,멜=카바를 격추하기\n위해서는  그 엔진을 파괴하면\n되는 것이지만, 그곳까지의 길은\n「죽음의 빛을 뿜는 파수꾼」\n(이것도 전해지는 이야기 속\n호칭이다)에게  가로막혀\n있다.아마,자율형  포대 같은\n것일 것이다.
-6	8	7	17	MENUBK	5042	지그는 죽고 말았다.생각한 대로\n혼났고,식사도 걸렀다.하지만,\n그런 건 이제 아무래도\n상관없다.  나는 모두에게\n거짓말을 했다. 모두에게\n사산이라고 말한 변종 새끼는,\n지금 창고 구석에서 잠들어\n숨소리를 내고 있다.
-6	8	7	17	MENUBK	4585	그러므로 변경민의 무의미한\n반항에도  망설여선 안 된다.\n반항은 그저 무지\n탓이며,제국에는  그들을 보호할\n의무가 있다. 우리 군의 싸움은\n침략이 아니다.눈앞의  정에\n휘둘리지 말고 늘 대의를 갖고\n행동하기 바란다.
-7	8	7	17	MENUBK	4266	그런데도,그때 이해했던 것이,더\n이상  떠오르지 않는다.꿈속에서\n깨달았던 진리를  눈뜸과 동시에\n잊어버렸다…  그런 느낌이다.\n지금은 그저,가슴이\n답답하다.너무나도  큰 것을\n끌어안고,마음속이  소용돌이치고\n있다.
-7	8	7	17	MENUBK	3643	전력 소모가 메카니아  침공에\n영향을 준다고 판단한\n군사령부는,제2차 포획 부대\n전멸을  계기로 셸쿠프 포획\n작전을 무기한  연기.전 병력을\n침공에 투입 한 결과 9월 3일\n메카니아  연방은 제국의 속령이\n되었다.
-8	8	7	17	MENUBK	6679	구세기에서 탑은  「아렐\n세스트렌」,즉  「세스트렌의\n하의」라 불렸다. 모든 탑은\n세스트렌이 이 세상에  힘을\n미치기 위한 도구에 불과하며,\n세스트렌이 파괴되었을 때  탑은\n두 번 다시 깨어나지 않는 잠에\n든다.
-8	8	7	16	MENUBK	6526	버림받지 않은 인간의 손에\n의해 더러움 없는 세계가\n창조된 날이 태초일의 재현이\n된다. 신은 다시 세계 위에\n서서, 영광과 축복을 세계에\n가져온다. 그것은,끝없는\n하루이며, 우리에게 약속된\n구원이다.
-9	8	7	17	MENUBK	5639	타종 자율 구조체와의\n동조・제어. 복잡하고 거대한\n구조체와 동조하려면  그에\n비례해 고도의 사고 레벨이\n필요하다. 하지만 사고 레벨\n80 이상 개체의  생산은 자아\n발생 가능성이 극히  높아 전면\n금지돼 있다.
-9	8	7	17	MENUBK	5206	드래곤 하면,또 그 녀석을\n봤다.마을의 잿더미에서 라기를\n쳐서  떨어뜨렸던 또 한 마리의\n드래곤이다. 그 후로 이따금\n모습을 드러내지만 습격해  오는\n기색은 없다. 그 녀석도\n구세기의 배를 노리고  있는\n걸까?
-9	8	7	17	MENUBK	3734	모든 사람이,신의 뜻에 맞아,\n머나먼 동방의 은혜의 숲에 놓인\n날이  사람 세상의 종식의 날이\n된다. 사람 없는 사람의\n세상은,다시 무로 돌아가고,\n은혜의 숲에서 나온 모든\n사람이, 새로운 세계 창조를\n맡는다.
-10	8	7	16	MENUBK	6093	탑의 휴면 상태를 깨기\n위해,제2기갑  연대의 전\n공중전함 엔진에서  동력을\n끌어내어,외부 자극으로서\n썼다. 탑이 기동 준비 상태로\n이행하여,완전히\n부상하기까지는,12일간의 연속\n가동이 필요했다.
-11	8	7	17	MENUBK	3553	내가 어울리지 않게 이런 일기\n같은 걸 쓰기 시작한 것도 역시\n그 녀석 때문일지도 모른다.\n생각해보면 부모 대신이라며\n낯간지러운 소리도 여러 번\n했지만  딱히 부모다운 일은\n지금까지 아무것도 해준 게\n없다.
-12	8	7	17	MENUBK	7545	날아오르는 연습을 하려고 마을\n밖에 나가 있던 나만\n살아남았다. 이상하게 눈물은\n나오지 않았다. 눈앞에서 마을이\n불타는데도  그저 나쁜 꿈\n같았다. 오히려 그 뒤 일어난\n라기의  이변이 나를 두렵게\n했다.
-13	8	7	17	MENUBK	6299	제국력 71년 6월 10일\n새벽, 전장 2100리온에\n달하는 직육면체의\n비행물체가,공성생물이나 전함을\n동반하고  국경 방면으로 진행\n중임을, 메카니아 연방 영토\n내에 침입해 있던  탐색 부대가\n확인했다.
-14	8	7	17	MENUBK	6668	여행을 떠난 지\n3일째.카라반에게  물과 식량을\n나눠 받는다. 그 구세기\n기계(다들 「배」라고  부르는\n듯하다.메카니아가 발굴  했다고\n한다)의 행방도 들었다.\n아무래도 제국과의 국경지대로\n향하는 듯.
-14	8	7	17	MENUBK	6503	싸우는 동안,나는 라기와 하나가\n된 것 같았다.두려움은\n사라지고, 자신감과 사명감이\n온몸에 넘쳐흘렀다. 그것은 나\n자신의 의지였을까…아니면\n드래곤으로서의 라기의\n의지가,나를  움직이게 했을\n뿐이었을까.
-17	8	7	17	MENUBK	5415	메카니아 연방에서 온 사자가,\n다 자란 쿠리아를 사러 왔다.\n내 가도에 비싼 값이\n매겨졌는지, 오늘 식사는\n평소보다 많았다. 하지만\n죽임당한 변종 새끼의 뒷정리를\n했기에,먹을 마음이 들지\n않는다.
-18	8	7	17	MENUBK	6097	탑의 인양 성공을\n계기로,본격적인  조사가\n시작되었지만,기동에 필요한\n요소의 규명은 극히 곤란했다.\n외부 자극 실험도 계속\n이루어졌지만, 부상 이후,명확한\n반응은 확인할 수  없게 되어\n있었다.
