idx	kind	limit	over	jp	ko
0	ui	17	16	粒子の噴出□を壊しておくのが、一番\nいいやり方だろう。\n中には、噴出□を全部壊さないと\n先に進めないところもあるらしいから\nせいぜい景気よくやってくれ。	입자 분출□을 부숴 두는 것이\n가장 좋은 방법일 것이다.\n곳에 따라서는 분출□을 전부 부수지 않으면 앞으로 나아갈 수\n없는 곳도 있는 모양이니\n부디 힘내서 해주기 바란다.
1	ui	17	9	帝都内におけるドラゴン同士の戦闘、\n海中から出現した攻性生物の攻撃、\nさらには塔の自爆によって、帝都の\n約6割の地域が壊滅的打撃を受けた。	제도 내에서 벌어진 드래곤들 간의 전투,\n바닷속에서 출현한 공성생물의 공격,\n게다가 탑의 자폭에 의해,제도의\n약 6할에 달하는 지역이 괴멸적 타격을 입었다.
2	ui	17	9	ジグは死んでしまった。思ったとおり\n叱られたし、食事も抜かれた。けど、\nそんなことはもうどうでもいい。\n\n儀は、みんなに嘘をついた。\nみんなに死産だと言った変種の子は、\nいま、物置の隅で寝息をたてている。	지그는 죽고 말았다.생각한 대로\n혼났고,식사도 걸렀다.하지만,\n그런 건 이제 아무래도 상관없다.\n\n나는 모두에게 거짓말을 했다.\n모두에게 사산이라고 말한 변종 새끼는,\n지금 창고 구석에서 잠들어 숨소리를 내고 있다.
3	ui	17	8	水や草や獣は、人からその姿を隠し、\n遣跡は、人に扉を閉ざし、\n攻性生物は、人を喰い続けた。\nかくして、\n神は、人の世とともになく、\n我らは、神の栄光からへだたり、\n万象は、我らに災いをなす。	물과 풀과 짐승은 사람에게서 그 모습을 감추고\n유적은 사람에게 문을 닫고\n공성생물은 사람을 계속 잡아먹었다.\n그리하여\n신은 사람의 세상과 함께하지 않고\n우리는 신의 영광에서 멀어지고\n만상은 우리에게 재앙을 내린다.
4	ui	17	8	森の上で、また帝国軍と出くわす。\nその武器や規模より、彼らが人間で\nあるという事実の方が恐ろしかった。\n彼らと正面から戦っていたら、また\n無数の兵士の命を尋っていたはずだ。	숲 위에서 다시 제국군과 마주쳤다.\n그들의 무기나 규모보다\n그들이 인간이라는 사실이 더 두려웠다.\n그들과 정면으로 싸웠다면\n또다시 수많은 병사의 목숨을 앗아갔을 것이다.
5	ui	17	8	もっとも、塔の機能が十全であった\nならば、我々を含む人間の絶対数は\n現在よりさらに厳しく抑制され、\n再生の手が届かぬわずかな地において\nより苛酷な生を強いられていたこと\nだろう。	하긴 탑의 기능이 온전했다면\n우리를 포함한 인간의 절대 수는\n지금보다 더 가혹하게 억제되어,\n재생의 손길이 닿지 않는 얼마 안 되는 땅에서\n더 가혹한 삶을 강요당했을\n것이다.
6	ui	17	8	すべての人が、神ののぞみにかない、\nはるか東方の恵みの森に置かれた日が\n人の世の終息の日となる。\n人なき人の世は、再び無にかえされ、\n恵みの森から出たすべての人が、\n新たな世界の創造をになう。	모든 사람이,신의 뜻에 맞아,\n머나먼 동방의 은혜의 숲에 놓인 날이\n사람 세상의 종식의 날이 된다.\n사람 없는 사람의 세상은,다시 무로 돌아가고,\n은혜의 숲에서 나온 모든 사람이,\n새로운 세계 창조를 맡는다.
7	ui	17	8	このしごとがおわったら あいつを\n帝国へつれていってやるつもりだ。\nしょうらい あいつがえらくなっても\nおれのことであいつがバカにされたり\nはずかしいおもいしないように\n俺もあしたから日記だけじゃなく\nすこしべんきょうもしようとおもう。\n<05><05>エッジはいつか、おれのことを\nおやじとよんでくれるだろうか。	이 일이 끝나면 그 녀석을\n제국으로 데려갈 생각이다.\n장차 그 녀석이 훌륭해지더라도\n나 때문에 무시당하거나\n부끄러운 일 당하지 않도록\n나도 내일부터\n일기뿐 아니라\n조금은 공부도 해보려 한다.<05><05>에지는 언젠가 나를\n아버지라 불러줄까.
8	ui	12	7	砂の海を移動する島としか\n言いようのない奴だ。\n空中戦艦でもなければ、\nこいつと対等に戦うことは\nできないだろう。\nガッシュが倒し方を教えて\nくれなかったら、儀らも\nどうなっていたことか…。	사막의 바다를 이동하는 섬이라고밖에\n할 수 없는 놈이다.\n공중전함이라도 아니면\n이놈과 대등하게 싸우는 건\n불가능할 거다.\n갓슈가 쓰러뜨리는 법을 가르쳐\n주지 않았다면 우리도\n어떻게 됐을지…
9	ui	17	7	旧世紀において、塔は\n「アレル・セストレン」すなわち\n「セストレンの下儀」と呼ばれた。\nすべての塔は、セストレンがこの世に\n力を及ぼすための道具にすぎず、\nセストレンが破壊されたとき、\n塔は二度と目覚めぬ眠りにつく。	구세기에서 탑은\n「아렐 세스트렌」,즉\n「세스트렌의 하의」라 불렸다.\n모든 탑은 세스트렌이 이 세상에\n힘을 미치기 위한 도구에 불과하며,\n세스트렌이 파괴되었을 때\n탑은 두 번 다시 깨어나지 않는 잠에 든다.
10	ui	17	7	当然、メル=カヴァを落とすためには\nそのエンジンを壊せばいいわけだが、\nそこまでの道は「死の光を放つ番人」\n(これも言い伝えにある呼び方だ)に\nふさがれている。たぶん、自律型の\n砲台みたいなものだろう。	당연히,멜=카바를 격추하기 위해서는\n그 엔진을 파괴하면 되는 것이지만,\n그곳까지의 길은 「죽음의 빛을 뿜는 파수꾼」\n(이것도 전해지는 이야기 속 호칭이다)에게\n가로막혀 있다.아마,자율형\n포대 같은 것일 것이다.
11	ui	17	7	もし後世、志ある者がこの塔を目指す\nならば、それは必ずや困難な道のりと\nなるであろう。\nここに書き残す記録が、その者を導く\nしるべとなれば幸いである。	혹시 후세에 뜻있는 자가 이 탑을 찾는다면,\n그것은 반드시 험난한 길이\n될 것이다.\n여기에 남긴 기록이 그 자를 이끄는\n길잡이가 되길 바란다.
12	ui	17	7	この時、森林上空で新種の攻性生物が\n発見された。\n既存の攻性生物の体系のいずれにも\n属さないこの個体は、辺境の伝承から\n「ドラゴン」と命名され、調査のため\n別働隊が編成された。	이때,삼림 상공에서 신종 공성생물이\n발견되었다.\n기존 공성생물의 어떤 체계에도\n속하지 않는 이 개체는,변경의 전승에서\n따와 「드래곤」이라 명명되었으며,조사를 위해\n별동대가 편성되었다.
13	slot	18	7	神の使いは、神の街を守るべきだろう？	신의 사자라면 신의 도시를 지켜야 하지 않나?
14	slot	10	7	戦いに役立ちそうな物	싸움에 도움이 될 것 같은 물건
15	ui	12	6	禁止区域で戦った。\nこのドラゴンも、伝説と\n同じく、敵を追う光の矢を\n武器にしている。一度に\n数十本もの光の矢を放つ\n攻撃が、特に危険だ。	금지구역에서 싸웠다.\n이 드래곤도 전설과\n마찬가지로 적을 쫓는 빛의 화살을\n무기로 쓴다.한 번에\n수십 발의 빛의 화살을 쏘는\n공격이 특히 위험하다.
16	ui	17	6	掟を破るつもりはなかった。\nただ、殺せなかった。\nこいつの肩から生えている小さな翼が\n儀の心を捉えてしまったから。\n \nそう、こいつには翼があったのだ。	규율을 어길 생각은 없었다.\n다만,죽일 수 없었다.\n이 녀석의 어깨에서 돋아난 작은 날개가\n내 마음을 사로잡아 버렸기 때문에.\n \n그래,이 녀석에게는 날개가 있었던 것이다.
17	ui	17	6	我々の旅は、空の塔・シェルクーフを\nゲオルギウスに沈めることで終わり、\n力を使い果たした我が友は、肉体を\n捨てて深い眠りについた。\nそれが、再び生ある身体に目覚め、\n新たな乗り手として君を選んだという\nわけだ。	우리의 여행은,하늘의 탑・셸쿠프를\n게오르기우스에 가라앉힘으로써 끝났고,\n힘을 다 써버린 나의 벗은,육체를\n버리고 깊은 잠에 들었다.\n그것이,다시 생명이 있는 몸으로 눈을 떠,\n새로운 탑승자로서 너를 선택했다는\n것이다.
18	ui	16	6	変種は生まれ次第撃ち殺す。それが\n村の掟だ。変種は人になつかず\n売り物にならない。そして何より、\n不吉の象徴だった。\n…大人たちの間では。	변종은 태어나는 즉시 쏘아 죽인다.그것이\n마을의 규율이다.\n지금까지 몇 마리나\n그렇게 처리해 왔다.\n그런데도.
19	ui	16	6	原初の夕べ、\n神は、人にかけたのぞみを捨てた。\n神は、人の世を去り、\n神の知恵もまた人の魂から去った。\n人の作ったすべてのものと、\n人の壊したすべてのものが、\n人自身とともに打ち捨てられた。	태초의 저녁,\n신은 인간에게 걸었던 바람을 버렸다.\n신은 인간의 세상을 떠나고,\n신의 지혜 또한 인간의 영혼에서 떠났다.\n인간이 만든 모든 것과,\n인간이 부순 모든 것이,\n인간 자신과 함께 버려졌다.
20	ui	17	6	メル=カヴァの各部からは、光の\n粒子が吹き出している。俺が飛ばした\n記録機械の端末は、この粒子に\n触れたとたん破壊されてしまった。\nたとえドラゴンでも、粒子の流れに\nまともにぶつかれば、吹き飛ばされて\nしまうにちがいない。	멜=카바의 각 부위에서는 빛의\n입자가 뿜어져 나오고 있다.내가 날려 보낸\n기록 기계 단말은 이 입자에\n닿자마자 파괴되어 버렸다.\n설령 드래곤이라 해도 입자의 흐름에\n정면으로 부딪히면 날아가\n버리고 말 것이다.
21	ui	17	6	ドラゴンの力を求めるならば、\n人よ、神ののぞみにかなう者であれ。\n矢は、つねに争いの地に放たれる。\n殻は、つねによき人の守りとなる。\n翼は、つねによき道の上にはばたく。	드래곤의 힘을 원한다면,\n인간이여,신의 뜻에 부합하는 자가 되어라.\n화살은 늘 다툼의 땅에 쏘아진다.\n껍질은 늘 선한 이의 방패가 된다.\n날개는 늘 선한 길 위를 날갯짓한다.
22	ui	16	6	どうか、我が友に力を貸して、彼の\n目的を果たす手助けをしてほしい。\nそれは、旧世紀の意志から世界を\n解き放つことであり、ひいては\n君自身の上にも投げられた死の影を\n打ち払うことにもつながるのだ。	부디,나의 벗에게 힘을 빌려주어,그의\n목적을 이루는 데 도움을 주었으면 한다.\n그것은,구세기의 의지로부터 세상을\n해방시키는 것이며,나아가서는\n너 자신에게도 드리워진 죽음의 그림자를\n떨쳐내는 일로도 이어지는 것이다.
23	ui	17	6	「編み人」ギムトによる記録。\n\n以下に記すのは、ウル近辺で発掘した\n情報系構造体に収められていた記録の\n解読をまとめたものである。\nその内容は、ウルの北方に位置する\n『塔』の構造を示している。	「엮는 자」김토의 기록。\n\n이하에 기록하는 것은,우르 부근에서 발굴한\n정보계 구조체에 담겨 있던 기록을\n해독하여 정리한 것이다。\n그 내용은,우르의 북쪽에 위치한\n『탑』의 구조를 나타내고 있다。
24	ui	13	5	空中船のある広場にて待つ。\n日が落ちたら来い。    	공중선이 있는 광장에서 기다린다.\n해가 지면 오도록.
25	ui	18	5	現在までに倒した攻性生物(純血種)\n旧世紀の姿と性能を今も維持している種	지금까지 쓰러뜨린 공성생물(순혈종)\n구세기의 모습과 성능을 지금도 유지하는 종
26	ui	12	5	渓谷地帯で戦った。\n尻尾の先にある袋の力で\n空を飛んでいるらしい。\n頭部は、衝撃を吸収する\n皮膚でおおわれているので\n攻撃を受けつけない。\nだが、知能の方は、あまり\n高くはないようだ。	협곡지대에서 싸웠다.\n꼬리 끝에 있는 주머니의 힘으로\n하늘을 나는 듯하다.\n머리 부분은 충격을 흡수하는\n피부로 덮여 있어서\n공격이 통하지 않는다.\n하지만 지능 쪽은 그리\n높지 않은 듯하다.
27	ui	17	5	帝国暦89年2の月18日、\n帝都近海の海底に、微弱な動力反応が\n探知された。\n予備調査の結果、これは休眠状態の\n遣跡のもので、起動時の動力指数は\n帝国の保有するあらゆる遣跡のそれを\n凌駕しうると試算された。	제국력 89년 2월 18일,\n제도 근해의 해저에서,미약한 동력 반응이\n탐지되었다.\n예비 조사 결과,이는 휴면 상태의\n유적의 것으로,기동 시 동력 지수는\n제국이 보유한 모든 유적의 그것을\n능가할 수 있다고 시산되었다.
28	ui	17	5	外部防壁内の戦力が著しく消耗し、\n内部防壁内の戦力投入が不可欠と\n判断された時点で、第2種警戒態勢が\n発令される。\nただし、内部防壁の開放は、同時に\n司令塔への侵入を許すことになるので\n戦力運用は慎重に行わねばならない。	외부 방벽 내의 전력이 현저히 소모되어,\n내부 방벽 내의 전력 투입이 불가결하다고\n판단된 시점에서,제2종 경계 태세가\n발령된다.\n다만,내부 방벽의 개방은,동시에\n사령탑으로의 침입을 허용하게 되므로\n전력 운용은 신중히 행해야 한다.
29	ui	17	5	塔内部は5つの層に分かれているが、\nそれぞれは断絶しており、各々の層を\n行き来するためには、15階から成る\n外周部を通らなければならない。\n塔内部の移動経路は、以下のように\nなっている。	탑 내부는 5개의 층으로 나뉘어 있지만,\n각각은 단절돼 있어,각 층을\n오가기 위해서는,15층으로 이루어진\n외주부를 통과해야만 한다.\n탑 내부의 이동 경로는,다음과\n같이 돼 있다.
30	ui	16	5	塔の休眠状態を破るため、第2機甲\n連隊の全空中戦艦のエンジンから\n動力を引き出し、外部刺激として\n使用した。\n塔が起動準備状態に移行し、完全に\n浮上するまでには、12日間の連続\n稼動を要した。	탑의 휴면 상태를 깨기 위해,제2기갑\n연대의 전 공중전함 엔진에서\n동력을 끌어내어,외부 자극으로서\n썼다.\n탑이 기동 준비 상태로 이행하여,완전히\n부상하기까지는,12일간의 연속\n가동이 필요했다.
31	ui	17	5	原初日の終わり、\n神は、人を打ち捨てて世界を去った。\n人が互いに争い、\n神ののぞみからはずれたためである。\n以来、人はさばきを待つ身となり、\n死に至る道をよりよく歩むことが\nつとめとなった。	태초일의 끝,\n신은 인간을 버리고 세계를 떠났다.\n인간이 서로 다투며,\n신의 바람에서 벗어났기 때문이다.\n이후,인간은 심판을 기다리는 몸이 되어,\n죽음에 이르는 길을 더 잘 걷는 것이\n소임이 되었다.
32	ui	16	5	原初の昼、\n人は、世界を創造した。\nいかなる人の道具より強い道具と、\nいかなる人の火より熱い火が、\n万象にかたちを与えた。	태초의 낮,\n인간은 세계를 창조했다.\n그 어떤 인간의 도구보다 강한 도구와,\n그 어떤 인간의 불보다 뜨거운 불이,\n만물에 형태를 부여했다.
33	ui	12	5	ヴァルナ級空中戦艦の\n標準型。帝国領の外へ遠征\nするため、攻性生物をマヒ\nさせる特殊な弾薬を積んで\nいる。これを使われると、\n戦闘が長びくので不利だ。	바루나급 공중전함의\n표준형.제국령 밖으로 원정을\n가기 위해,공성생물을 마비시키는\n특수 탄약을 싣고\n있다.이걸 쓰이면\n전투가 길어져서 불리하다.
34	ui	17	5	ラギの姿も、何度も変身するうちに\nすっかり変わってしまった。光の矢の\n威力も格段に上がった。まさに伝説の\nドラゴンそのものだ。\nでも、心だけは、昔のままのラギだと\n信じたい。ラギだけが、ただひとつ\n儀に残されたものだから。	라기의 모습도 몇 번이고 변신하는 사이에\n완전히 변해버렸다.빛의 화살\n위력도 몰라보게 늘었다.그야말로 전설의\n드래곤 그 자체다.\n하지만 마음만은,예전 그대로의 라기라고\n믿고 싶다.라기만이,오직 하나\n나에게 남겨진 것이니까.
35	ui	17	5	ドラゴンといえば、また例の奴を\n見かけた。村の焼け跡でラギを叩き\n落とした、もう1頭のドラゴンだ。\nあれから時々姿を現すが、襲ってくる\n様子はない。\nあいつも、旧世紀のフネを目指して\nいるのだろうか？	드래곤 하면,또 그 녀석을\n봤다.마을의 잿더미에서 라기를 쳐서\n떨어뜨렸던 또 한 마리의 드래곤이다.\n그 후로 이따금 모습을 드러내지만 습격해\n오는 기색은 없다.\n그 녀석도 구세기의 배를 노리고\n있는 걸까?
36	ui	12	5	セストレンで戦った。\nなぜ、<01><01>と\n同じ姿なんだ？ 旧世紀の\n意志を守る敵の、真の姿が\nこれだというのか？\nだとすれば、儀の\n<01><01>は…？	세스트렌에서 싸웠다.\n어째서 <01><01>과\n같은 모습인가? 구세기의\n의지를 지키는 적의 진짜 모습이\n이것이라는 건가?\n그렇다면 나의\n<01><01>은…?
37	ui	17	5	シーカーは組織力が弱く、ハンターと\n同程度の武装しか有していないので、\n直接的な斉威とはならない。しかし、\n発掘物を所持している場合が多いので\n重火器の使用は控えるのが望ましい。	시커는 조직력이 약하고,헌터와\n비슷한 수준의 무장밖에 갖추지 않아,\n직접적인 위협은 되지 않는다.하지만\n발굴물을 소지하는 경우가 많으므로\n중화기 사용은 자제하는 것이 바람직하다.
38	ui	17	5	ゆえに、兵士諸君に要求されるのは、\nいかなる時も上官の命令に従い、\n恐慌に襲われることなく、冷静に\nそれを遂行することである。\nさすれば、敵の種類・規模の如何に\n関わらず確実に撃破できるであろう。	그러므로 병사 제군에게 요구되는 것은,\n어떠한 때에도 상관의 명령에 따라\n공황에 휩싸이지 않고,냉정하게\n그것을 수행하는 것이다.\n그리하면,적의 종류·규모 여하에\n관계없이 확실히 격파할 수 있을 것이다.
39	ui	17	5	まず、動力反応の上昇とともに、\n海中から大規模な攻性生物群が出現。\nさらに、外殻が展開し、1頭の\nドラゴンを収納したのち、完全起動\n状態に入った。	먼저,동력 반응 상승과 함께\n바닷속에서 대규모 공성생물 무리가 출현.\n이어서 외각이 전개되어 드래곤 한 마리를\n수납한 뒤 완전 기동\n상태에 들어갔다.
40	ui	17	5	なのに、あの時理解したことが、もう\n思い出せない。夢の中で悟った真理を\n目覚めとともに忘れてしまった…\nそんな感じだ。\n今はただ、胸が苦しい。あまりにも\n大きなものを抱え込んで、心の中が\n渦巻いている。	그런데도,그때 이해했던 것이,더 이상\n떠오르지 않는다.꿈속에서 깨달았던 진리를\n눈뜸과 동시에 잊어버렸다…\n그런 느낌이다.\n지금은 그저,가슴이 답답하다.너무나도\n큰 것을 끌어안고,마음속이\n소용돌이치고 있다.
41	ui	17	5	とっさに逃げ込んだ森の中には、村の\n焼け跡で見た巨大な攻性生物がいた。\nおそらく、旧世紀のフネと行動を\nともにしていたのだろう。\n徐々に、フネとの距離が縮まって\nいくのを感じる。	순간적으로 도망쳐 들어간 숲 속에는,마을\n잿더미에서 본 거대한 공성생물이 있었다.\n아마도,구세기의 배와 행동을\n함께하고 있었던 것이리라.\n서서히,배와의 거리가 좁혀져\n가는 것을 느낀다.
42	ui	17	5	でも、儀にとっては同じクーリアだ。\n変種の証である不思議な青白い光も、\n災いの前兆だなんて思えない。	하지만,나에게는 같은 쿨리아다.\n변종의 증거인 신비로운 푸르스름한 빛도,\n재앙의 전조라고는 생각되지 않는다.
43	ui	16	5	だがやつのいう金も むりをすれば\nはらえないがくじゃない。\nおれのからだも あといく年かは\nまともにはたらいてくれるだろう。	하지만 그놈이 말하는 돈도 무리를 하면\n못 낼 액수는 아니다.\n내 몸도 앞으로 몇 년쯤은\n제대로 일해 줄 거다.
44	ui	17	5	だが、ドラゴンの戦闘力は、現存する\n兵器をはるかに超えるものであった。\n建造中の試作兵器をも投入した深夜の\n戦闘は、捕獲部隊と発掘所の全滅と\nいう、最悪の結果に終わった。	하지만,드래곤의 전투력은,현존하는\n병기를 훨씬 뛰어넘는 것이었다.\n건조 중이던 시작 병기까지 투입한 심야의\n전투는,포획 부대와 발굴소의 전멸이라는\n최악의 결과로 끝났다.
45	ui	17	5	しかし、万象のなす災いは、\n絶え間なく人を殺し続け、\nさばき得る道を人に歩ませなかった。\nゆえに、神はドラゴンを創造して、\n人の世に放った。	하지만,만상이 이루는 재앙은,\n끊임없이 사람을 계속 죽이며,\n심판할 길을 사람에게 걷게 하지 않았다.\n그리하여,신은 드래곤을 창조하여,\n사람의 세상에 풀어놓았다.
46	ui	17	5	しかし、もう1頭のドラゴンの突入に\nよって、塔の動力は暴走、自爆して\n完全に消滅した。\nこの直前、塔に収納されたドラゴンが\n巨大化して、もう1頭と最後の戦闘を\n行ったという報告も存在するが、その\n真偽は不明である。	하지만,또 한 마리의 드래곤 돌입으로\n인해,탑의 동력은 폭주,자폭하여\n완전히 소멸했다.\n이 직전,탑에 수납된 드래곤이\n거대화하여,다른 한 마리와 마지막 전투를\n벌였다는 보고도 존재하지만,그\n진위는 불명이다.
47	ui	17	5	これ以上の戦力消耗は、メッカニア\n侵攻作戦に影響を与えると判断した\n軍司令部は、第2次捕獲部隊の全滅を\nもって、シェルクーフ捕獲作戦の無期\n延期を決定。全兵力を侵攻作戦に投入\nした結果、9の月3日、メッカニア\n連邦は、正式に帝国の属領となった。	더 이상의 전력 소모는,메카니아\n침공 작전에 영향을 줄 것으로 판단한\n군사령부는,제2차 포획 부대의 전멸을\n계기로,셸쿠프 포획 작전의 무기한\n연기를 결정.전 병력을 침공 작전에 투입\n한 결과,9월 3일,메카니아\n연방은,정식으로 제국의 속령이 되었다.
48	ui	17	5	いまだ文明の光を知らぬ辺境の民は、\n旧世紀の産物をいたずらに恐怖し、\n愚かな信仰の対象とするのみである。\nそれら地に埋もれた遣産を、正当なる\n維承者、すなわち皇帝陛下のもとに\nお返しするのが、我が軍に与えられた\n使命である。	아직 문명의 빛을 모르는 변경의 백성은,\n구세기의 산물을 공연히 두려워하며,\n어리석은 신앙의 대상으로 삼을 뿐이다.\n그 땅에 묻힌 유산을,정당한\n계승자,즉 황제 폐하께\n돌려드리는 것이,우리 군에게 주어진\n사명이다.
49	ui	16	5	「編み人」ザドクによる記録。\n\n旧世紀の支配者たちは、この世界の\n命を支え、それを斉かすであろう\n人間の数と力を抑えるため、各地に\n強力な管理機構を遣した。\nそれが『塔』である。	「엮는 자」자독의 기록。\n\n구세기의 지배자들은,이 세계의\n생명을 지탱하고,그것을 위협할\n인간의 수와 힘을 억제하기 위해,각지에\n강력한 관리 기구를 남겼다。\n그것이 『탑』이다。
50	slot	18	5	でも、今はその力に頼るしかないんだよ	하지만,지금은 그 힘에 의지할 수밖에 없어
51	ui	17	4	祈りの前に食物を□にした者、\n祈りの前に身を清めなかった者、\n日々の営みのけがれをまとったまま\n祈りを捧げた者、地上の燈火によって\n「護り火」をけがした者は、\nただちに守護地を去らねばならない。	기도 전에 음식을 □한 자,\n기도 전에 몸을 정결히 하지 않은 자,\n하루하루의 더러움을 두른 채\n기도를 올린 자,지상의 등불로\n「수호의 불」을 더럽힌 자는\n즉시 수호지를 떠나야 한다.
52	ui	18	4	現在までに倒した攻性生物(変異種)\n旧世紀の姿と性能を失い、野生化した種	지금까지 쓰러뜨린 공성생물(변이종)\n구세기의 모습과 성능을 잃고 야생화한 종
53	ui	17	4	時を同じくして、帝都東方97000\nリオンの地点にて、2頭のドラゴンが\n発見された。\n第9発掘所方面へ飛行中のドラゴンを\n捕獲するため、ただちに国境付近に\n捕獲部隊が展開された。	같은 시각,제도 동쪽 97000\n리온 지점에서 드래곤 두 마리가\n발견되었다.\n제9발굴소 방면으로 비행 중인 드래곤을\n포획하기 위해 즉시 국경 부근에\n포획부대가 전개되었다.
54	ui	17	4	旧世紀文明の力は、地上にはびこる\n攻性生物を駆逐し、再び人類を世界の\n主人とするために行使される。\n帝国の領土拡大は、より多くの遣跡や\nエンジンを確保するためであり、\nそれらは全て、攻性生物から人民を\n守るために有効利用されるのである。	구세기 문명의 힘은 지상에 창궐하는\n공성생물을 몰아내고 다시 인류를\n세계의 주인으로 만들기 위해 행사된다.\n제국의 영토 확장은 더 많은 유적과\n엔진을 확보하기 위함이며,\n그 모두는 공성생물로부터 인민을\n지키기 위해 유효 활용되는 것이다.
55	ui	12	4	数種の攻性生物が共生する\n群体のような奴だ。\nわれを忘れて、地上まで\n追って来たところを見ると\n地下にいた攻性生物たちの\n産みの親のような存在\nだったのかもしれない。	몇 종류의 공성생물이 공생하는\n군체 같은 놈이다.\n정신없이,지상까지\n쫓아온 것을 보면\n지하에 있던 공성생물들의\n어미 같은 존재\n였을지도 모른다.
56	ui	17	4	撤退した残存部隊の報告に基づいて\n編成された第2次捕獲部隊は、\nゲオルギウス付近でシェルクーフに\n遭遇、接触を図ったが、その表面に\n設置されていた雷撃兵器の集中攻撃を\n受け、全滅に至った。	철퇴한 잔존부대의 보고에 근거하여\n편성된 제2차 포획부대는,\n게오르기우스 부근에서 셸쿠프와\n조우,접촉을 시도했으나,그 표면에\n설치되어 있던 뇌격 병기의 집중 공격을\n받아,전멸에 이르렀다.
57	ui	17	4	我が軍の最大の目的は、旧世紀の禁断\n兵器『塔』を手中にすることにある。\n皇室伝承によれば、各地に点在する\n塔のそれぞれに、全世界を破壊して\nなお余りある能力が与えられていると\nいう。	우리 군의 최대 목적은,구세기의 금단\n병기 『탑』을 손에 넣는 것에 있다.\n황실 전승에 따르면,각지에 흩어져 있는\n탑 각각에는,전 세계를 파괴하고도\n남을 능력이 부여돼 있다고\n한다.
58	ui	17	4	慣例に基づき、予備調査によって得た\n情報を皇室伝承と比較したところ、\n当該遣跡は、旧世紀の禁断兵器\n『塔』のひとつであることが判明。\n皇帝陛下の動命により、全ての発掘\n作業は中断され、塔の再起動に全力が\n注がれることとなった。	관례에 따라,예비 조사로 얻은\n정보를 황실 전승과 비교한 결과,\n해당 유적은,구세기의 금단 병기\n『탑』중 하나임이 판명되었다.\n황제 폐하의 명에 의해,모든 발굴\n작업은 중단되었고,탑의 재기동에 전력이\n기울여지게 되었다.
59	ui	20	4	帝国軍空中艦隊駐屯地中ボス戦(ヴリトラ)	제국군 공중함대 주둔지 중간보스전(브리트라)
60	ui	11	4	帝国軍がゲオルギウスで\n発掘していたドラゴンが\nよみがえった姿。\n旧世紀の船を守るのが、\nその使命だったらしい。	제국군이 게오르기우스에서\n발굴하고 있던 드래곤이\n되살아난 모습.\n구세기의 배를 지키는 것이,\n그 사명이었던 듯하다.
61	ui	17	4	帝国暦71年6の月10日未明、\n全長2100リオンに及ぶ直方体の\n飛行物体が、攻性生物や戦艦を伴って\n国境方面に進行中であることを、\nメッカニア連邦領土内に侵入していた\n探索部隊が確認した。	제국력 71년 6월 10일 새벽,\n전장 2100리온에 달하는 직육면체의\n비행물체가,공성생물이나 전함을 동반하고\n국경 방면으로 진행 중임을,\n메카니아 연방 영토 내에 침입해 있던\n탐색 부대가 확인했다.
62	ui	17	4	守護地に生まれた人よ、心せよ。\nあなたの血は、さばきを経て選ばれた\nよき人につらなる。\nあなたの血は、終息日において、\n新たな創造の手となる人に流れる。	수호지에서 태어난 자여,명심하라.\n그대의 피는,심판을 거쳐 선택된\n선한 자에게 이어진다.\n그대의 피는,종식일에,\n새로운 창조의 손이 될 자에게 흐른다.
63	ui	17	4	奇跡的に生還した士官の証言によれば\nここでも全滅直前にドラゴンの姿が\n目撃されている。しかし、その外見は\n第1次捕獲部隊の報告にあるそれとは\n著しく異なっており、誤認ではないか\nとの見方もある。	기적적으로 생환한 사관의 증언에 따르면\n이곳에서도 전멸 직전에 드래곤의 모습이\n목격되었다.그러나,그 외견은\n제1차 포획부대의 보고에 있는 것과는\n현저히 달라서,오인이 아니냐는\n견해도 있다.
64	ui	12	4	塔による被害と新防衛構想	탑으로 인한 피해와 신방위구상
65	ui	17	4	国境地帯での戦に巻き込まれる。\n旧世紀の武器を使った戦は、今までの\nものとは全然違う。攻性生物のような\n乗り物が無数に空を飛び交い、それを\n撃ち落とそうとして、様々な色の光が\n天に放たれる。	국경 지대에서의 전투에 휘말린다.\n구세기의 무기를 쓴 전투는,지금까지의\n것과는 전혀 다르다.공성생물 같은\n탈것이 무수히 하늘을 날아다니고,그것을\n격추하려고,다양한 색의 빛이\n하늘에 뿜어진다.
66	ui	17	4	中間層には、外周部の構造を変える\n回転機構が存在する。\nこれを作動させると、外周部8階と\n9階が一部つなぎ変わり、移動可能な\n範囲が変化する。\n9階から8階、8階から6階に\n移る際には重要な場所となるだろう。	중간층에는 외주부의 구조를 바꾸는\n회전 기구가 존재한다.\n이것을 작동시키면 외주부 8층과\n9층이 일부 연결이 바뀌어,이동 가능한\n범위가 변화한다.\n9층에서 8층,8층에서 6층으로\n이동할 때 중요한 장소가 될 것이다.
67	ui	17	4	ドラゴンは、救いの手であり、\nまた、さばきの目である。\nドラゴンは、よき人を助けるために、\nまた、人の争いを絶つために、\n人の世の上を飛び、その力をふるう。	드래곤은 구원의 손길이며,\n또한 심판의 눈이다.\n드래곤은 선한 이를 돕기 위해,\n또한 인간의 다툼을 끊기 위해,\n인간 세상 위를 날며 그 힘을 떨친다.
68	ui	17	4	スキアド・オプス・ランディと\n「編み人」ピネハスによる記録。\n\n以下に記すのは、ウル近辺で発掘した\n情報系構造体に収められていた記録の\n解読である。	스키아드 옵스 란디와\n「엮는 자」피네하스에 의한 기록.\n\n아래에 적는 것은 우르 근방에서 발굴한\n정보계 구조체에 수록되어 있던 기록을\n해독한 것이다.
69	ui	9	4	エッジへの手紙・2	엣지에게 보내는 편지・2
70	ui	9	4	エッジへの手紙・1	엣지에게 보내는 편지・1
71	ui	17	4	ウル地下遣跡中ボス戦(ミヤビレイ)	울 지하 유적 중간 보스전(미야비레이)
72	ui	17	4	アカデミーでは、優秀な人材による\n研究が日夜行われ、旧世紀の技術に\n関する謎は着実に解明されつつある。\nエンジンをはじめとする機械類を、\n帝国自らの手で生産するという目標が\n達成される日は、もはや目前に迫って\nいるのである。	아카데미에서는 우수한 인재들의\n연구가 밤낮으로 이루어져,구세기 기술에\n관한 수수께끼가 착실히 풀려가고 있다.\n엔진을 비롯한 기계류를\n제국 스스로의 손으로 생산한다는 목표가\n달성되는 날은 이미 눈앞에\n다가와 있다.
73	ui	17	4	ゆえに、辺境の民の無意味な反抗に\nあっても、躊躇してはならない。\n反抗は単に無知ゆえであり、帝国には\n彼らを保護する義務があるからだ。\n我が軍の戦いは侵略にあらず。目先の\n情に惑わされず、常に大義をもって\n行動することを望むものである。	그러므로,변경민의 무의미한 반항에도\n망설여서는 안 된다.\n반항은 그저 무지 탓이며,제국에는\n그들을 보호할 의무가 있기 때문이다.\n우리 군의 싸움은 침략이 아니다.눈앞의\n정에 휘둘리지 않고,항상 대의를 가지고\n행동하기를 바라는 바다.
74	ui	17	4	まるで、神々の戦のようだった。\nでも、戦っていたのは普通の兵隊だ。\n神の乗り物に乗っていても、儀と同じ\n人間だったはずだ。\nなのに、身を守るためとはいえ、儀は\n彼らを撃ってしまった。\n何のためらいもなしに。	마치,신들의 전쟁 같았다.\n하지만 싸우던 건 평범한 병사들이었다.\n신의 탈것에 타고 있어도,기와 같은\n인간이었을 터다.\n그런데도,몸을 지키기 위해서라지만,기는\n그들을 쏴 버렸다.\n아무런 망설임도 없이.
75	ui	17	4	だが、現在我が軍の使用する兵器は\n全て発掘物の修復・改造品であり、\n絶対数は常に不足状態にある。ゆえに\nその取り扱いには細心の注意を払い、\n動力の消耗を最小限に抑えるように\n心がけねばならない。	하지만,현재 우리 군이 쓰는 병기는\n모두 발굴물의 수복·개조품이며,\n절대수는 항상 부족한 상태이다.그러므로\n그 취급에는 세심한 주의를 기울여,\n동력 소모를 최소한으로 억제하도록\n유념해야 한다.
76	ui	17	4	その日の日没までに、水を浴びて身を\n清め、ワント麻で織られた新しい布で\n作られた服をまとわねばならない。\nまた、祈りの夜の間は、いかなる\n燈火も用いてはならない。	그날 일몰까지,물을 뒤집어써 몸을\n정화하고,완트 삼으로 짠 새로운 천으로\n지은 옷을 걸쳐야 한다.\n또한,기도의 밤 동안은,어떠한\n등불도 써서는 안 된다.
77	ui	17	4	その後、改めて追跡調査が行われたが\n予測飛行コース上にシェルクーフの\n姿はなく、ただ大規模な戦闘跡を\n無数に確認するのみであった。\nシェルクーフは、この戦闘によって\n破壊されたと思われるが、それを可能\nならしめた戦力の実体は不明である。	그 후,다시 추적 조사가 이루어졌지만\n예측 비행 코스상에 셸쿠프의\n모습은 없었고,그저 대규모 전투 흔적을\n무수히 확인할 뿐이었다.\n셸쿠프는,이 전투에 의해\n파괴되었다고 여겨지나,그것을 가능\n하게 한 전력의 실체는 불명이다.
78	ui	17	4	しかし、別働隊の報告を待たずして、\nシェルクーフとともに確認されていた\n大型戦艦が出現。捕獲部隊と交戦\n状態に入った。\n戦艦はわずか1隻であったが、その\n戦力は圧倒的であり、数分間の戦闘で\n部隊の大半が撃破された。	하지만,별동대의 보고를 기다리지 않고,\n셸쿠프와 함께 확인되었던\n대형 전함이 출현.포획 부대와 교전\n상태에 들어갔다.\n전함은 겨우 1척이었지만,그\n전력은 압도적이었으며,수 분간의 전투로\n부대의 대부분이 격파되었다.
79	ui	17	4	これをうまく利用すれば、我々の里を\n攻性生物から守る手段として使える\nかもしれない。今後も、この種の\n構造体の研究は、積極的に続けていく\n必要があるだろう。	이것을 잘 이용하면,우리 마을을\n공성생물로부터 지키는 수단으로 쓸 수\n있을지도 모른다.앞으로도,이러한 종류의\n구조체 연구는,적극적으로 계속해 나갈\n필요가 있을 것이다.
80	ui	12	4	この形態は、両腕の機能が\n発達していて、弱点の頭を\nかばうような動きを見せて\nいた。攻撃も強力になって\nいたようだ。	이 형태는,양팔의 기능이\n발달해 있어,약점인 머리를\n감싸는 듯한 움직임을 보였다.\n공격도 강력해진\n듯하다.
81	ui	17	4	このとき、神の知恵は、\nことごとく争いに用いられた。\n神の火は、地を焼きつくし、\n神の道具は、命あるものを打ち殺し、\n攻性生物は、人を喰う軍勢となった。	이때,신의 지혜는,\n모조리 다툼에 쓰였다.\n신의 불은,땅을 다 태우고,\n신의 도구는,살아있는 것을 쳐 죽이고,\n공성생물은,사람을 먹는 군세가 되었다.
82	ui	17	4	おそらく我が友は、君を塔に導こうと\nしていることだろう。\nそれは、塔の死滅という彼の目的に、\n我々には知り得ない理由で、乗り手が\n深く関わっているからだ。	아마도 나의 벗은,그대를 탑으로 이끌려\n하고 있을 것이다.\n그것은,탑의 소멸이라는 그의 목적에,\n우리로서는 알 수 없는 이유로,라이더가\n깊이 관여하고 있기 때문이다.
83	ui	16	4	いつの日か、ラギは力を取り戻して\n大空に帰っていくだろう。そして、\nその背中には、たぶん儀ではない\n誰かが乗っているだろう。\nでも、儀はそれを悲しまない。\n託されたものを失わない限り、彼は\n儀とともにあるのだから。	언젠가,라기는 힘을 되찾아\n창공으로 돌아갈 것이다.그리고,\n그 등에는,아마도 기가 아닌\n누군가가 타고 있을 것이다.\n하지만,기는 그것을 슬퍼하지 않는다.\n맡겨진 것을 잃지 않는 한,그는\n기와 함께 있을 테니까.
84	ui	16	4	「編み人」ノアデアによる記録。\n\n遣跡内にある機械のほとんどは\nエンジンなどの動力系構造体だが、\nごくまれに、映像や音声を記録する\nための、情報系構造体が発見される\nことがある。	「엮는 자」노아데아의 기록。\n\n유적 내에 있는 기계 대부분은\n엔진 등의 동력계 구조체이지만,\n아주 드물게,영상이나 음성을 기록하기\n위한 정보계 구조체가 발견되는\n경우가 있다。
85	ui	16	4	3)中間層から外周部8階へ→\n  8階から昇降機で6階へ→\n  6階から下部格納層へ\n\n4)下部格納層から外周部5階へ→\n  5階から昇降機で4階へ→\n  4階から最下層へ	3)중간층에서 외주부 8층으로→\n  8층에서 승강기로 6층으로→\n  6층에서 하부 격납층으로\n\n4)하부 격납층에서 외주부 5층으로→\n  5층에서 승강기로 4층으로→\n  4층에서 최하층으로
86	ui	16	4	2度も彼女を助けてくれた事、\n礼を言う。\n \nだが、正直、彼女は\n君には荷の重過ぎる存在のはずだ。\n実際に、そのままでは、\n彼女が意識を取り戻す事もない。	두 번이나 그녀를 구해준 것,\n감사한다.\n \n하지만,솔직히 그녀는\n너에게는 너무 버거운 존재일 것이다.\n실제로,이대로라면\n그녀가 의식을 되찾는 일도 없다.
87	ui	17	4	1)最上層から外周部13階へ→\n  13階から昇降機で12階へ→\n  12階から上部格納層へ\n\n2)上部格納層から外周部11階へ→\n  11階から昇降機で9階へ→\n  9階から中間層へ	1)최상층에서 외주부 13층으로→\n  13층에서 승강기로 12층으로→\n  12층에서 상부 격납층으로\n\n2)상부 격납층에서 외주부 11층으로→\n  11층에서 승강기로 9층으로→\n  9층에서 중간층으로
88	slot	14	4	全ての塔は、一瞬で死に絶える	모든 탑은,한순간에 죽어 사라진다
89	slot	15	4	二度とその巣は使わねえんだとさ	두 번 다시 그 둥지는 안 쓴다더군
90	slot	10	4	ズースーの倒し方は？	즈스를 쓰러뜨리는 방법은?
91	slot	7	4	「護り火」の話	「수호의 불씨」이야기
92	ui	10	3	隊長が持っていた帳面	대장이 가지고 있던 수첩
93	ui	16	3	銃パーツ無しを示すダミーナンバー	총 부품 없음을 나타내는 더미 번호
94	ui	15	3	花粉を受粉させてできた黄金の実\n最高速度を上げる効果がある	꽃가루를 수분시켜 맺힌 황금 열매\n최고속도를 올리는 효과가 있다
95	ui	9	3	自我発生による障害	자아 발생에 의한 장애
96	ui	17	3	自分でも、子供じみた考えだと思う。\nそれでも儀は、ラギの成長した姿を\n見てみたい。そして、一度でいいから\nあの翼で飛んでみたい。\n小さい頃に聞いたおとぎ話に出てきた\nドラゴン乗りのように。	나 스스로도 유치한 생각이라 여긴다.\n그래도 나는 라기가 자란 모습을\n보고 싶다.그리고 단 한 번이라도\n그 날개로 날아보고 싶다.\n어릴 적 들었던 옛이야기에 나오던\n드래곤 라이더처럼.
97	ui	17	3	皇帝陛下の動命により、当該飛行物体\n(現地語に基づき「シェルクーフ」と\n呼称)の追跡が開始されたが、探索\n部隊と合流する時点で、メッカニア\n連邦軍と衝突。全面戦争に発展する\n結果となった。	황제 폐하의 명에 따라 해당 비행물체\n(현지어에 따라 「셰르쿠프」라\n칭함)의 추적이 개시되었으나 수색\n부대와 합류하는 시점에서 메카니아\n연방군과 충돌.전면전쟁으로 번지는\n결과가 되었다.
98	ui	13	3	現在までに倒した帝国軍兵装	지금까지 쓰러뜨린 제국군 병장
99	ui	17	3	現在までに倒したクレイメン艦隊兵装	지금까지 쓰러뜨린 클레이멘 함대 병장
100	ui	12	3	渓谷地帯で戦った。\n背中を見せない限り襲って\nこないし、動きも遅い。\n油断さえしなければ確実に\n倒せる敵だ。	협곡지대에서 싸웠다.\n등을 보이지 않는 한 덤벼\n오지 않고 움직임도 느리다.\n방심만 안 하면 확실히\n쓰러뜨릴 수 있는 적이다
101	ui	17	3	昨日、儀は帰る場所を失った。\n住んでいた家も、村のみんなも、\nあの光とともに消えてしまった。\n突然現れた、旧世紀の巨大な機械。\nその機械が放った一条の光は、儀の\n生まれた村を、黒焦げの廃虚に変えて\nしまった。	어제,나는 돌아갈 곳을 잃었다.\n살던 집도,마을 사람들도\n그 빛과 함께 사라져버렸다.\n갑자기 나타난 구세기의 거대한 기계.\n그 기계가 쏜 한 줄기 빛은\n내가 태어난 마을을 새까맣게 탄\n폐허로 바꿔버렸다.
102	ui	9	3	旧世紀兵器の残骸\n店で売れば金になる	구세기 병기의 잔해\n가게에 팔면 돈이 된다
103	ui	9	3	旧世紀兵器の外装甲\n店で売れば金になる	구세기 병기의 외장갑\n가게에 팔면 돈이 된다
104	ui	17	3	旧世紀の記録によれば、ドラゴンと\n禁断兵器『塔』は、何らかの形で同調\nしているという。\nこの解釈として、アカデミーでは\n「ドラゴン=塔の守護者」説と\n「ドラゴン=塔の破壊者」説の2つが\nほぼ同等の支持を得ている。	구세기 기록에 따르면 드래곤과\n금단병기 『탑』은 어떤 형태로든 동조\n한다고 한다.\n이 해석으로 아카데미에서는\n「드래곤=탑의 수호자」설과\n「드래곤=탑의 파괴자」설,두 가지가\n거의 대등한 지지를 얻고 있다.
105	ui	11	3	敵の攻撃を一定時間防ぐ	적 공격을 일정시간 막는다
106	ui	17	3	攻性生物を倒した後、儀は初めて\n旧世紀の遣跡に入った。\n遣跡の中は、想像とはまるで違った。\n番人のように襲ってくる攻性生物の\n群れ、大陸全てが潤うほどの湖、\n奇妙な機械が眠り続ける迷宮。\nそこには、死の匂いだけがあった。	공성생물을 쓰러뜨린 후,나는 처음으로\n구세기의 유적에 들어갔다.\n유적 안은,상상과는 전혀 달랐다.\n파수꾼처럼 덮쳐오는 공성생물의\n무리,대륙 전체를 적실 만한 호수,\n기묘한 기계가 계속 잠든 미궁.\n그곳에는,죽음의 냄새만이 있었다.
107	ui	7	3	攻性生物の肉塊\n高値で売れる	공성생물의 고깃덩이\n비싸게 팔린다
108	ui	9	3	攻性生物の眼球\n店で売れば金になる	공성생물의 안구\n가게에 팔면 돈이 된다
109	ui	9	3	攻性生物の甲皮\n店で売れば金になる	공성생물의 껍질\n가게에 팔면 돈이 된다
110	ui	9	3	攻性生物の特殊装甲\n店で売れば金になる	공성생물의 특수장갑\n가게에 팔면 돈이 된다
111	ui	9	3	攻性生物の体液\n店で売れば金になる	공성생물의 체액\n가게에 팔면 돈이 된다
112	ui	12	3	攻性生物が体内で作る宝石\n高値で売れる	공성생물이 체내에 만든 보석\n비싸게 팔린다
113	ui	17	3	戦っている間、儀はラギと一体に\nなったようだった。恐れは消え去り、\n自信と使命感が全身にあふれていた。\nあれは儀自身の意思なのか…それとも\nドラゴンとしてのラギの意思が、儀を\n突き動かしていただけなのか。	싸우는 동안,나는 라기와 하나가\n된 것 같았다.두려움은 사라지고,\n자신감과 사명감이 온몸에 넘쳐흘렀다.\n그것은 나 자신의 의지였을까…아니면\n드래곤으로서의 라기의 의지가,나를\n움직이게 했을 뿐이었을까.
114	ui	17	3	我らの目に映るものは、ただひとつを\nのぞいて、この時に創造された。\n水や草や獣は、人の糧として、\n遣跡は、人と神の家として、\n攻性生物は、人のしもべとして、\nそれぞれの役割を果たした。	우리의 눈에 비치는 것은,단 하나를\n제외하고,이때 창조되었다.\n물과 풀과 짐승은,사람의 양식으로서,\n유적은,사람과 신의 집으로서,\n공성생물은,사람의 종으로서,\n각자의 역할을 다했다.
115	ui	17	3	我々シーカーが、塔とセストレンに\nよる管理システムの存在を知ることが\nできたのも、情報系構造体の再起動に\n成功したからだが、この種の構造体の\n一部には、情報の記録以外にも重要な\n機能が存在することがわかった。	우리 시커가,탑과 세스트렌에\n의한 관리 시스템의 존재를 알 수\n있었던 것도,정보계 구조체의 재기동에\n성공했기 때문인데,이런 종류의 구조체\n일부에는,정보 기록 외에도 중요한\n기능이 존재한다는 것을 알게 되었다.
116	ui	16	3	思考器官の複雑さゆえに、生産数は\n微々たるものであり、重要度の高い\n生産施設の統括用として、優先的に\n配備されている。\nまた、高機能攻性生物の頭脳として\n利用する計画も進行中である。	사고기관의 복잡함 때문에,생산 수는\n미미한 편이며,중요도가 높은\n생산 시설의 통괄용으로,우선적으로\n배치되고 있다.\n또한,고기능 공성생물의 두뇌로\n이용할 계획도 진행 중이다.
117	ui	17	3	彼がなぜ異端の誕生を遂げたのか、\nそれは定かではない。彼が私のもとで\n幼き日を過ごしたのも、単なる偶然で\nしかなかったのかもしれない。\nしかし、彼は私を乗り手に選び、\n塔によって故郷を滅ぼされた私もまた\n彼の翼と力を欲した。	그가 왜 이단으로 태어나게 되었는지,\n그것은 확실치 않다.그가 나의 곁에서\n어린 시절을 보낸 것도,단순한 우연에\n지나지 않았을지도 모른다.\n하지만,그는 나를 탑승자로 선택했고,\n탑에 의해 고향을 잃은 나 역시\n그의 날개와 힘을 원했다.
118	ui	10	3	当たりづらいが威力大	맞히기 어렵지만 위력 큼
119	ui	14	3	広範囲に威力のある手投げ爆弾	넓은 범위에 위력이 있는 수류탄
120	ui	17	3	幸い、王宮とアカデミーの被害は\n軽微なものであったが、これを機に\n帝都(特に王宮)の防衛構想が大幅に\n見直されることとなった。その結果、\n超大型空中戦艦「グリグオリグ」の\n建造が開始されたのである。	다행히,왕궁과 아카데미의 피해는\n경미한 것이었으나,이를 계기로\n제도(특히 왕궁)의 방위 구상이 대폭\n재검토되게 되었다.그 결과,\n초대형 공중전함 「그리그오리그」의\n건조가 시작된 것이다.
121	ui	17	3	帝都上空を周回するグリグオリグは、\nそれ自体が宙に浮かぶ王宮である。\nこれが完成した暁には、たとえ\nドラゴンといえども、皇帝陛下に\n危害を加えることは不可能であろう。	제도 상공을 선회하는 그리그오리그는,\n그 자체가 하늘에 뜬 왕궁이다.\n이것이 완성되는 날에는,설령\n드래곤이라 할지라도,황제 폐하에게\n위해를 가하는 것은 불가능할 것이다.
122	ui	18	3	帝国軍空中艦隊駐屯地ボス戦(噴進弾)	제국군 공중함대 주둔지 보스전(분진탄)
123	ui	13	3	帝国軍空中艦隊駐屯地クリア	제국군 공중함대 주둔지 클리어
124	ui	19	3	帝国軍空中艦隊中ボス戦(グリグオリグ)	제국군 공중함대 중간보스전(그리그오리그)
125	ui	12	3	帝国軍が地方出身の新兵に\n配布している冊子	제국군이 지방 출신 신병에게\n배포하는 책자
126	ui	16	3	帝国暦89年の『塔』起動実験に\nおいて、2頭のドラゴンがまったく\n相反する行動をとったことが\n解釈の混乱を招いているのだが、\nこれに関しては、いまだ情報不足で\nあると言わざるを得ない。	제국력 89년의 『탑』기동 실험에\n있어서,두 마리의 드래곤이 완전히\n상반된 행동을 취한 것이\n해석의 혼란을 초래하는데,\n이에 관해서는,아직 정보 부족이라고\n말할 수밖에.
127	ui	10	3	差出人の名がない手紙	보낸이 이름이 없는 편지
128	ui	12	3	対攻性生物用の攻撃機。\n神経弾や対攻性生物弾を\n積んでいる。護衛機を\n従えていることも多い。\nこちらの動きを追って砲を\n向けてくるが、落ち着いて\n逃げれば大丈夫だろう。	대공성생물용 공격기.\n신경탄이나 대공성생물탄을\n탑재한다.호위기를\n거느리고 있는 경우도 많다.\n이쪽의 움직임을 쫓아 포를\n겨누지만,침착하게\n도망치면 괜찮을 것이다.
129	ui	12	3	対攻性生物用の攻撃機。\n攻撃力や防御力を下げる\n特殊な弾を撃ってくるが、\n強力な武器を積むために\n耐久力を犠牲にしている。	대공성생물용 공격기.\n공격력이나 방어력을 낮추는\n특수한 탄을 쏘지만,\n강력한 무기를 탑재하기 위해\n내구력을 희생한다.
130	ui	17	3	宙に浮かぶ旧世紀の機械に向けて、\nラギが放ったもの…それはドラゴンの\n「光の矢」だった。\n \n儀の夢想は、現実になってしまった。\n今まで儀のまわりにあった、全ての\n現実を代償にして。	하늘에 떠 있는 구세기 기계를 향해,\n라기가 쏜 것…그것은 드래곤의\n「빛의 화살」이었다.\n \n나의 몽상은,현실이 되고 말았다.\n지금까지 내 주변에 있던,모든\n현실을 대가로 삼아서.
131	ui	16	3	守護地に生まれた人よ、忘れるな。\nあなたの上に降る「護り火」は、\n掟と引きかえであることを。\nその光は、終息日まで、\n絶えることがあってはならない。	수호지에서 태어난 자여,잊지 마라.\n그대 위에 내리는 「수호의 불」은,\n계율과 맞바꾼 것임을.\n그 빛은,종식일까지,\n끊어져서는 안 된다.
132	ui	9	3	壊れた掘削機の部品\n店で売れば金になる	부서진 굴착기 부품\n가게에 팔면 돈이 된다
133	ui	17	3	塔内部には、ローター・パイルと\n呼ばれる動力装置が6基存在する。\nこれが起動すると、層内の移動が\n阻まれるが、外周部にある制御装置で\n停止させることが可能である。\n制御装置の場所は以下の通りである。	탑 내부에는,로터 파일이라\n불리는 동력 장치가 6기 존재한다.\n이것이 가동하면,층 내 이동이\n저지되지만,외주부에 있는 제어 장치로\n정지시키는 것이 가능하다.\n제어 장치의 위치는 다음과 같다.
134	ui	17	3	塔は、大気・水・土壌などを浄化して\n生存に適した環境を拡大する一方、\n再生した環境を斉かす要素、すなわち\n人間を排除するため、内部で生産した\n攻性生物を使役している。	탑은,대기・물・토양 등을 정화하여\n생존에 적합한 환경을 확대하는 한편,\n재생한 환경을 어지럽히는 요소,즉\n인간을 배제하기 위해,내부에서 생산한\n공성생물을 사역한다.
135	ui	12	3	塔の最上層で襲ってきた。\n空中機雷や対空誘導弾など\n驚くほどたくさんの武器を\n持っていたが、こいつは\nただの囮だった。	탑의 최상층에서 습격해왔다.\n공중 기뢰나 대공 유도탄 등\n놀랄 만큼 많은 무기를\n가지고 있었지만,이 녀석은\n그저 미끼였다.
136	ui	17	3	塔の引き上げ成功を機に、本格的な\n調査が開始されたが、起動に必要な\n要素の解明は困難を極めた。\n外部刺激実験も引き続き行われたが、\n浮上以後、明確な反応は確認できなく\nなっていた。	탑의 인양 성공을 계기로,본격적인\n조사가 시작되었지만,기동에 필요한\n요소의 규명은 극히 곤란했다.\n외부 자극 실험도 계속 이루어졌지만,\n부상 이후,명확한 반응은 확인할 수\n없게 되어 있었다.
137	ui	17	3	君が乗るドラゴンは、我が友の魂を\n宿している。\nそれは、この世でただ1頭の、\n「塔を殺す」ドラゴンの魂である。\nゆえに、君は他のすべてのドラゴンを\n敵に回さなければならない。	그대가 타는 드래곤은,내 벗의 영혼을\n깃들인다.\n그것은,이 세상에 단 한 마리뿐인,\n「탑을 죽이는」드래곤의 영혼이다.\n그러므로,그대는 다른 모든 드래곤을\n적으로 돌려야만 한다.
138	ui	17	3	原初の朝、\n神は、すべての人を創造した。\nみずからにかわって、\n世界を創造させるためである。\n弱き人にそれを可能ならしめるべく、\n神の持てる知恵は、\nことごとく人の魂に注がれた。	태초의 아침,\n신은 모든 인간을 창조했다.\n자신을 대신하여,\n세계를 창조하게 하기 위함이었다.\n나약한 인간이 그것을 가능케 하도록,\n신이 지닌 지혜는\n남김없이 인간의 영혼에 쏟아부어졌다.
139	ui	17	3	個体によって役割は多少異なるが、\n塔の機能は大きく2つに分けられる。\nすなわち、環境維持・再生機能と\n攻性生物生産・統括機能である。	개체에 따라 역할은 다소 다르지만,\n탑의 기능은 크게 두 가지로 나뉜다.\n즉,환경 유지・재생 기능과\n공성생물 생산・통괄 기능이다.
140	ui	17	3	他種自律構造体との同調・制御。\n複雑かつ巨大な構造体と同調するには\nそれに比例して高度な思考レベルが\n必要となる。\nしかし、思考レベル80以上の個体の\n生産は、自我発生の可能性が極めて\n高いので、全面的に禁じられている。	타종 자율 구조체와의 동조・제어.\n복잡하고 거대한 구조체와 동조하려면\n그에 비례하여 고도의 사고 레벨이\n필요하다.\n하지만 사고 레벨 80 이상 개체의\n생산은,자아 발생 가능성이 극히\n높기 때문에 전면적으로 금지돼 있다.
141	ui	17	3	今日の出来事を、どう言棄にすれば\nいいのだろう。\nゲオルギウスに沈んだ旧世紀のフネ。\n例のドラゴンが、異形の姿となって\n挑んできた最後の戦い。\nそして、その戦いに勝った後に、\nラギが見せてくれた幻。	오늘 있었던 일을 어떻게 말로\n표현하면 좋을까.\n게오르기우스에 가라앉은 구세기의 배.\n그 드래곤이 이형의 모습이 되어\n도전해 온 마지막 싸움.\n그리고 그 싸움에서 이긴 후,\n라기가 보여준 환영.
142	ui	17	3	世界をいまの形に定めているのは、\n『塔』と呼ばれる遣跡群である。\n各地に建造された塔は、旧世紀の\n世界管理の要として、攻性生物による\n死の裁きを司っている。	세계를 지금의 형태로 정하는 것은,\n『탑』이라 불리는 유적군이다.\n각지에 건조된 탑은,구세기의\n세계 관리의 요체로서,공성생물에 의한\n죽음의 심판을 관장한다.
143	ui	15	3	・1号基…外周部15階東側\n・2号基…外周部14階西側\n・3号基…外周部7階西側\n・4号基…外周部4階東側\n・5号基…外周部3階西側\n・6号基…外周部3階北側\n    (階下からのみ進入可)	・1호기…외주부 15층 동쪽\n・2호기…외주부 14층 서쪽\n・3호기…외주부 7층 서쪽\n・4호기…외주부 4층 동쪽\n・5호기…외주부 3층 서쪽\n・6호기…외주부 3층 북쪽\n    (아래층에서만 진입 가능)
144	ui	12	3	ヴァルナ級が採用される\nまでは主力戦艦だったが、\n今ではほとんどが廃艦に\nなっているらしい。\nしかし、兵装だけは今の\nものに替えられているので\n火力だけならヴァルナ級に\n匹敵する。	바르나급이 채용되기\n전까지는 주력 전함이었지만,\n지금은 대부분 폐함이\n된 듯하다.\n하지만 무장만은 현재의\n것으로 교체돼 있어서\n화력만큼은 바르나급에\n필적한다.
145	ui	9	3	ランプの油\n店で売れば金になる	램프의 기름\n가게에 팔면 돈이 된다
146	ui	17	3	ラギが儀のもとを去ったという事実も\nあの幻ほどには心を動かさない。\n別れの一瞬、儀は、ラギが秘めている\n秘密を託されたのだ。\n \n彼と、そして世界の誕生の秘密を。	라기가 나의 곁을 떠났다는 사실도\n그 환영만큼은 마음을 흔들지 못한다.\n이별의 한순간,나는 라기가 간직한\n비밀을 전해 받았다.\n \n그와,그리고 세계 탄생의 비밀을.
147	ui	20	3	メル=カヴァの内部で、\nバリスタを守るバリアを制御していた装置。\n中心部にある弱点は、\nレーザーを吸収する盾と\n装甲で防御されていた。	멜=카바 내부에서\n발리스타를 지키는 배리어를 제어하던 장치.\n중심부에 있는 약점은\n레이저를 흡수하는 방패와\n장갑으로 방어되어 있었다.
148	ui	17	3	メッカニア連邦からの使者が、\n成長したクーリアを買い取りに来る。\n儀のガドに高値がついたらしく、\n今日の食事はいつもより多かった。\nでも、殺された変種の子の後始末を\nしたので、食べる気になれない。	메카니아 연방에서 온 사자가,\n다 자란 쿠리아를 사러 왔다.\n내 가도에 비싼 값이 매겨졌는지,\n오늘 식사는 평소보다 많았다.\n하지만 죽임당한 변종 새끼의 뒷정리를\n했기에,먹을 마음이 들지 않는다.
149	ui	10	3	ドラゴン遣跡の鍵入手	드래곤 유적의 열쇠 입수
150	ui	17	3	ドラゴンの異端児である我が友は、\nその誕生もまた異端であった。\n我が友は、クーリアの変種として生を\n受け、私の庇護のもとで育った。\nそして、塔のひとつと遭遇したとき、\n突如ドラゴンの力に目覚めたのだ。	드래곤의 이단아인 나의 벗은,\n그 탄생 또한 이단이었다.\n나의 벗은 쿨리아의 변종으로 생을\n받아,나의 비호 아래 자랐다.\n그리고 탑 중 하나와 조우했을 때,\n돌연 드래곤의 힘에 눈을 뜬 것이다.
151	ui	17	3	ドラゴンの主な武器は、□腔内より\n発射される複数の雷撃である。この\n雷撃は、目標に向けて屈曲するという\n特異な性質を持っている。\nまた、個体によっては、若干の\n追尾性を備えた実体弾や、生体粒子の\n波動を放つことが確認されている。	드래곤의 주된 무기는 □강 내에서\n발사되는 다수의 뇌격이다.이\n뇌격은 목표를 향해 굴곡한다는\n특이한 성질을 가진다.\n또한 개체에 따라서는 약간의\n추적성을 갖춘 실체탄이나,생체 입자의\n파동을 방출하는 것이 확인되었다.
152	ui	17	3	ドラゴンに関する記録の中で特に注目\nすべきは、その背に人間を騎乗させて\nいたという目撃例であろう。\nクーリアなど、退化したごく一部の\n種を除けば、このような行動を示す\n攻性生物は皆無である。	드래곤에 관한 기록 중에서 특히 주목\n해야 할 것은,그 등에 인간을 태우고\n있었다는 목격 사례일 것이다.\n쿨리아 등,퇴화한 극히 일부의\n종을 제외하면,이러한 행동을 보이는\n공성생물은 전무하다.
153	ui	10	3	ドラゴンに名前付けた	드래곤에게 이름을 붙였다
154	ui	17	3	ゾアの街の言い伝えには、\nメル=カヴァを支える「両輪」という\n表現がある。\n古くさい言い回しだが、要するに\nメル=カヴァは2基のエンジンで\n飛んでいるということが言いたい\nらしい。	조아 시가지의 전승에는\n메르=카바를 지탱하는 「양 바퀴」라는\n표현이 있다.\n낡은 표현이지만,요컨대\n메르=카바는 2기의 엔진으로\n날고 있다는 것을 말하고\n싶은 듯하다.
155	ui	9	3	シーカーの里進入可	시커의 마을 진입 가능
156	ui	17	3	コース変更の理由は不明だが、攻撃の\n対象となった村落では、クーリアが\n多数飼育されており、それが何らかの\n形でシェルクーフを呼び寄せたのでは\nないかとする説が有力である。	코스 변경의 이유는 불명이지만,공격의\n대상이 된 촌락에서는 쿨리아가\n다수 사육되고 있었으며,그것이 어떤\n형태로 셸쿠프를 불러들인 것이\n아니냐는 설이 유력하다.
157	ui	10	3	ゲオルギウス3進入可	게오르기우스3 진입 가능
158	ui	12	3	ゲオルギウス2．5進入可	게오르기우스2.5 진입 가능
159	ui	10	3	ゲオルギウス2進入可	게오르기우스2 진입 가능
160	ui	17	3	クールマ型水上前線基地は、2重の\n可動防壁(それぞれ「外部防壁」\n「内部防壁」と呼称)と、その内側に\n配置された各施設から成っている。\nその中でも、最優先で防衛しなければ\nならないのが、基地の中央にある\n司令塔である。(次ページ参照)	쿨마형 수상 전선기지는 2중의\n가동 방벽(각각 「외부 방벽」\n「내부 방벽」이라 호칭)과,그 안쪽에\n배치된 각 시설로 이루어져 있다.\n그중에서도 최우선으로 방위해야\n하는 것이 기지 중앙에 있는\n사령탑이다.(다음 페이지 참조)
161	ui	12	3	クレイメン艦隊の旗艦。\nだが、禁止区域で戦った\n時には、クレイメンは艦を\n離れており、かわりに\n副官のアーウェンが指揮を\nとっていた。\n帝国軍を引きつけるための\n囮だったらしい。	클레이멘 함대의 기함.\n하지만 금지 구역에서 싸웠을\n때는 클레이멘이 함을\n비우고 있었고,대신\n부관인 아웬이 지휘를\n맡고 있었다.\n제국군을 유인하기 위한\n미끼였던 듯하다.
162	ui	12	3	クレイメンからの手紙入手	클레이멘에게서 온 편지 입수
163	ui	14	3	キャラバン(ゾアの街)進入可	캐러밴(조아 시가지) 진입 가능
164	ui	9	3	ガラコウセキの原石\n店で売れば金になる	가라코세키 원석\n가게에 팔면 돈이 된다
165	ui	18	3	ガッシュの師でもあったドラゴン乗りが\n書いたという書物	가슈의 스승이기도 했던 드래곤 라이더가\n썼다는 서적
166	ui	12	3	アゼルが乗るアトルムの\n最終形態。\n巨大な雷撃兵器を装備して\n襲ってきたが、どうにか\n倒すことができた。\n彼女の唯一のパートナーを\n尋うことになって\nしまったが…。	아젤이 타는 아트룸의\n최종 형태.\n거대한 뇌격 병기를 장착하고\n습격해 왔지만,어떻게든\n쓰러뜨릴 수 있었다.\n그녀의 유일한 파트너를\n애도하게 되고\n말았지만….
167	ui	17	3	わずかに現存するドラゴン用の装備\n移動中のレーザー発射能力を強化する	얼마 남지 않은 드래곤용 장비\n이동 중 레이저 발사 능력을 강화한다
168	ui	17	3	ゆえに、司令塔周囲の内部防壁は\n常に閉鎖された状態にある。\nこれが開放されるのは、物資搬入時と\n第2種警戒態勢発令時のみである。	그러므로 사령탑 주위 내부 방벽은\n항상 폐쇄된 상태에 있다.\n이것이 개방되는 것은 물자 반입 시와\n제2종 경계 태세 발령 시뿐이다.
169	ui	17	3	なお、メッカニア併合後に行われた\n調査によって、シェルクーフは\n探索部隊との遭遇前に、飛行コースを\n突如変更して、エルピス地方の村落を\n雷撃によって全滅させている事実が\n判明している。	또한,메카니아 병합 후에 실시된\n조사에 의해,셸쿠프는\n탐색 부대와의 조우 전에,비행 코스를\n돌연 변경하여,엘피스 지방의 마을을\n낙뢰로 전멸시킨 사실이\n판명되었다.
170	ui	17	3	それぞれの塔に1頭ずつ授けられた\nドラゴンは、与えられた使命を今でも\n果たし続けている。\n旧世紀の兵器を操る帝国軍でさえ\nその守りを破ることはできない。\nドラゴンの力に対抗できるのは、\n同じドラゴンだけなのだ。	각각의 탑에 한 마리씩 주어진\n드래곤은,부여받은 사명을 지금도\n계속 다한다.\n구세기의 병기를 다루는 제국군조차\n그 수호를 깨뜨릴 수 없다.\n드래곤의 힘에 대항할 수 있는 것은,\n오직 같은 드래곤뿐이다.
171	ui	17	3	その道が、神ののぞみにかなった時、\n死せる人は、はるか東方の恵みの森に\n置かれる。\nその地には、生の苦役も、\n人の世のあらゆるけがれもなく、\n万象が人に手を差しのべる。	그 길이 신의 뜻에 합당할 때,\n죽은 자는 머나먼 동쪽의 은총의 숲에\n놓이게 된다.\n그 땅에는 삶의 고역도,\n인간 세상의 온갖 더러움도 없으며,\n만물이 사람에게 손을 내민다.
172	ui	17	3	しかしながら、攻性生物の知能程度は\n著しく低く、アカデミーの手によって\nその行動様式も解明されつつある。\n我が軍の兵器・部隊編成・戦術は、\nそれらの研究に基づいて考案された\nものであり、適切に運用されれば\n絶大なる効果を発揮する。	그렇다고 해도,공성생물의 지능 정도는\n현저히 낮으며,아카데미의 손에 의해\n그 행동 양식도 해명되고 있다.\n우리 군의 병기・부대 편성・전술은,\n그러한 연구를 바탕으로 고안된\n것으로,적절히 운용되면\n엄청난 효과를 발휘한다.
173	ui	17	3	しかし、長期間の稼動による消耗や\n故障などの理由から、すべての塔が\n機能しているわけではないので、\n旧世紀の終わりから数千年を経た\n今でも、環境再生は完了していない。	하지만,장기간의 가동에 의한 소모나\n고장 등의 이유로,모든 탑이\n기능하는 것은 아니어서,\n구세기의 끝에서 수천 년이 지난\n지금도,환경 재생은 완료되지 않았다.
174	ui	17	3	しかし、ドラゴンは最強の攻性生物で\nあると同時に、塔の機能と深い関係が\nあることが判明している。\nゆえに我が軍は、ドラゴンと塔の\n秘密を明らかにするため、いかなる\n犠牲を払ってもドラゴンを捕獲せねば\nならないのである。	하지만,드래곤은 최강의 공성생물\n임과 동시에,탑의 기능과 깊은 관계가\n있음이 판명되었다.\n따라서 우리 군은,드래곤과 탑의\n비밀을 밝히기 위해,어떠한\n희생을 치르더라도 드래곤을 포획해야\n만 한다.
175	ui	16	3	ここに書き記すのは、私に託された\n秘密の、ごく一部でしかない。\nわずかな知識ではあるが、私と同じ\n境遇に立つ君の助けとなれば幸いで\nある。	여기에 적어두는 것은,나에게 맡겨진\n비밀의,극히 일부에 지나지 않는다.\n하찮은 지식이지만,나와 같은\n처지에 선 그대에게 도움이 된다면\n다행이다.
176	ui	11	3	ここにはもう用はない…	여기는 이제 볼일이 없다…
177	ui	17	3	かくのごとき巨大な力は、旧世紀\n文明の維承者たる皇帝陛下のもとで\n正しく管理されねばならない。それが\n世界秩序の確立に貢献する道であり、\n我が軍はそのためにこそ存在するので\nある。	이와 같은 거대한 힘은,구세기\n문명의 계승자이신 황제 폐하 아래에서\n올바르게 관리되어야 한다.그것이\n세계 질서 확립에 공헌하는 길이며,\n우리 군은 바로 그것을 위해 존재하는\n것이다.
178	ui	17	3	いずれの武器も、我が軍の保有する\n同種兵装のそれをはるかに上回る\n破壊力を有している。アカデミーの\n試算によれば、ドラゴン1頭の潜在\n能力は、最低でもヴァルナ級空中戦艦\n50隻に匹敵するという。	어느 무기든,우리 군이 보유한\n동종 병기를 훨씬 웃도는\n파괴력을 지니고 있다.아카데미의\n시산에 따르면,드래곤 한 마리의 잠재\n능력은,최소한 바르나급 공중전함\n50척에 필적한다고 한다.
179	ui	17	3	あなたは、生から死に至る道を\nすべてゾアの地で歩まねばならない。\nなぜなら、地上はすべて、争いの\nけがれを受けているからである。\nゾアの外に立ち、再びけがれた者は、\n再びさばきを受けるさだめを\n負わなければならない。	그대는,삶에서 죽음에 이르는 길을\n모두 조아의 땅에서 걸어야 한다.\n왜냐하면 지상은 모두,다툼의\n더러움을 받았기 때문이다.\n조아 밖에 서서 다시 더럽혀진 자는,\n다시 심판을 받을 운명을\n짊어져야 한다.
180	ui	17	3	160荒野にてエッジを待つガッシュ	160 황야에서 에지를 기다리는 가슈
181	slot	16	3	本当は、触れてはいけない物なんだ	사실은 건드려서는 안 되는 물건이다
182	slot	11	3	旧世紀の力は、神の力だ	구세기의 힘은 신의 힘이다
183	slot	12	3	塔中間層(回転通路内部)	탑 중간층(회전 통로 내부)
184	slot	10	3	地下？？階への入り□	지하？？층으로 가는 입구
185	slot	6	3	地下遣跡の話	지하 유적 이야기
186	slot	12	3	他の奴には黙っててくれよ	다른 놈들한테는 비밀로 해줘
187	slot	6	3	ゾアの街の話	조아 마을 이야기
188	ui	13	2	駐屯地、本読んでの台詞変化	주둔지,책 읽은 뒤 대사변화
189	ui	17	2	飛ぶ練習をするために、村の外に\n出ていた儀らだけが助かった。\n不思議と涙は出なかった。目の前で\n村が燃えているのに、なにか悪い夢の\nように思えて仕方なかった。\nむしろ、その後に起きたラギの異変が\n儀を恐れさせた。	날아오르는 연습을 하려고 마을\n밖에 나가 있던 나만 살아남았다.\n이상하게 눈물은 나오지 않았다.\n눈앞에서 마을이 불타고 있는데도,\n그저 나쁜 꿈처럼 느껴질 뿐이었다.\n오히려 그 뒤에 일어난 라기의\n이변이 나를 두렵게 만들었다.
190	ui	17	2	防衛線を突破した2頭のドラゴンは、\n戦闘を行いつつ、帝都を経由して塔に\n接近。これと前後して、塔の活動に\n変化が生じ始めた。	방위선을 돌파한 두 마리의 드래곤은\n전투를 벌이며 제도를 경유해 탑으로\n접근한다.이와 전후해 탑의 활동에\n변화가 생기기 시작했다.
191	ui	9	2	銃の威力が倍になる	총의 위력이 배가 됨
192	ui	8	2	銃の威力が上がる	총의 위력이 오른다
193	ui	17	2	辺境部族の中には、帝国の財産である\n遣跡を、盗掘の目的で荒し回る一団が\n存在する。\n彼らはシーカーと呼称され、辺境では\n一応の認知を得ているが、その行為は\n帝国に対する反逆であり、発見しだい\nせん滅せねばならない。	변경 부족 중에는 제국의 재산인\n유적을 도굴 목적으로 마구 파헤치는\n무리가 존재한다.\n그들은 시커라 불리며,변경에서는\n어느 정도 인지도를 얻고 있으나,그\n행위는 제국에 대한 반역이므로 발견\n즉시 섬멸해야 한다.
194	ui	8	2	辺境での作戦行動	변경에서의 작전행동
195	ui	4	2	祈りの掟	기도의 계율
196	ui	8	2	発掘所上空クリア	발굴소 상공 클리어
197	ui	17	2	発掘所を破壊したドラゴンが、帝都\n防衛線に接近した時点で、軍司令部は\nドラゴンの捕獲を断念。\n残存部隊をもって迎撃にあたったが、\n撃滅は不可能であった。	발굴소를 파괴한 드래곤이 제도\n방위선에 접근한 시점에서 군사령부는\n드래곤 포획을 단념.\n잔존부대로 요격에 나섰으나\n격멸은 불가능했다.
198	ui	14	2	発掘所で掘り出された石のクズ\n店で売ればわずかだが金になる	발굴장에서 캐낸 돌 부스러기\n가게에 팔면 약간의 돈이 된다
199	ui	9	2	発射弾数が上昇する	발사 탄수가 상승한다
200	ui	10	2	珍しい種類の食用植物\n高値で売れる	희귀한 종류의 식용식물\n비싸게 팔린다
201	ui	16	2	無数の光の矢を解き放つ <03><01>2ゲージ<03>	무수한 빛의 화살을 쏜다 <03><01>2게이지<03>
202	ui	16	2	旧世紀の記録機械の一種\n戦った相手の情報を分析・記録する	구세기 기록기계의 일종\n싸운 상대의 정보를 분석・기록한다
203	ui	13	2	旧世紀の素材で作られた腕輪\n高値で売れる	구세기 소재로 만들어진 팔찌\n비싸게 팔린다
204	ui	15	2	旧世紀の発掘物で作られた大型銃\n弾は撃ちつくされている	구세기 발굴물로 만들어진 대형총\n탄은 다 써버렸다
205	ui	17	2	旧世紀の技術を持たぬ辺境の民は、\n我が軍にとって斉威とはなり得ない。\n真の斉威は、我が軍と同じく旧世紀の\n力を有するもの、すなわち攻性生物で\nある。生物兵器として強大な戦闘力を\n与えられた彼らは、生身の人間では\n到底対抗し得ない外敵である。	구세기의 기술이 없는 변방의 백성은\n우리 군에게 위협이 될 수 없다.\n진정한 위협은 우리 군과 마찬가지로\n구세기의 힘을 지닌 것,즉 공성생물\n이다.생물병기로서 강대한 전투력을\n부여받은 그들은 생신의 인간으로는\n도저히 대적할 수 없는 외적이다.
206	ui	13	2	旧世紀の人型創造物に関する\nシーカーの研究書	구세기 인간형 창조물에 관한\n시커의 연구서
207	ui	17	2	旅に必要な最低限の荷物が入っている	여행에 필요한 최소한의 짐이 들었다
208	ui	7	2	新たな乗り手へ	새로운 라이더에게
209	ui	16	2	敵を切り裂く風の刃   <03><01>2ゲージ<03>	적을 가르는 바람 칼날  <03><01>2게이지<03>
210	ui	16	2	敵の目をくらませ逃げる <03><01>2ゲージ<03>	적의 눈을 속여 도망친다 <03><01>2게이지<03>
211	ui	16	2	敵の目をくらませて戦闘から逃げる	적의 눈을 속여 전투에서 도망친다
212	ui	16	2	敵の攻撃を一定時間防ぐ <03><01>2ゲージ<03>	적 공격을 일정시간 방어 <03><01>2게이지<03>
213	ui	10	2	攻性生物ハヌマンの爪\n店で売れば金になる	공성생물 하누만의 발톱\n가게에 팔면 돈이 된다
214	ui	9	2	捕獲部隊全滅の経緯	포획부대 전멸의 경위
215	ui	17	2	戦いが終わった時、我が友であった\nドラゴンは、自らの存在の秘密を\n私に託して去っていった。\nのちにシーカーの一冥となった私は、\n「編み人」達の協力を得て、それを\n読み解こうとしてきたが、全てを解明\nするには至らなかった。	싸움이 끝났을 때,나의 벗이었던\n드래곤은,자신의 존재의 비밀을\n나에게 맡기고 떠나갔다.\n훗날 시커의 일원이 된 나는,\n「엮는 자」들의 협력을 얻어,그것을\n풀어내고자 해왔지만,모든 것을 해명\n하는 데에는 이르지 못했다.
216	ui	17	2	我らは、打ち捨てられた人の世にて、\n生の苦役をつとめねばならない。\nそれは、我らにつらなる人の犯した\nあやまちゆえである。\n再び神の栄光を求めるならば、\n死に至るまでの道をもって、\nさばきを受けねばならない。	우리는,버림받은 인간의 세상에서,\n삶의 고역을 감당해야 한다.\n그것은,우리와 이어진 사람이 저지른\n잘못 때문이다.\n다시 신의 영광을 구하려 한다면,\n죽음에 이르는 길로써,\n심판을 받아야 한다.
217	ui	12	2	情報系構造体に関する記録	정보계 구조체에 관한 기록
218	ui	12	2	弾が近い敵3体に分散する	탄이 가까운 적 3체 분산
219	ui	10	2	弱点に当ると威力増大	약점에 맞으면 위력증대
220	ui	9	2	帝国軍艦隊進軍状況	제국군 함대 진군상황
221	ui	13	2	帝国軍空中艦隊駐屯地進入可	제국군 공중함대 주둔지 진입
222	ui	10	2	帝国軍空中艦隊クリア	제국군 공중함대 클리어
223	ui	12	2	帝国軍旗艦グリグオリグに\n攻性生物がとりついた姿。\n皇帝砲はまだ生きていたが\n人間が操っているわけでは\nなく、ただやみくもに\n撃っているだけだった。	제국군 기함 그리그오리그에\n공성생물이 달라붙은 모습.\n황제포는 아직 살아있었지만\n인간이 조종하는 것은\n아니고,그저 마구잡이로\n쏘고 있을 뿐이었다.
224	ui	6	2	帝国軍人心得	제국 군인 수칙
225	ui	15	2	帝国空中戦艦の通信記録\nクレイメン艦隊と戦った時のもの	제국 공중전함의 통신기록\n클레이멘 함대와 싸웠을 때의 것
226	ui	12	2	帝国の基地を守っていた\n初めて見る型の戦艦。\n帝国軍では、特殊な武器や\nエンジンが発掘されると、\nそれに合わせた試作艦が\n作られると聞いたことが\nある。たぶん、この艦も\nそのひとつだろう。	제국의 기지를 지키고 있던\n처음 보는 형태의 전함.\n제국군에서는,특수한 무기나\n엔진이 발굴되면,\n그에 맞춘 시작함이\n만들어진다고 들은 적이\n있다.아마,이 함도\n그중 하나일 것이다.
227	ui	15	2	帝国の前線基地の警備兵に対して\n基地の構造を解説した書類	제국 전선기지 경비병을 대상으로\n기지 구조를 해설한 서류
228	ui	12	2	小動物・カゼノメのエサ\n木の実を細かく砕いたもの	소동물・카제노메의 먹이\n나무 열매를 잘게 부순 것
229	ui	7	2	大陸一帯の地図	대륙 일대의 지도
230	ui	17	2	変種の子には、ラギと名づけた。\n儀がなぜこいつを育てる気になったか\n聞いたら、みんな、きっと儀のことを\n笑うだろう。\n村の言い伝えや写本には、決まって\nドラゴンが出てくる。そして、ラギの\n姿は、そのドラゴンを思わせるのだ。	변종의 아이에게 라기라\n이름 붙였다.\n내가 왜 이 녀석을\n죽이지 못했는지\n모르겠다.그저 이 작은 생명이\n가엾었을 뿐인지도\n모른다.어쨌든 나는 규율을 어겼다.
231	ui	8	2	塔内部の移動経路	탑 내부 이동 경로
232	ui	7	2	塔の起動と自爆	탑의 기동과 자폭
233	ui	10	2	塔の機能に関する記録	탑의 기능에 관한 기록
234	ui	11	2	地下の施設の封印を\n解除したときに復活した\nウルのガーディアン。\n分離や合体をしながら、\n雷を使った様々な攻撃を\nしかけてきた。	지하 시설의 봉인을\n해제했을 때 부활한\n우르의 가디언.\n분리와 합체를 하면서,\n번개를 쓴 다양한 공격을\n걸어왔다.
235	ui	17	2	君がこれを読んでいるということは、\n私の命を受けたシーカーたちが、\n正しきドラゴン乗りとして、君を\n見出したことを意味する。\n私もまた、君と同じくドラゴンと\n出会い、『塔』をめぐる戦いに身を\n投じた者である。	그대가 이것을 읽고 있다는 것은,\n내 명을 받은 시커들이,\n올바른 드래곤 라이더로서,그대를\n찾아냈다는 것을 의미한다.\n나 또한,그대와 마찬가지로 드래곤과\n만나,『탑』을 둘러싼 싸움에 몸을\n던진 자다.
236	ui	14	2	原初の黄昏、\n人は、争いを始めた。\n闇を知らぬ人は、黄昏を恐れ、\n心乱して殺しあった。	태초의 황혼,\n사람은 다투기 시작했다.\n어둠 모르는 자는 황혼을 겁내\n마음 어지러워 서로 죽였다
237	ui	3	2	前後右	전・후・우
238	ui	3	2	前左右	전・좌・우
239	ui	16	2	全てを焼きつくす大爆発 <03><01>2ゲージ<03>	모든 것을 태우는 대폭발 <03><01>2게이지<03>
240	ui	17	2	停滞した状況を打破したのは、辺境で\n入手された、情報保存系の発掘物で\nあった。それに記録されていた情報を\n分析した結果、塔はドラゴンと密接な\n関係にあることが判明したのである。	정체된 상황을 타개한 것은,변경에서\n입수된 정보 보존형 발굴물이었다.\n거기에 기록된 정보를\n분석한 결과,탑은 드래곤과 밀접한\n관계가 있음이 판명되었다.
241	ui	7	2	人移動時操作系	인간 이동시 조작
242	ui	8	2	中間層の回転機構	중간층의 회전 기구
243	ui	17	2	ラギの成長は、驚くほど早い。一歳の\n誕生日を迎えるころには、すっかり\n大人になっているだろう。\nはばたく力も上がっている。運動の\nために走らせていたら、一瞬だけど\n体が浮かんだ。この分だと、本当に\n空を飛べるかもしれない！	라기의 성장은 놀랄 만큼 빠르다.첫\n생일을 맞이할 즈음이면 완전히\n어른이 되어 있을 것이다.\n날갯짓하는 힘도 늘었다.운동을\n위해 달리게 했더니,잠깐이지만\n몸이 떠올랐다.이 정도라면 정말로\n하늘을 날 수 있을지도 몰라!
244	ui	16	2	メッカニア軍との戦闘によって\nシェルクーフの追跡が中断、位置が\n不明となったため、捕獲部隊は\nシェルクーフの予測飛行コース上の\n森林地帯に戦力を展開、監視体勢を\n整えた。	메카니아군과의 전투로 인해\n셸쿠프 추적이 중단되고 위치가\n불명해졌기 때문에,포획 부대는\n셸쿠프의 예상 비행 항로상에 있는\n삼림 지대에 전력을 전개하여,감시\n태세를 갖추었다.
245	ui	17	2	フネの中心には、力を使い果たして\n眠るラギの姿があった。\n石のように冷たく固まってはいたが、\n彼の命の灯は消えていないことを\n儀は知っている。儀の胸の中にある\n何かが、そう教えてくれる。	배의 중심에는 힘을 다 써버리고\n잠든 라기의 모습이 있었다.\n돌처럼 차갑게 굳어 있었지만,\n그의 생명의 불씨는 꺼지지 않았음을\n나는 알고 있다.내 가슴 속에 있는\n무언가가 그렇게 말해준다.
246	ui	11	2	ドラゴン乗りの日記・3	드래곤 라이더의 일기・3
247	ui	11	2	ドラゴン乗りの日記・2	드래곤 라이더의 일기・2
248	ui	11	2	ドラゴン乗りの日記・1	드래곤 라이더의 일기・1
249	ui	13	2	ドラゴンの姿が刻まれた紋章	드래곤의 모습이 새겨진 문장
250	ui	17	2	ゾアの森ボス戦(寄生グリグオリグ)	조아의 숲 보스전(기생 그리고리그)
251	ui	7	2	ゾアの森クリア	조아의 숲 클리어
252	ui	8	2	セストレン進入可	세스트렌 진입 가능
253	ui	7	2	ゲージ速度上昇	게이지 속도 상승
254	ui	17	2	ゲオルギウスに来て2日目。\nあのフネを追って、とうとうこんな\nところにまで来てしまった。\n人間の世界は、数万リオンの彼方だ。\nいまさらながら、孤独を感じる。	게오르기우스에 온 지 2일째.\n그 배를 쫓아 결국 이런\n곳까지 와 버렸다.\n인간의 세계는 수만 리온 저편이다.\n이제 와서지만 고독을 느낀다.
255	ui	10	2	クーリアのフンの化石\n店で売れば金になる	쿠리아 똥의 화석\n가게에 팔면 돈이 된다
256	ui	11	2	クレイメン艦隊進軍状況	클레이멘 함대 진군 상황
257	ui	13	2	クレイメンの署名がある手紙	클레이멘의 서명이 있는 편지
258	ui	13	2	キャンプ(ゾアの森)進入可	캠프(조아의 숲) 진입 가능
259	ui	15	2	キャンプ(カイナスの村)進入可	캠프(카이나스 마을) 진입 가능
260	ui	14	2	キャラバン(ゾアの森)進入可	캐러밴(조아의 숲) 진입 가능
261	ui	15	2	ガッシュにもらった首飾り\nシーカー独特の装飾が施してある	가슈에게 받은 목걸이\n시커 특유의 장식이 새겨져 있다
262	ui	17	2	エネルギー消費量が極めて低いため、\n特定の場合(休眠状態からの再起動・\nショックによる機能停止時など)を\n除き、外部からのエネルギー補給は\n不要である。	에너지 소비량이 극히 낮기 때문에,\n특정 경우(휴면 상태에서의 재기동・\n충격에 의한 기능 정지 시 등)를\n제외하고,외부로부터의 에너지 보급은\n불필요하다.
263	ui	9	2	ウル地下遣跡クリア	울 지하 유적 클리어
264	ui	8	2	ウル地下2クリア	울 지하 2 클리어
265	ui	12	2	ウル北方の『塔』に関する\nシーカーの研究書	우르 북방의 『탑』에 관한\n시커의 연구서
266	ui	13	2	ウルに住む生物・トビタマの\n分泌物が固まったもの	우르에 사는 생물・도비타마의\n분비물이 굳은 것
267	ui	7	2	よき人への戒め	선인에 대한 경계
268	ui	15	2	ひみちゅのフラグbyMたかはC	히밋추 플래그 by M 타카하시
269	ui	14	2	はきつぶされたクツ\n店で売ればわずかだが金になる	낡아빠진 신발\n가게에 팔면 약간의 돈이 된다
270	ui	17	2	でも、今はそれだけじゃない。\nなぜか、使命感に似た気持ちがある。\nあの旧世紀のフネを、このまま放って\nおくわけにはいかない。ラギの翼が\n力を貸してくれる限り、儀はあれを\n追い続けるつもりだ。	하지만,지금은 그것만이 아니다.\n왠지,사명감과 비슷한 마음이 있다.\n저 구세기의 배를,이대로 내버려\n둘 수는 없다.라기의 날개가\n힘을 빌려주는 한,나는 저것을\n계속 쫓을 생각이다.
271	ui	17	2	だが、旧世紀においても、塔の存在を\nよしとしない者たちがいた。\n塔の創造主たちは、彼らによって塔が\n破壊されることを怖れ、世界の泉\n「ウル」の胎内から、塔の守護者たる\n最強の攻性生物を産み出した。\nそれが、ドラゴンである。	하지만,구세기에도,탑의 존재를\n달가워하지 않는 자들이 있었다.\n탑의 창조주들은,그들에 의해 탑이\n파괴되는 것을 두려워하여,세계의 샘\n'우르'의 태내에서,탑의 수호자인\n최강의 공성생물을 만들어냈다.\n그것이,드래곤이다.
272	ui	17	2	それは、攻性生物の行動を制御する\n力場を発生する機能である。\nおそらく、記録されている情報を保護\nするためのものだろう。\nただし、構造体の動力が小さいので、\n力場の範囲と効力はかなり限られる\nようである。	그것은,공성생물의 행동을 제어하는\n역장을 발생시키는 기능이다.\n아마도,기록된 정보를 보호\n하기 위한 것이리라.\n다만,구조체의 동력이 작기 때문에,\n역장의 범위와 효력은 상당히 한정된\n것으로 보인다.
273	ui	17	2	その道が、神ののぞみをはずれた時、\n死せる人は、新たなからだとともに\n再び人の世に打ち捨てられる。\nよき道を歩まないかぎり、人は、\n何度でも苦難の生をつとめ、\n何度でも死の闇を味わい、\n何度でもさばきの前にさらされる。	그 길이 신의 뜻에서 벗어날 때,\n죽은 자는 새로운 육신과 함께\n다시 인간 세상에 버려진다.\n올바른 길을 걷지 않는 한,인간은\n몇 번이고 고난의 삶을 되풀이하고,\n몇 번이고 죽음의 어둠을 맛보며,\n몇 번이고 심판 앞에 서게 된다.
274	ui	17	2	そのラギは、また新たな力を見せた。\n戦いを終えたラギは、光を放ちながら\n一瞬で脱皮を遂げた。\nあれが、ドラゴンの成長のやり方\nなのだろう。	그 라기는,또 새로운 힘을 보였다.\n싸움을 끝낸 라기는,빛을 내뿜으며\n순식간에 탈피를 마쳤다.\n저것이,드래곤의 성장 방식\n인 것이리라.
275	ui	17	2	しかし、この世の者がセストレンに\n触れるためには、空間断層を越える\n「扉」を開かねばならない。\nそれは、すべての塔の中枢にひとしく\n与えられているが、扉を開くための\n手段は、まだ見出されてはいない。	하지만,이 세상의 존재가 세스트렌에\n닿기 위해서는,공간 단층을 넘는\n「문」을 열어야만 한다.\n그것은,모든 탑의 중추에 똑같이\n주어져 있지만,문을 여는 방법은,\n아직 발견되지 않았다.
276	ui	16	2	これらの障害の修復は極めて困難で\nあり、ほとんどの症例が廃来処分と\nなっている。\nただし、同調機能障害については、\n強度の心理的ショックによって修復\nする場合がある。	이 장애의 수복은 극히 곤란하며,\n대부분의 증례가 폐기 처분으로\n이루어진다.\n다만,동조 기능 장애에 대해서는,\n강도의 심리적 충격에 의해 수복\n되는 경우가 있다.
277	ui	17	2	この「乗り手」の正体は不明だが、\nドラゴンと連携した俊敏な反応や\n高度な戦闘行動は、普通の人間には\n不可能なわざであり、アカデミーでは\n攻性生物に類する人型の創造物では\nないかとする説が有力である。	이 「기승자」의 정체는 불명이지만,\n드래곤과 연계한 민첩한 반응이나\n고도의 전투 행동은,보통 인간에게는\n불가능한 재주이며,아카데미에서는\n공성생물에 속하는 인형 창조물이\n아닐까 하는 설이 유력하다.
278	ui	16	2	かつて、\n世界は、神とともにあった。\n人は、神の栄光のもとにあった。\n万象は、幸いをなすものであった。	옛날,\n세계는,신과 함께 있었다.\n인간은,신의 영광 아래에 있었다.\n만물은,축복을 이루는 것이었다.
279	ui	17	2	あなたは、あなたの血をけがしたり、\n薄めたりしてはならない。\n打ち捨てられた人と交わることも、\nいたずらに子孫を増やすことも、\nつつしまなければならない。\nなぜなら、新たなるゾアの民は、\nつねに神の手で置かれるからである。	그대는 그대의 피를 더럽히거나\n희석해서는 안 된다.\n버림받은 자와 교합하는 것도,\n함부로 자손을 늘리는 것도,\n삼가야 한다.\n왜냐하면 새로운 조아의 백성은,\n항상 신의 손으로 놓이기 때문이다.
280	ui	10	2	『塔』起動実験報告書	『탑』기동 실험 보고서
281	ui	13	2	『塔』に関する\n帝国アカデミーの実験報告書	『탑』에 관한\n제국 아카데미의 실험 보고서
282	ui	9	2	※基地の構造概念図	※기지의 구조 개념도
283	ui	16	2	HP一定率回復 標準型 <03><01>3ゲージ<03>	HP 일정률 회복 표준형 <03><01>3게이지<03>
284	ui	16	2	BP一定率回復 心技型 <03><01>3ゲージ<03>	BP 일정률 회복 심기형 <03><01>3게이지<03>
285	ui	9	2	BPがある程度回復	BP가 어느정도 회복
286	ui	13	2	153セストレンへ、塔爆破	153 세스트렌으로,탑 폭파
287	ui	11	2	128攻性生物対帝国軍	128공성생물 대 제국군
288	ui	18	2	117アゼル助けるエッジ／帝国軍登場	117아젤을 구하는 엣지／제국군 등장
289	ui	15	2	089クレイメン部下深夜の襲撃	089클레이멘 부하 심야의 습격
290	ui	14	2	024「クレイメン艦隊」の噂	024「클레이멘 함대」의 소문
291	slot	5	2	開放区の話	개방구 이야기
292	slot	4	2	酒場の話	술집 이야기
293	slot	4	2	遣跡の話	유적 이야기
294	slot	5	2	神聖区の話	신성구 이야기
295	slot	5	2	旧世紀の話	구세기 이야기
296	slot	8	2	旧世紀の記録機械	구세기의 기록 기계
297	slot	6	2	攻性生物の話	공성생물 이야기
298	slot	4	2	帝国の話	제국 이야기
299	slot	4	2	司祭の話	사제 이야기
300	slot	6	2	トビタマの話	토비타마 이야기
301	slot	8	2	グリグオリグの話	그리그오리그 이야기
302	slot	9	2	ガリル砂漠の越え方	가릴 사막을 넘는 법
303	slot	18	2	そう言わずに、考え直してもらえんかね	그러지 말고,다시 생각해줄 수 없겠나
304	slot	9	2	『絶対の客人』の話	『절대의 손님』이야기
305	slot	14	2	(体裁のいいものじゃないな)	(체면이 서는 물건은 아니군)
306	slot	10	2	(<01><01>が回復していく…)	(<01><01>이 회복되어 간다…)
307	ui	16	1	高熱の火球を発生させる <03><01>2ゲージ<03>	고열의 화구를 발생시킨다<03><01>2게이지<03>
308	ui	16	1	高周波振動の衝撃波   <03><01>2ゲージ<03>	고주파 진동의 충격파  <03><01>2게이지<03>
309	ui	16	1	高出力集中型レーザー  <03><01>2ゲージ<03>	고출력 집중형 레이저  <03><01>2게이지<03>
310	ui	16	1	高出力分散型レーザー  <03><01>2ゲージ<03>	고출력 분산형 레이저  <03><01>2게이지<03>
311	ui	18	1	香石のかけら\n持つと敵の状況をナビゲータに表示する	향석 조각\n지니면 적 상황을 내비게이터에 표시
312	ui	15	1	風網のファン\n旧世紀の材質なので高値で売れる	풍망의 팬\n구세기 재질이라 비싸게 팔린다
313	ui	8	1	音声の設定を変更	음성 설정을 변경
314	ui	14	1	雷撃兵器に使用される光学器官\n店で売れば金になる	뇌격 병기에 쓰이는 광학기관\n가게에 팔면 돈이 된다
315	ui	5	1	隊長の日記	대장의 일기
316	ui	5	1	防御力上昇	방어력 상승
317	ui	3	1	銃入手	총 입수
318	ui	16	1	追尾貫通レーザー    <03><01>2ゲージ<03>	추적관통 레이저     <03><01>2게이지<03>
319	ui	16	1	追尾貫通エネルギー波  <03><01>2ゲージ<03>	추적관통 에너지 파동  <03><01>2게이지<03>
320	ui	15	1	辺境で流布している書物\n終末に関する伝承が記されている	변경에 퍼져 있는 서적\n종말에 관한 전승이 적혀 있다
321	ui	15	1	辺境で流布している書物\n創世に関する伝承が記されている	변경에 퍼져 있는 서적\n창세에 관한 전승이 적혀 있다
322	ui	17	1	辺境では、ドラゴンが神の使いと\n崇められているが、それは根拠なき\n迷信である。\nドラゴンもまた攻性生物であり、その\n驚異的な戦闘力は、我が軍に幾多の\n被害を及ぼしている。	변경에서는 드래곤이 신의 사자로\n숭배받고 있으나,그것은 근거 없는\n미신이다.\n드래곤 역시 공성생물이며,그\n경이적인 전투력은 아군에게 수많은\n피해를 입히고 있다.
323	ui	7	1	設定を元に戻す	설정을 되돌린다
324	ui	16	1	衝撃反応エネルギー球  <03><01>2ゲージ<03>	충격반응 에너지 구체  <03><01>2게이지<03>
325	ui	5	1	終息日の書	종식일의 서
326	ui	17	1	粒子が止められない場合は、なんとか\n当たらないようにするしかない。\n特にエンジンからは、絶え間なく\n粒子が降り注いでいるので面倒だが、\nそれから身を守るための仕掛けも\nどこかにあるはずだ。	입자를 멈출 수 없다면,어떻게든\n맞지 않도록 하는 수밖에.\n특히 엔진에서는 끊임없이\n입자가 쏟아지고 있어 성가시지만,\n그로부터 몸을 지킬 장치도\n어딘가에 있을 것이다.
327	ui	3	1	竜の書	용의 서
328	ui	16	1	秘めたる潜在能力を発動 <03><01>2ゲージ<03>	숨겨진 잠재능력을 발동 <03><01>2게이지<03>
329	ui	17	1	私にとって、いや、君にとって納得の\nできる終幕を始めよう。\nアゼルと共に塔に来るがいい。\n君たちの侵入コースを開けておく。\n \n        K．F．クレイメン	나에게,아니,너에게 납득이\n가는 종막을 시작하자.\n아젤과 함께 탑으로 오도록.\n너희들의 침입 경로는 열어 두마.\n \n        K．F．클레이멘
330	ui	16	1	禁止区域中ボス戦(クレイメン艦)	금지구역 중간보스전(클레이멘함)
331	ui	13	1	禁止区域ボス戦(AD＃1)	금지구역 보스전(AD＃1)
332	ui	7	1	禁止区域クリア	금지구역 클리어
333	ui	8	1	発掘所上空進入可	발굴소 상공 진입
334	ui	7	1	生産・稼動状況	생산·가동 현황
335	ui	14	1	現在のタイプでは使用できない	현재 타입으로는 쓸 수 없다
336	ui	14	1	狩りの無事を祈るお守り\n攻性生物の外殻で作られている	사냥의 무사를 비는 부적\n공성생물 외각으로 만들어졌다
337	ui	8	1	物理攻撃構造体2	물리공격 구조체2
338	ui	8	1	物理攻撃構造体1	물리공격 구조체1
339	ui	16	1	無数の風の刃      <03><01>2ゲージ<03>	무수한 바람의 칼날   <03><01>2게이지<03>
340	ui	17	1	渓谷地帯中ボス戦(ヘビムシの巣B)	협곡지대 중보스전(뱀벌레 둥지B)
341	ui	17	1	渓谷地帯中ボス戦(ヘビムシの巣A)	협곡지대 중보스전(뱀벌레 둥지A)
342	ui	14	1	渓谷地帯ボス戦(ガケオコリ)	협곡지대 보스전(가케오코리)
343	ui	7	1	渓谷地帯クリア	협곡지대 클리어
344	ui	12	1	様々な用途で使用される油\n店で売れば金になる	여러 용도로 쓰이는 기름\n가게에 팔면 돈이 된다
345	ui	12	1	最後に戦った相手だ。\nそのおぞましい姿の中には\n確かに、ドラゴンの収まる\n座がある。\n儀の<01><01>が\nいるべき本当の場所は、\nあそこなのだろうか。	마지막으로 싸운 상대다.\n그 흉측한 모습 속에는\n분명 드래곤이 담길\n자리가 있다.\n나의 <01><01>가\n있어야 할 진짜 자리는\n그곳일까.
346	ui	9	1	旧世紀の船に関する\n帝国軍の報告書	구세기의 배에 관한\n제국군 보고서
347	ui	15	1	旧世紀の硬貨と言われているもの\n店で売ればわずかだが金になる	구세기의 경화라고 하는 것\n가게에 팔면 약간의 돈이 된다
348	ui	16	1	旧世紀に使われていた銃\nパーツを装着すれば攻撃力が上がる	구세기에 쓰이던 총\n부품을 장착하면 공격력이 오른다
349	ui	17	1	旅に出てから3日目。キャラバンから\n水と食料を分けてもらう。\n例の旧世紀の機械(みんな「フネ」と\n呼んでいるようだ。メッカニアが発掘\nしたものだという)の行方も聞いた。\nどうやら帝国との国境地帯に向かって\nいるらしい。	여행을 떠난 지 3일째.캐러밴에게\n물과 식량을 나눠 받는다.\n그 구세기 기계(다들 「배」라고\n부르는 듯하다.메카니아가 발굴\n했다고 한다)의 행방도 들었다.\n아무래도 제국과의 국경지대로\n향하는 듯.
350	ui	4	1	攻撃方向	공격 방향
351	ui	11	1	攻性生物ハヌマンの甲皮\n店で売れば金になる	공성생물 하누만의 껍질\n가게에 팔면 돈이 된다
352	ui	11	1	攻性生物ハヌマンの尻尾\n店で売れば金になる	공성생물 하누만의 꼬리\n가게에 팔면 돈이 된다
353	ui	16	1	攻性生物を召喚する   <03><01>2ゲージ<03>	공성생물을 소환한다   <03><01>2게이지<03>
354	ui	9	1	攻性生物の運動器官\n高値で売れる	공성생물의 운동기관\n비싸게 팔린다
355	ui	9	1	攻性生物の攻撃器官\n高値で売れる	공성생물의 공격기관\n비싸게 팔린다
356	ui	9	1	攻性生物の感覚器官\n高値で売れる	공성생물의 감각기관\n비싸게 팔린다
357	ui	16	1	打ち捨てられぬ人の手によって\nけがれなき世界が創造された日が\n原初日のよみがえりとなる。\n神は再び世界の上に立ち、\n栄光と幸いを世界にもたらす。\nそれは、終わりのない一日であり、\n我らに約された救済である。	버림받지 않은 인간의 손에 의해\n더러움 없는 세계가 창조된 날이\n태초일의 재현이 된다.\n신은 다시 세계 위에 서서,\n영광과 축복을 세계에 가져온다.\n그것은,끝없는 하루이며,\n우리에게 약속된 구원이다.
358	ui	6	1	戦闘時操作系	전투시 조작계
359	ui	16	1	強力な追尾貫通レーザー <03><01>2ゲージ<03>	강력한 추적관통 레이저 <03><01>2게이지<03>
360	ui	15	1	帝国軍空中艦隊ボス戦(ソーマ)	제국군 공중함대 보스전(소마)
361	ui	16	1	天地を切り裂く電撃   <03><01>2ゲージ<03>	천지를 가르는 전격   <03><01>2게이지<03>
362	ui	16	1	天から降り注ぐ光の柱  <03><01>2ゲージ<03>	하늘에서 쏟아지는 빛기둥<03><01>2게이지<03>
363	ui	16	1	大気を焦がす大火球   <03><01>2ゲージ<03>	대기를 태우는 대화구  <03><01>2게이지<03>
364	ui	8	1	大広間への鍵入手	대회당 열쇠 입수
365	ui	16	1	多数の風の刃      <03><01>2ゲージ<03>	다수의 바람 칼날    <03><01>2게이지<03>
366	ui	16	1	売却できるアイテムのリストを表示	팔 수 있는 아이템 목록을 표시
367	ui	5	1	塔の総入手	탑 총 입수
368	ui	4	1	塔の機能	탑의 기능
369	ui	7	1	塔2中ボス戦B	탑2 중보스전B
370	ui	7	1	塔2中ボス戦A	탑2 중보스전A
371	ui	5	1	塔2クリア	탑2 클리어
372	ui	5	1	塔1クリア	탑1 클리어
373	ui	4	1	地図入手	지도 입수
374	ui	15	1	各種兵器の装甲に使用される甲皮\n店で売れば金になる	각종 병기 장갑에 쓰이는 껍질\n가게에 팔면 돈이 된다
375	ui	5	1	原初日の書	태초일의 서
376	ui	9	1	動力装置の停止方法	동력장치 정지 방법
377	ui	16	1	出力が不安定なレーザー <03><01>2ゲージ<03>	출력이 불안정한 레이저 <03><01>2게이지<03>
378	ui	16	1	全ステータス異常を治す <03><01>1ゲージ<03>	모든 상태이상을 치료한다<03><01>1게이지<03>
379	ui	4	1	光の粒子	빛의 입자
380	ui	17	1	今日のゆうがた やっとやつからの\nれんらくがとどいた。\nどうやら ていこくアカデミーは\nすごくあたまのいいやつしか \n入れないところらしい。\nやつは がっこうに入るほうが さき\nだろうといっていた。	오늘 저녁,드디어 그 애한테서\n연락이 왔다.\n아무래도 제국 아카데미는\n엄청 머리 좋은 애만\n들어갈 수 있는 곳인가 보다.\n그 애는 학교에 들어가는 게 먼저\n일 거라고 했다.
381	ui	4	1	ラギ牧場	라기 목장
382	ui	9	1	メル=カヴァ進入可	멜=카바 진입 가능
383	ui	10	1	メル=カヴァ中ボス戦	멜=카바 중간 보스전
384	ui	8	1	ペイン状態を治す	페인 상태를 치료
385	ui	15	1	パエットに頼まれて入手した部品\n実際はただのガラクタだった	파에트의 부탁으로 입수한 부품\n실제로는 그냥 고철이었다
386	ui	15	1	ドローン自律構造体に関する記録	드론 자율 구조체에 관한 기록
387	ui	10	1	ドラゴン移動時操作系	드래곤 이동시 조작계
388	ui	13	1	ドラゴンは、\n人のほかに神が創造した\nただひとつのものであり、\n争いのけがれを受けなかった\nただひとつのものであり、\n神が打ち捨てなかった\nただひとつのものである。	드래곤은,\n인간 외에 신이 창조한\n유일한 존재이며,\n다툼의 더러움을 받지 않은\n유일한 존재이며,\n신이 저버리지 않은\n유일한 존재이다.
389	ui	14	1	ゾアの街の正規住人区画\n「神聖区」に入るための通行証	조아 마을 정규 주민 구획\n「신성구」에 들어가는 통행증
390	ui	13	1	ゾアの街に伝わる書物\n街の掟について記されている	조아 마을에 전해지는 서적\n마을의 규율이 적혀 있다
391	ui	15	1	ゾアの森中ボス戦(マサーンH)	조아의 숲 중간보스전(마산H)
392	ui	15	1	ゾアの森中ボス戦(マサーンG)	조아의 숲 중간보스전(마산G)
393	ui	15	1	ゾアの森中ボス戦(マサーンF)	조아의 숲 중간보스전(마산F)
394	ui	15	1	ゾアの森中ボス戦(マサーンE)	조아의 숲 중간보스전(마산E)
395	ui	15	1	ゾアの森中ボス戦(マサーンD)	조아의 숲 중간보스전(마산D)
396	ui	15	1	ゾアの森中ボス戦(マサーンC)	조아의 숲 중간보스전(마산C)
397	ui	15	1	ゾアの森中ボス戦(マサーンB)	조아의 숲 중간보스전(마산B)
398	ui	15	1	ゾアの森中ボス戦(マサーンA)	조아의 숲 중간보스전(마산A)
399	ui	10	1	ゾアの森中ボスH弱り	조아숲 중보스H 약화
400	ui	10	1	ゾアの森中ボスG弱り	조아숲 중보스G 약화
401	ui	10	1	ゾアの森中ボスF弱り	조아숲 중보스F 약화
402	ui	10	1	ゾアの森中ボスE弱り	조아숲 중보스E 약화
403	ui	10	1	ゾアの森中ボスD弱り	조아숲 중보스D 약화
404	ui	10	1	ゾアの森中ボスC弱り	조아숲 중보스C 약화
405	ui	10	1	ゾアの森中ボスB弱り	조아숲 중보스B 약화
406	ui	10	1	ゾアの森中ボスA弱り	조아숲 중보스A 약화
407	ui	4	1	ゾアの書	조아의 서
408	ui	17	1	セストレンとは、旧世紀の管理意志の\n座であり、空間断層によって隠された\n絶対不可侵の遣跡であり、すべての\n塔の制御を行う場である。	세스트렌이란,구세기 관리 의지의\n자리이며,공간 단층에 의해 감춰진\n절대 불가침의 유적이며,모든\n탑의 제어를 행하는 곳이다.
409	ui	8	1	スロウ状態を治す	슬로우 상태 치료
410	ui	8	1	スタン状態を治す	스턴 상태를 치료
411	ui	17	1	ジグが熱を出した。お産が近いので\nつきっきりで世話をする。こいつを\n死なせてしまったら、ひどく叱られる\nことになるだろう。\n結局みんなは、腕のいい世話係が\n欲しいだけで、それが儀である必要は\nないのかもしれない。	지그가 열이 났다.출산이 가까워서\n곁에 붙어 돌본다.얘를\n죽게 만들면 크게 혼나게\n될 것이다.\n결국 다들 솜씨 좋은 사육사가\n필요할 뿐,그게 꼭 나여야 할\n필요는 없는지도 모른다.
412	ui	8	1	シーカーへの対処	시커에 대한 대처
413	ui	12	1	ザアルの実\n貴重品なので高値で売れる	자알 열매\n귀중품이라 비싸게 팔린다
414	ui	16	1	ゲージ速度上昇 機動型 <03><01>3ゲージ<03>	게이지 속도상승 기동형 <03><01>3게이지<03>
415	ui	8	1	ゲージが足りない	게이지가 부족하다
416	ui	10	1	ゲオルギウス3クリア	게오르기우스3 클리어
417	ui	17	1	ゲオルギウス2中ボス戦(ヴァルナ)	게오르기우스2 중간보스전(바루나)
418	ui	14	1	ゲオルギウス2ボス戦(GD)	게오르기우스2 보스전(GD)
419	ui	10	1	ゲオルギウス2クリア	게오르기우스2 클리어
420	ui	13	1	クールマ型前線基地警備心得	쿨마형 전선기지 경비 수칙
421	ui	12	1	キャンプ(砂漠B)進入可	캠프(사막B) 진입 가능
422	ui	12	1	キャンプ(砂漠A)進入可	캠프(사막A) 진입 가능
423	ui	12	1	キャンプ(発掘所)進入可	캠프(발굴지) 진입 가능
424	ui	11	1	キャンプ(平原)進入可	캠프(평원) 진입 가능
425	ui	15	1	キャンプ(シーカーの里)進入可	캠프(시커의 마을) 진입 가능
426	ui	13	1	キャラバン(砂漠B)進入可	캐러밴(사막B) 진입 가능
427	ui	13	1	キャラバン(砂漠A)進入可	캐러밴(사막A) 진입 가능
428	ui	13	1	キャラバン(平原B)進入可	캐러밴(평원B) 진입 가능
429	ui	13	1	キャラバン(平原A)進入可	캐러밴(평원A) 진입 가능
430	ui	8	1	ガリル砂漠クリア	갈릴 사막 클리어
431	ui	9	1	カイナスの村進入可	카이나스 마을 진입
432	ui	14	1	エレベーターのロックを外す鍵	엘리베이터 잠금을 푸는 열쇠
433	ui	18	1	ウル地下遣跡ボス戦(ダイオウビレイ)	울 지하 유적 보스전(다이오비레이)
434	ui	13	1	ウル地下ザコ戦(攻性生物)	울 지하 잡몹전(공성생물)
435	ui	12	1	ウル北方の塔に関する記録	울 북방 탑에 관한 기록
436	ui	13	1	ウル中ボス戦(ヌリシンハ)	울 중간 보스전(누리심하)
437	ui	8	1	まだ覚えていない	아직 익히지 않음
438	ui	17	1	ただ、こいつには、普通に戦っても\n勝てないような秘密があるらしいから\n注意が必要だ。\n「番人」に出くわしたら、その近くを\nよく調べてみてくれ。なにか特別な\n設備があるかもしれない。	다만,이 녀석에게는,그냥 싸워서는\n이길 수 없는 비밀이 있는 듯하니\n주의가 필요하다.\n'파수꾼'과 마주치면,그 근처를\n잘 조사해 봐라.뭔가 특별한\n설비가 있을지도 모른다.
439	ui	10	1	これ以上かけられない	더 이상 걸 수 없다
440	ui	17	1	この俺が ガラにもなくこんな日記\nなんかつけはじめたのは やはり\nあいつのためかもしれない。\nおもえば 親がわりだなどと\n□はばったいことも、何度も言ったが\nこれといって おやらしいことは\nいままで なにもしてやれなかった。	내가 어울리지 않게 이런 일기\n같은 걸 쓰기 시작한 것도 역시\n그 녀석 때문일지도 모른다.\n생각해보면 부모 대신이라며\n낯간지러운 소리도 여러 번 했지만\n딱히 부모다운 일은\n지금까지 아무것도 해준 게 없다.
441	ui	12	1	こいつとは、ウルで再び\n戦うことになったが、この\n時も決着をつけることは\nできなかった。\n出会うたびに、新しい力を\n身につけているようだ。	이 녀석과는,울에서 다시\n싸우게 되었지만,이\n때도 결판을 낼 수는\n없었다.\n만날 때마다,새로운 힘을\n익히고 있는 듯.
442	ui	17	1	いまだによみ書きがまともにできない\nおれとちがってエッジはあたまもいい\nなんとかして 帝国のがっこうに\nいれてやりたいとおもう。\n\nへんきょうの よう兵などまっとうな\nにんげんのするしごとじゃない。	아직도 읽고 쓰기를 제대로 못하는\n나와 달리 엣지는 머리도 좋다\n어떻게든 제국 학교에\n넣어주고 싶다고 생각한다.\n\n변경의 용병 같은 건 제대로 된\n사람이 할 일이 아니다.
443	ui	17	1	あのデッカイふうしゃのおかげで\nこうせい生物もほとんど\nよりつかない。\nここはおもったよりも らくなしごと\nだったかもしれない。	그 커다란 풍차 덕분에\n공성 생물도 거의\n다가오지 않는다.\n여긴 생각보다도 편한 일이었을지도\n모른다.
444	ui	5	1	『塔』の総	『탑』의 총
445	ui	10	1	『塔』の機能に関する\nシーカーの研究書	『탑』의 기능에 관한\n시커의 연구서
446	ui	12	1	『塔』の中部層を守って\nいたガーディアン。2体が\n一緒になって襲ってきた。\nというより、2体まとめて\nひとつの個体だったのかも\nしれない。	『탑』의 중간층을 지키고\n있던 가디언.두 마리가\n함께 덤벼들었다.\n라기보다,두 마리를 합쳐\n하나의 개체였는지도\n모른다.
447	ui	15	1	『塔』と呼ばれる遣跡の総\n旧世紀の記録機械で描かれたもの	『탑』이라 불리는 유적의 그림\n구세기 기록기계로 그려진 것
448	ui	16	1	HPを完全に回復する  <03><01>1ゲージ<03>	HP를 완전 회복한다  <03><01>1게이지<03>
449	ui	16	1	HPを大きく回復する  <03><01>1ゲージ<03>	HP를 크게 회복한다  <03><01>1게이지<03>
450	ui	6	1	HPは最大値	HP는 최대치
451	ui	6	1	BPは最大値	BP는 최대치
452	ui	7	1	BPが足りない	BP가 부족하다
453	ui	11	1	159ドラゴンとの別れ	159 드래곤과의 이별
454	ui	12	1	155＿5戦闘ムービー5	155_5 전투 무비 5
455	ui	12	1	155＿4戦闘ムービー4	155_4 전투 무비 4
456	ui	12	1	155＿3戦闘ムービー3	155_3 전투 무비 3
457	ui	12	1	155＿2戦闘ムービー2	155_2 전투 무비 2
458	ui	12	1	155＿1戦闘ムービー1	155_1 전투 무비 1
459	ui	8	1	137帝国軍襲来	137제국군 습래
460	ui	17	1	127アゼルの覚醒／クレイメンの死	127아젤의 각성／클레이멘의 죽음
461	ui	15	1	121クレイメン艦登場(後半)	121클레이멘 함 등장(후반)
462	ui	15	1	120クレイメン艦登場(前半)	120클레이멘 함 등장(전반)
463	ui	6	1	118街消滅	118거리소멸
464	ui	11	1	090遣産の見せたもの	090유산이 보여준 것
465	ui	10	1	072パエットと空へ	072파에트와 하늘로
466	ui	11	1	067エレベーター乗る	067엘리베이터를 타다
467	ui	8	1	059ウル地下へ	059우르 지하로
468	ui	9	1	053透視版の映像	053투시판의 영상
469	ui	9	1	041帝国軍の尋問	041제국군의 심문
470	ui	18	1	016ドラゴン伝承をガッシュから聞く	016가슈에게서 드래곤 전승을 듣다
471	ui	8	1	008隊長の遣言	008대장의 유언
472	slot	14	1	関係ないよ…儀はただの人間だ	상관없어…나는 그저 인간이다
473	slot	5	1	話をやめる	이야기 그만
474	slot	7	1	生体兵器実験棟	생체병기 실험동
475	slot	9	1	攻性生物の体の一部	공성생물의 몸 일부
476	slot	12	1	悪いようにはしやしないさ	나쁘게는 하지 않을 거야
477	slot	7	1	塔 下部格納層	탑 하부 격납층
478	slot	7	1	塔 上部格納層	탑 상부 격납층
479	slot	11	1	塔 9階 回転通路西□	탑 9층 회전통로 서□
480	slot	11	1	塔 9階 回転通路東□	탑 9층 회전통로 동□
481	slot	11	1	塔 9階 回転通路北□	탑 9층 회전통로 북□
482	slot	11	1	塔 8階 回転通路西□	탑 8층 회전통로 서□
483	slot	11	1	塔 8階 回転通路東□	탑 8층 회전통로 동□
484	slot	11	1	塔 8階 回転通路北□	탑 8층 회전통로 북□
485	slot	4	1	地下4階	지하 4층
486	slot	6	1	地下3階 西	지하 3층 서
487	slot	6	1	地下3階 東	지하 3층 동
488	slot	4	1	地下1階	지하 1층
489	slot	9	1	ワームの抜け穴の話	웜의 개구멍 이야기
490	slot	6	1	ドラゴンの話	드래곤 이야기
491	slot	7	1	セストレンの話	세스트렌 이야기
492	slot	11	1	シャプリの安全方向は？	샤플리의 안전 방향은?
493	slot	7	1	クレイメンの話	클레이멘 이야기
494	slot	11	1	エレベーター：地下5階	엘리베이터: 지하 5층
495	slot	4	1	ウルの話	울 이야기
496	slot	5	1	アゼルの話	아젤 이야기
497	slot	4	1	をぬりか	다시 칠하
498	slot	3	1	をぬり	다시 칠
499	slot	13	1	やっぱりだめだよ…悪いけど	역시 안 되겠어…미안하지만
500	slot	16	1	いや、いいんだ、人違いだったから	아니,됐어,사람을 잘못 봤으니까
501	slot	10	1	(簡素な吊り床だ…)	(소박한 해먹이다…)
