file	offset	len	text
1ST_READ	001802	11	ヲゥァェィ
1ST_READ	020D7C	9	ヲァィゥ
1ST_READ	03D68F	15	 はい いいえ
BTL_A3	0531B0	9	シャプリ
BTL_A3	057298	9	とととと
BTL_A3_2	057BE8	9	とととと
BTL_A5	05F478	9	とととと
BTL_A5_2	05F8DC	9	とととと
BTL_A5_3	0527DC	9	とととと
BTL_A7	058C18	9	とととと
BTL_A7_2	053950	9	とととと
BTL_B2	05329C	9	とととと
BTL_B5	05A0D4	9	とととと
BTL_B5_2	058C10	11	ヌリシンハ
BTL_B5_2	05E298	9	とととと
BTL_B5_3	050D4C	13	トゥプナック
BTL_B5_3	0580BC	9	とととと
BTL_B6	060B88	9	とととと
BTL_B6_2	055E0C	9	とととと
BTL_C2	05DE0C	9	とととと
BTL_C2_2	057E58	9	とととと
BTL_C2_2	05AA68	9	とととと
BTL_C4	058C80	9	とととと
BTL_C5	0554BC	9	とととと
BTL_C5_2	053164	9	とととと
BTL_C5_2	053F72	27	セメザがばG％
BTL_C8	0521C0	9	とととと
BTL_C8_2	052944	9	とととと
BTL_D2	056830	9	とととと
BTL_D2_2	0542FC	9	とととと
BTL_D4	0531FC	9	とととと
BTL_D5	0672AC	9	とととと
BTL_T0	0597AC	9	とととと
BTL_X0	06612C	9	とととと
COMMON	008A4E	9	ドラゴン
COMMON	00FD20	181	あいうえおかきくけこさしすせそたちつてとなにぬねのはひふへほまみむめもや ゆ よらりるれろわ を んぁぃぅぇぉっゃゅょ がぎぐげござじずぜぞだぢづでどばびぶべぼぱぴぷぺぽ・ー   
COMMON	00FDD5	181	アイウエオカキクケコサシスセソタチツテトナニヌネノハヒフヘホマミムメモヤ ユ ヨラリルレロワ ヲ ンァィゥェォッャュョ ガギグゲゴザジズゼゾダヂヅデドバビブベボパピプペポヴ・ー  
FLD_A7	006A41	29	(め、目が回ってしまう！！)
FLD_B5	009025	35	(…あの遣跡からのメッセージだ…)
FLD_C2	00AB39	31	引き続き第1種警戒態勢を維持！
FLD_C2	00AB63	31	引き続き第1種警戒態勢を維持！
FLD_C4	0159AD	31	(本物はこんなに大きいのか！)
FLD_C4	0440B2	43	ョコニメヴコメヴコメヴ
FLD_C8	054852	27	6けなむを「ョ
FLD_C8	054872	35	コニメヴゾビぜばょ
FLD_D5	002CE8	29	少年、エッジの心に宿りし者よ
FLD_D5	002D05	27	おまえの本当の名前を示せ…
FLD_D5	002D26	17	で間違いないか？
FLD_D5	002D37	11	間違いない
FLD_D5	002D42	9	いや違う
MENUEN	0029A8	17	クルル(上位体)
MENUEN	0029B9	152	渓谷地帯で戦った。体力を回復する力を持つ厄介な敵だ。仲間の体力も回復してしまうので、群れの中にこいつがいる時は、狙いをつけて先に倒した方がいい。
MENUEN	002AC4	9	メラコラ
MENUEN	002ACD	176	渓谷地帯で戦った。こちらを追うようにして向きを変えてくるが、回り込んで危険方向をさければ無傷で倒せる相手だ。ただし、複数いる場合は、それぞれの向きに注意する必要がある。
MENUEN	002BF4	9	トラコラ
MENUEN	002BFD	191	渓谷地帯で戦った。メラコラとの違いは、頭の飾りと特殊攻撃だ。たくさんの針を集中して撃ってくるので危険だが、前に回り込んで、針を出す□を攻撃すれば、大きなダメージを与えることができる。
MENUEN	002D3C	9	シャプリ
MENUEN	002D45	180	渓谷地帯で戦った。2匹が一緒に行動していることが多い。後ろに回り込めば安全だが動きがすばやいのでかなり難しい。逆に回り込まれて大アゴに襲われないように気をつける必要がある。
MENUEN	002E78	13	シャプリの巣
MENUEN	002E85	159	渓谷地帯で戦った。発掘所のどこかにいると噂されていた奴だ。確実に弱点を狙っていかないと、長期戦になるだろう。シャプリの幼体が際限なく出てくるのも厄介だ。
MENUEN	0030F3	211	ガリル砂漠で戦った。常に群れで行動している。こういう奴らは群れ全体が1匹の生物だと考えた方がいい。1体倒したところでその攻撃力はほとんど弱まらない。群れを率いている個体を倒すのが、一番確実な方法だろう。
MENUEN	003244	17	トゥプ(上位体)
MENUEN	003255	148	トゥプの群れを率いているリーダー。どうやら、この種の攻性生物は、リーダーだけが意志を持っているようだ。それを利用すれば群れは簡単に追い払える。
MENUEN	003368	11	アシュティ
MENUEN	003373	128	ガリル砂漠で戦った。こいつのように角のないアシュティは、攻撃をされない方向に回り込み、すきを見て攻めていれば簡単に倒せる。
MENUEN	00346C	21	アシュティ(上位体)
MENUEN	003481	182	アシュティのリーダー。角の有無で見分けがつく。こいつの吐くしびれ液をくらうと、動きがとれなくなってしまう。群れの中にこいつがいたら真っ先に倒しておかないと痛い目にあうだろう。
MENUEN	003537	9	しびれ液
MENUEN	0035B0	9	セチュラ
MENUEN	0035B9	176	ガリル砂漠で戦った。岩のふりをしていて、敵が近寄った時に襲ってくる。背中が弱点。ダメージを受けると、その方向に向き直って攻撃してくることがあるので、気をつけた方がいい。
MENUEN	0036DC	9	プーキオ
MENUEN	0036E5	161	ガリル砂漠で戦った。トゥプを招き寄せる性質があるらしい。また、攻撃を受けると即座にその方向に反撃してくる。ただし、後ろに反撃することだけはできないようだ。
MENUEN	003800	9	ワムシシ
MENUEN	003809	167	ガリル砂漠で戦った。小型の攻性生物で、狩りの獲物としては手ごろだ。装甲が厚いわりにすばやくダメージを与えにくいが、攻撃は単調なので、とくに手ごわい相手ではない。
MENUEN	00393D	164	ウルで戦った。めったに出会うことのない珍しい敵だ。おまけに、一度攻撃すると、すぐに逃げてしまう。こういう相手は、出会いがしらにバーサーク技で攻撃するに限る。
MENUEN	003BA0	9	ハイシュ
MENUEN	003BA9	203	ガリル砂漠の地下の空洞で戦った。光の粉をまき散らしながら飛ぶ姿は美しいが、それに見とれていては、命がいくつあっても足りない。その光が、さらに恐ろしい巨大攻性生物・ハイガを呼び寄せているのだから。
MENUEN	003CE4	15	ハイガ(幼生)
MENUEN	003CF3	180	姿も大きさも全然違うが、ハイシュとハイガは、同じ種のオスとメスにあたる。この時のハイガはほとんど攻撃力を持たないが、オスであるハイシュを食うことで、機動形態へと姿を変える。
MENUEN	003E37	120	この形態のハイガは動きがとても速かったが、そのせいか後方が死角になっていた。攻撃力は、それほど高くなかったようだ。
MENUEN	004040	19	ハイガ(完全形態)
MENUEN	004053	125	攻撃力や防御力、さらにすばやさも上がった最後の形態。こいつを倒すと同時にも変形能力を手に入れた。単なる偶然だろうか？
MENUEN	004150	13	トゥプナック
MENUEN	00415D	174	ウルで戦った。砂漠に住んでいるトゥプが水辺の環境に合わせて変化したものだ。攻撃方法や生態は、ほとんど同じといっていいだろう。ただし、トゥプよりは多少打たれ強いようだ。
MENUEN	004288	23	トゥプナック(上位体)
MENUEN	00429F	111	ウルで戦った。砂漠に住んでいるトゥプが水辺の環境に合わせて変化したものだ。リーダーの役目もほぼ一緒らしい。
MENUEN	00438C	11	ミシュティ
MENUEN	004397	178	ウルで戦った。砂漠に住むアシュティが、水辺の環境に合わせて変化したものだ。攻撃方法や生態は、ほとんど同じといっていいだろう。ただし、アシュティよりは多少打たれ強いようだ。
MENUEN	0044C0	21	ミシュティ(上位体)
MENUEN	0044D5	164	ウルで戦った。砂漠に住むアシュティが、水辺の環境に合わせて変化したものだ。攻撃方法や生態は、ほとんど同じといっていいだろう。リーダーの役目もほぼ一緒らしい。
MENUEN	004579	9	しびれ液
MENUEN	0045FD	167	ウルの地下遣跡で戦った。攻性生物タルメランの卵。ふ化すると厄介なので、その前に倒しておきたい。銃弾のエネルギーを吸収してしまうので、攻撃する時には注意が必要だ。
MENUEN	00471D	165	ウルの地下遣跡で戦った。攻性生物デルメランの卵。ふ化すると厄介なので、その前に倒しておきたい。光のエネルギーを吸収してしまうので、攻撃する時には注意が必要だ。
MENUEN	004834	11	タルメラン
MENUEN	00483F	142	ウルの地下遣跡で戦った。ふ化したタルメランは、短時間でタルバーニへと羽化する。同時に攻撃力も上がってしまうので、その前に倒しておきたい。
MENUEN	0048CD	11	かじりつき
MENUEN	004948	11	デルメラン
MENUEN	004953	172	ウルの地下遣跡で戦った。ふ化したデルメランは、短時間でデルバーニへと羽化する。また、仲間の成長を早める能力もあるので、群れで現れた時には、先に倒しておいた方がいい。
MENUEN	0049FF	11	かじりつき
MENUEN	004A7C	11	タルバーニ
MENUEN	004A87	142	ウルの地下遣跡で戦った。ふ化したタルメランは、短時間でタルバーニへと羽化する。同時に攻撃力も上がってしまうので、その前に倒しておきたい。
MENUEN	004B15	11	かじりつき
MENUEN	004B90	11	デルバーニ
MENUEN	004B9B	172	ウルの地下遣跡で戦った。ふ化したデルメランは、短時間でデルバーニへと羽化する。また、仲間の成長を早める能力もあるので、群れで現れた時には、先に倒しておいた方がいい。
MENUEN	004C47	11	かじりつき
MENUEN	004CC4	9	ナウパダ
MENUEN	004CCD	123	ウルの地下遣跡で戦った。周囲にいる仲間が傷つくとダメージを回復させる。たまに粘着液を吐き出して自ら攻撃することもある。
MENUEN	004DC0	17	カンヘルドラゴン
MENUEN	004DD1	113	ウルで戦った。ドラゴンに似た姿なのでこう呼ばれているが、力は遠く及ばない。最近は数もかなり減っているようだ。
MENUEN	004ECC	11	タム・プロ
MENUEN	004ED7	138	ウルの地下遣跡で戦った。攻撃された時だけ反撃する珍しい攻性生物。銃で撃つと上を向く。この状態なら、反撃されてもこちらには当たらない。
MENUEN	004FD8	17	タム・リッサ＆巣
MENUEN	004FE9	159	どうやら、こいつがタム・プロを産んでいたようだ。武器が届かない頭上から攻撃してくるので面食らったが、攻め方がわかってしまえば、どうということはなかった。
MENUEN	005258	15	タム・バクプロ
MENUEN	005267	136	ウルの地下遣跡で戦った。攻撃された時だけ反撃する珍しい攻性生物。こいつは他のタム・プロと違い、爆発する卵のようなものを持っている。
MENUEN	00536C	11	ヴェロクス
MENUEN	005377	169	禁止区域近辺で出会う。編隊を組んで飛ぶ姿は、帝国軍の戦闘機のようだ。後方への攻撃ができないかわりに、レーザーを回避する能力がある。それさえ何とかすれば楽に倒せる。
MENUEN	005420	9	レーザー
MENUEN	005429	17	レーザーストーム
MENUEN	0054AC	21	ヴェロクス(中軸体)
MENUEN	0054C1	113	禁止区域近辺で戦った。編隊を組んで飛ぶ姿は、帝国軍の戦闘機のようだ。角の長いやつが、指揮をとっているらしい。
MENUEN	005532	9	レーザー
MENUEN	00553B	17	レーザーストーム
MENUEN	0055BC	11	ヴェロキタ
MENUEN	0055C7	126	禁止区域近辺で戦った。水に潜っている間は攻撃を受けつけない。短い光の矢を放つ攻撃が危険だが、よく見ればその前兆がわかる。
MENUEN	00564C	11	レイガスト
MENUEN	0056C8	21	ヴェロキタ(中軸体)
MENUEN	0056DD	159	禁止区域近辺で戦った。水に潜っている間は攻撃を受けつけない。ヴェロクスと同じように、他と姿が違うやつが群れに混じっている。これも、指揮をとる個体だろう。
MENUEN	005783	11	レイガスト
MENUEN	005807	149	ゲオルギウスで出会う竜巻のまわりに浮いている岩の近くにいる。こいつの攻撃は、岩の向こうからでも当たるので常に視界に入れながら戦わないと不利だ。
MENUEN	00589C	17	ロックヴァイパー
MENUEN	005DE7	188	メル=カヴァで戦った。これまでに出会った、どの攻性生物よりもすばやい。後方が弱点だが、なかなか狙い撃つことができない。相手の動きを追うよりも、敵が前に来る一瞬を狙う方がいいだろう。
MENUEN	005EA3	9	レーザー
MENUEN	005F1C	13	量産ドラゴン
MENUEN	005F29	159	ゾアの森で戦った。これは帝国アカデミーでの呼び名だ。昔、ドラゴンが帝都に現れた時、大量に目撃されたらしい。こいつも、旧世紀生まれの血統書つきなのだろう。
MENUEN	006053	173	必ず、ウンブラとともに行動している。それぞれ、左右と前後に対する攻撃を無効化する力があるうえ、こちらに反応して動くのが厄介だ。効率よく倒すには少し頭を使う必要がある。
MENUEN	006188	9	ウンブラ
MENUEN	006191	171	必ず、フォスとともに行動している。それぞれ、左右と前後に対する攻撃を無効化する力があるうえ、こちらに反応して動くのが厄介だ。効率よく倒すには少し頭を使う必要がある。
MENUEN	0062C4	15	光子砲バリスタ
MENUEN	0062D3	190	メル=カヴァの船底に格納されている砲台。3方向へ攻撃をしてくるうえ、強力なバリアで守られているので、こちらの攻撃が届かない。バリアを何とかしない限り、正面から戦うのは、かなり危険だ。
MENUEN	006408	9	アルスロ
MENUEN	006411	136	メル=カヴァの内部通路を守っている。正面に強力な光の矢を撃ってくるが、通路いっぱいに広がっているので、左右によけることができない。
MENUEN	006943	174	『塔』の中で戦った。侵入者を阻むしかけが作動すると襲ってくる、下級ガーディアン。強力な攻撃を一度だけ行って、すぐに逃げ出してしまう。体力が残り少ない時には危険な敵だ。
MENUEN	006A6C	23	ハヌマン＆強襲艦ハオト
MENUEN	006A83	122	ゾアの森で戦った。塔から攻めてきた群れの中にいた攻性生物。上に乗っているやつは、森林で戦うために生み出されたらしい。
MENUEN	006B84	23	ハヌマン＆強襲艦クオパ
MENUEN	006B9B	128	ゾアの森で戦った。塔から攻めてきた群れの中にいた攻性生物。下にぶら下がっているやつは、森林で戦うために生み出されたらしい。
MENUEN	006CA0	9	マサーン
MENUEN	006CA9	136	塔から生まれ出た純血種がゾアの森に根づいたもの。森の上空に出ている部分を攻撃しても、力の源である根が活動している限り効きめがない。
MENUEN	006D31	9	つむじ風
MENUEN	006F1F	159	『塔』の中で戦った。侵入者を阻むしかけが作動すると襲ってくる、下級ガーディアン。正面に放つ光の矢をさけるために移動すると、それに反応して直接攻撃を行う。
MENUEN	006FBE	15	シャドウフレア
MENUEN	00718F	124	『塔』の下部格納層を守っていたガーディアン。塔のあちこちに配置された下級ガーディアンの上位種として生み出されたらしい。
MENUEN	007210	17	ステータスクリア
MENUEN	00729C	21	アンチベースウィング
MENUEN	0072B1	127	セストレンで戦った。なぜ、と同じ姿なんだ？ 旧世紀の意志を守る敵の、真の姿がこれだというのか？だとすれば、儀のは…？
MENUEN	007330	9	レーザー
MENUEN	0073AC	25	アンチバリアントウィング
MENUEN	0073C5	127	セストレンで戦った。なぜ、と同じ姿なんだ？ 旧世紀の意志を守る敵の、真の姿がこれだというのか？だとすれば、儀のは…？
MENUEN	007444	9	レーザー
MENUEN	0074C0	25	アンチストライプウィング
MENUEN	0074D9	127	セストレンで戦った。なぜ、と同じ姿なんだ？ 旧世紀の意志を守る敵の、真の姿がこれだというのか？だとすれば、儀のは…？
MENUEN	007558	9	レーザー
MENUEN	0075D4	25	アンチパンツァーウィング
MENUEN	0075ED	127	セストレンで戦った。なぜ、と同じ姿なんだ？ 旧世紀の意志を守る敵の、真の姿がこれだというのか？だとすれば、儀のは…？
MENUEN	00766C	9	レーザー
MENUEN	007675	13	ザムクレート
MENUEN	007844	11	セストレン
MENUEN	00784F	135	最後に戦った相手だ。そのおぞましい姿の中には確かに、ドラゴンの収まる座がある。儀のがいるべき本当の場所は、あそこなのだろうか。
MENUEN	007A90	23	セストレン・エクスシス
MENUEN	007AA7	135	最後に戦った相手だ。そのおぞましい姿の中には確かに、ドラゴンの収まる座がある。儀のがいるべき本当の場所は、あそこなのだろうか。
MENUEN	007BCB	197	帝国軍の中でも、特殊な任務につく部隊が使用する船だ。3方向に攻撃できる6連装誘導爆雷を積んでいる。爆雷点火から発射までには時間がかかるので、その間に爆雷を撃ち落とせば痛い目にあわずにすむ。
MENUEN	007E58	15	戦闘機ジンコウ
MENUEN	007E67	195	帝国軍の空中騎兵連隊が使っている戦闘機。運動性と引きかえに装甲が薄くなっていて、攻撃を受ければ、あっという間に墜落してしまう。しかし、腕のいい操縦士が扱えば、光の矢をかわすこともできる。
MENUEN	007F2A	17	ツァスタバターン
MENUEN	007FB8	17	火炎噴射艇アナラ
MENUEN	007FC9	144	旧式艦を改良したもの。エンジンの出力が弱く、火炎噴射砲しか積むことができなかったらしいが、装甲には、最近発掘された素材を使っているようだ。
MENUEN	0080D4	17	駆逐艦ヴァジュラ
MENUEN	0080E5	222	クレイメン艦隊で使われている、対攻性生物用の戦闘艦。軽量で小回りがきくだけでなく、兵装も大型の攻性生物を意識したものになっている。神経弾には毒矢のような効果があり、重散弾砲はどんな攻性生物の殻も破る破壊力を持つ。
MENUEN	00824C	23	ツァスタバ専用機ソーマ
MENUEN	008263	135	クレイメンの部下のツァスタバが乗っていた戦闘機。機体の運動性を最大限に発揮して襲ってきたが、本気で儀らを殺す気はなかったらしい。
MENUEN	0082EA	17	ツァスタバダイブ
MENUEN	00836C	25	空中戦艦ヴァルナ・輸送型
MENUEN	008385	115	帝国軍の主力空中戦艦。今までに100隻以上も建造されているらしい。これは輸送型で、武装の一部を取り外してある。
MENUEN	008478	19	夜間哨戒艇ドルヴァ
MENUEN	00848B	130	帝国の基地のあちこちで見かける機体。武装がないぶん動きが早く攻撃が当たりにくいうえ、こちらを発見すると援軍を呼ぶ厄介な敵だ。
MENUEN	008580	15	重迎撃機ゲラキ
MENUEN	00858F	158	帝国の基地を守っている機体。爆雷を積んでいるが、前方にしか撃つことができないらしい。ただし見かけのわりにすばやく、油断していると後ろをとられてしまう。
MENUEN	0086AC	15	移動砲台ハンサ
MENUEN	0086BB	132	帝国の基地の防衛線近くで戦った。大きな砲身が狙いをつけてくるが、砲台の旋回が遅いので、こちらが動き続けていれば、まず大丈夫だ。
MENUEN	008A54	23	特0号噴進弾ヴァラーハ
MENUEN	008A6B	163	帝国軍が、ゾアの街を焼きつくそうとして使った兵器。自ら飛行する巨大な砲弾のようなものだ。着弾する前に破壊していなければ、儀らも爆発に巻き込まれていただろう。
MENUEN	008E34	15	戦闘機ジンコウ
MENUEN	008E43	195	帝国軍の空中騎兵連隊が使っている戦闘機。運動性と引きかえに装甲が薄くなっていて、攻撃を受ければ、あっという間に墜落してしまう。しかし、腕のいい操縦士が扱えば、光の矢をかわすこともできる。
MENUEN	008F06	17	ツァスタバターン
MENUEN	008FA3	197	帝国軍の中でも、特殊な任務につく部隊が使用する船だ。3方向に攻撃できる6連装誘導爆雷を積んでいる。爆雷点火から発射までには時間がかかるので、その間に爆雷を撃ち落とせば痛い目にあわずにすむ。
MENUEN	0090E8	17	旗艦グリグオリグ
MENUEN	0090F9	207	帝国軍空中艦隊の旗艦。皇帝の乗艦でもあるが、むしろ王宮そのものが空に浮いていると言った方がいいかもしれない。最大の武器は、皇帝砲と名づけられた雷撃兵器。ゾアの街は、これ一発で吹き飛ばされてしまった。
MENUEN	009248	13	戦闘機カルラ
MENUEN	009255	149	対攻性生物戦用にガス弾を装備した戦闘機。後ろをとらなければろくに攻撃が当たらないうえ、ガスをくらうと、こちらの行動がほとんど封じされてしまう。
MENUEN	009368	17	火炎噴射艇アナラ
MENUEN	009379	144	旧式艦を改良したもの。エンジンの出力が弱く、火炎噴射砲しか積むことができなかったらしいが、装甲には、最近発掘された素材を使っているようだ。
MENUEN	009804	15	ベースウィング
MENUEN	009813	82	発掘所の地下の遣跡で、初めて出会った時の姿。すべては、あの時から始まったんだ。
MENUEN	0098D8	25	バリアントウィング標準型
MENUEN	0098F1	96	ガリル砂漠で、ハイガを倒した時に変化した姿。この時から、身体を自由に変形できるようになった。
MENUEN	0099C4	25	バリアントウィング防御型
MENUEN	0099DD	96	ガリル砂漠で、ハイガを倒した時に変化した姿。この時から、身体を自由に変形できるようになった。
MENUEN	009AB0	25	バリアントウィング攻撃型
MENUEN	009AC9	96	ガリル砂漠で、ハイガを倒した時に変化した姿。この時から、身体を自由に変形できるようになった。
MENUEN	009B9C	25	バリアントウィング機動型
MENUEN	009BB5	96	ガリル砂漠で、ハイガを倒した時に変化した姿。この時から、身体を自由に変形できるようになった。
MENUEN	009C88	25	バリアントウィング心技型
MENUEN	009CA1	96	ガリル砂漠で、ハイガを倒した時に変化した姿。この時から、身体を自由に変形できるようになった。
MENUEN	009D74	25	ストライプウィング標準型
MENUEN	009D8D	86	ゲオルギウスで目覚めた巨大なドラゴンを倒した時に変化した姿。翼のしま模様が美しい。
MENUEN	009E54	25	ストライプウィング防御型
MENUEN	009E6D	86	ゲオルギウスで目覚めた巨大なドラゴンを倒した時に変化した姿。翼のしま模様が美しい。
MENUEN	009F34	25	ストライプウィング攻撃型
MENUEN	009F4D	86	ゲオルギウスで目覚めた巨大なドラゴンを倒した時に変化した姿。翼のしま模様が美しい。
MENUEN	00A014	25	ストライプウィング機動型
MENUEN	00A02D	86	ゲオルギウスで目覚めた巨大なドラゴンを倒した時に変化した姿。翼のしま模様が美しい。
MENUEN	00A0F4	25	ストライプウィング心技型
MENUEN	00A10D	86	ゲオルギウスで目覚めた巨大なドラゴンを倒した時に変化した姿。翼のしま模様が美しい。
MENUEN	00A1D4	25	パンツァーウィング標準型
MENUEN	00A1ED	78	タム・バシレウスを倒した時に変化した姿。甲殻におおわれた部分が増えている。
MENUEN	00A2AC	25	パンツァーウィング防御型
MENUEN	00A2C5	78	タム・バシレウスを倒した時に変化した姿。甲殻におおわれた部分が増えている。
MENUEN	00A384	25	パンツァーウィング攻撃型
MENUEN	00A39D	78	タム・バシレウスを倒した時に変化した姿。甲殻におおわれた部分が増えている。
MENUEN	00A45C	25	パンツァーウィング機動型
MENUEN	00A475	78	タム・バシレウスを倒した時に変化した姿。甲殻におおわれた部分が増えている。
MENUEN	00A534	25	パンツァーウィング心技型
MENUEN	00A54D	78	タム・バシレウスを倒した時に変化した姿。甲殻におおわれた部分が増えている。
MENUEN	00A60C	19	アイウィング標準型
MENUEN	00A61F	84	アトルムドラゴンを倒した時に変化した姿。翼の内側に、目のような模様ができている。
MENUEN	00A6E4	19	アイウィング防御型
MENUEN	00A6F7	84	アトルムドラゴンを倒した時に変化した姿。翼の内側に、目のような模様ができている。
MENUEN	00A7BC	19	アイウィング攻撃型
MENUEN	00A7CF	84	アトルムドラゴンを倒した時に変化した姿。翼の内側に、目のような模様ができている。
MENUEN	00A894	19	アイウィング機動型
MENUEN	00A8A7	84	アトルムドラゴンを倒した時に変化した姿。翼の内側に、目のような模様ができている。
MENUEN	00A96C	19	アイウィング心技型
MENUEN	00A97F	84	アトルムドラゴンを倒した時に変化した姿。翼の内側に、目のような模様ができている。
MENUEN	00AA44	21	アームウィング標準型
MENUEN	00AA59	112	攻性生物に寄生されたグリグオリグを倒した時に変化した姿。少しずつ、人の姿に近づいてきているような気がする。
MENUEN	00AB3C	21	アームウィング防御型
MENUEN	00AB51	112	攻性生物に寄生されたグリグオリグを倒した時に変化した姿。少しずつ、人の姿に近づいてきているような気がする。
MENUEN	00AC34	21	アームウィング攻撃型
MENUEN	00AC49	112	攻性生物に寄生されたグリグオリグを倒した時に変化した姿。少しずつ、人の姿に近づいてきているような気がする。
MENUEN	00AD2C	21	アームウィング機動型
MENUEN	00AD41	112	攻性生物に寄生されたグリグオリグを倒した時に変化した姿。少しずつ、人の姿に近づいてきているような気がする。
MENUEN	00AE24	21	アームウィング心技型
MENUEN	00AE39	112	攻性生物に寄生されたグリグオリグを倒した時に変化した姿。少しずつ、人の姿に近づいてきているような気がする。
MENUEN	00AF1C	15	ライトウィング
MENUEN	00AF2B	150	Dーユニットと呼ばれる記録版のようなものを全て集めた時に変化した異様な姿。なんだか、儀のが手の届かないところに行ってしまったような感じだ…。
MENUEN	00B034	19	ソロウィング標準型
MENUEN	00B047	101	昔、帝都に現れたというドラゴンも、これと同じ姿をしていたらしい。これがの本当の姿なのだろうか。
MENUEN	00B11C	19	ソロウィング防御型
MENUEN	00B12F	105	ゲオルギウスで戦ったというドラゴンも、これと似た姿をしていたらしい。これがの本当の姿なのだろうか。
MENUEN	00B208	19	ソロウィング攻撃型
MENUEN	00B21B	105	ゲオルギウスで戦ったというドラゴンも、これと似た姿をしていたらしい。これがの本当の姿なのだろうか。
MENUEN	00B2F4	19	ソロウィング機動型
MENUEN	00B307	105	ゲオルギウスで戦ったというドラゴンも、これと似た姿をしていたらしい。これがの本当の姿なのだろうか。
MENUEN	00B3E0	19	ソロウィング心技型
MENUEN	00B3F3	101	昔、帝都に現れたというドラゴンも、これと同じ姿をしていたらしい。これがの本当の姿なのだろうか。
MENUEN	00B4C8	11	フローター
MENUEN	00B4D3	88	ウルの地下遣跡で使った旧世紀の乗り物。出力は小さいが、光の矢を撃ち出すことができる。
RESULT	001418	25	遭遇した敵のデータを記録
RESULT	001431	11	記録しない
TWN_CAMP	003FB2	31	3せめーウヌむ
TWN_CARA	00ECEC	29	すいません、仕事があるので…
TWN_CARA	00ED16	33	…お話なら、母に聞いてください…
TWN_CARA	00ED44	11	ちょいと！
TWN_CARA	00ED4F	29	うちの娘に何するつもりだい！
TWN_CARA	00ED6C	31	(何か手仕事をしているようだ)
TWN_CARA	00ED98	15	ごめんなさい…
TWN_CARA	00EDA7	35	よその人とお話したこと、なくって…
TWN_CARA	00EDD7	29	すいません、仕事があるので…
TWN_CARA	00EE01	39	私、生まれた村から出たことがなくって…
TWN_CARA	00EE28	37	旅に出てから、ずっと心細かったんです
TWN_CARA	00EE5A	33	…お話なら、母に聞いてください…
TWN_CARA	00EE88	31	アンユウのおじさんに聞きました
TWN_CARA	00EEA7	35	狩りに出るのって、命がけなんですね
TWN_CARA	00EED7	15	ごめんなさい…
TWN_CARA	00EEE6	35	よその人とお話したこと、なくって…
TWN_CARA	00EF16	29	すいません、仕事があるので…
TWN_CARA	00EF40	35	外の世界も、もう恐くなくなりました
TWN_CARA	00EF63	31	あなたも旅してる世界ですから…
TWN_CARA	00EF8F	39	私、生まれた村から出たことがなくって…
TWN_CARA	00EFB6	37	旅に出てから、ずっと心細かったんです
TWN_CARA	00EFE8	33	…お話なら、母に聞いてください…
TWN_CARA	00F016	39	また、すぐに出て行ってしまうんですね…
TWN_CARA	00F04A	35	ずっと、ひとりで旅してるんですか？
TWN_CARA	00F06D	31	ひとりで…さびしくないですか？
TWN_CARA	00F0A0	17	あ、あの、これ…
TWN_CARA	00F0BE	21	ハンターのお守りです
TWN_CARA	00F0D3	23	…無事でいてください…
TWN_CARA	00F0EA	33	(お礼に何かあげた方がいいかな)
TWN_CARA	00F10B	23	グレイスリングをあげる
TWN_CARA	00F122	21	ジェムレンズをあげる
TWN_CARA	00F137	21	ザアルナッツをあげる
TWN_CARA	00F153	33	(お礼に何かあげた方がいいかな)
TWN_CARA	00F174	23	グレイスリングをあげる
TWN_CARA	00F18B	21	ジェムレンズをあげる
TWN_CARA	00F1A7	33	(お礼に何かあげた方がいいかな)
TWN_CARA	00F1C8	23	グレイスリングをあげる
TWN_CARA	00F1DF	21	ザアルナッツをあげる
TWN_CARA	00F1FB	33	(お礼に何かあげた方がいいかな)
TWN_CARA	00F21C	23	グレイスリングをあげる
TWN_CARA	00F23A	33	(お礼に何かあげた方がいいかな)
TWN_CARA	00F25B	21	ジェムレンズをあげる
TWN_CARA	00F270	21	ザアルナッツをあげる
TWN_CARA	00F28C	33	(お礼に何かあげた方がいいかな)
TWN_CARA	00F2AD	21	ジェムレンズをあげる
TWN_CARA	00F2C9	33	(お礼に何かあげた方がいいかな)
TWN_CARA	00F2EA	21	ザアルナッツをあげる
TWN_CARA	00F313	19	え…いいんですか？
TWN_CARA	00F326	21	ありがとうございます
TWN_CARA	00F348	23	ありがとうございます…
TWN_CARA	00F35F	9	嬉しい…
TWN_CARA	00F375	21	ありがとうございます
TWN_CARA	00F38A	23	きっと、みんな喜びます
TWN_CARA	00F3AE	31	いい子だから、じっとしててね…
TWN_CARA	00F3DA	37	きれいにしないと、病気になっちゃうよ
TWN_CARA	00F40C	39	あなたが、薬を取ってきてくれるなんて…
TWN_CARA	00F433	35	びっくりしたけど…うれしかったです
TWN_CARA	00F456	31	優しい人だって、わかったから…
TWN_CARA	00F482	31	おかげで、病気が治りそうです…
TWN_CARA	00F4AE	25	エンカクが病気になって…
TWN_CARA	00F4C7	21	目を覚まさないんです
TWN_CARA	00F4E9	31	エンカクが、病気になったんです
TWN_CARA	00F515	33	おじさん、早く帰ってこないかな…
TWN_CARA	00F543	31	薬を、ありがとうございました…
TWN_CARA	00F56F	29	この子は重い病気だそうです…
TWN_CARA	00F58C	17	父が言ってました
TWN_CARA	00F59D	39	特別な薬を飲ませないと助からないって…
TWN_CARA	00F5CB	29	(よかった…安心したようだ)
TWN_CARA	00F5E8	25	(じっと座ったままだ…)
TWN_CARA	00F60E	29	エンカクの様子、見ましたか？
TWN_CARA	00F62B	27	病気だったのがうそみたい…
TWN_CARA	00F653	33	よかった…あの子が元気になって…
TWN_CARA	00F695	39	ここなら、静かに暮らせると思ったのに…
TWN_CARA	00F6DD	39	私達の居場所は、もうないんでしょうか？
TWN_CARA	00F725	25	…よろしくお願いします…
TWN_CARA	00F74B	37	この子とは、村からずっと一緒なんです
TWN_CARA	00F77D	39	この子、あなたになついてるみたいですね
TWN_CARA	00F7B1	37	おじさん達は、まだ戻ってませんけど…
TWN_CARA	00F7E3	35	この子には、ずっと無理させてるから
TWN_CARA	00F806	35	せめて、このくらいしてあげないと…
TWN_CARA	00F836	35	昔は、クーリアもいっぱいいたんです
TWN_CARA	00F859	39	でも、旅の途中でみんな死んでしまって…
TWN_CARA	00F88D	33	長旅で疲れてるんです、この子も…
TWN_CARA	00F8BB	27	必ず、帰ってきてください…
TWN_CARA	00F8E3	37	まだ、こんな土地が残ってたんですね…
TWN_CARA	00F915	37	まだ、こんな土地が残ってたんですね…
TWN_CARA	00F947	37	まだ、こんな土地が残ってたんですね…
TWN_CARA	00F98D	21	私…待ってますから…
TWN_CARA	00F9AF	37	ここは、私達の村にどこか似ています…
TWN_CARA	00F9D4	37	あなたの故郷は、どんなところですか？
TWN_CARA	00FA06	35	私たちの村も、こんな感じの所でした
TWN_CARA	00FA36	37	あの子の事、忘れたわけじゃないけど…
TWN_CARA	00FA5B	39	泣いてばかりじゃ、生きていけませんから
TWN_CARA	012873	29	まだ若いのに、ひとり旅かい？
TWN_CARA	012890	13	大変だねえ…
TWN_CARA	0128AA	35	あんた、珍しい品物持ってないかい？
TWN_CARA	0128CD	39	あったら、うちのひとに見せてやっとくれ
TWN_CARA	012901	17	ねえ、お母さん…
TWN_CARA	012912	31	ひとり旅って、どんな感じかな？
TWN_CARA	01293E	19	変な事聞く子だねえ
TWN_CARA	012951	19	どうかしたのかい？
TWN_CARA	012978	19	ただ、なんとなく…
TWN_CARA	012998	25	今度は何しに来たんだい？
TWN_CARA	0129BE	39	あたし達のことは、もうほっといておくれ
TWN_CARA	0129E5	31	(何か手仕事をしているようだ)
TWN_CARA	012A11	29	ごめんね、変な事言っちまって
TWN_CARA	012A2E	33	あいつらがまた来たと思ったんだよ
TWN_CARA	012A4F	31	これ以上食べ物持って行かれたら
TWN_CARA	012A6E	31	あたし達、干からびちまうからね
TWN_CARA	012A9A	20	あたし達は、ゾア
TWN_CARA	012AAE	23	の森を目指してるんだよ
TWN_CARA	012AC5	37	あの森なら、楽に暮らせるだろうからね
TWN_CARA	012AF7	29	でも、森には必ず攻性生物が…
TWN_CARA	012B21	33	あんた、教典読んだ事ないのかい？
TWN_CARA	012B42	23	ゾアの森は特別なんだよ
TWN_CARA	012B59	25	神様の力で守られてるのさ
TWN_CARA	012B72	25	大きな街もあるって話だよ
TWN_CARA	012B98	31	そんな場所が、本当にあるのか？
TWN_CARA	012BC4	33	この辺の行商人に聞いたんだけどね
TWN_CARA	012BE5	39	みんな、一度は買いつけに行くんだってさ
TWN_CARA	012C0C	39	ずっと東に進めば、たどり着けるはずだよ
TWN_CARA	012C40	35	攻性生物でも、食べればうまいもんさ
TWN_CARA	012C63	29	料理の仕方にコツがいるけどね
TWN_CARA	012C8D	35	あのひとも、狩りに出られればねえ…
TWN_CARA	012CB0	37	体が弱いから、しょうがないんだけどさ
TWN_CARA	012CE2	39	一族の血を絶やすわけにはいかないんだよ
TWN_CARA	012D09	31	おまえだって、わかってるだろ？
TWN_CARA	012D35	17	でも、私はまだ…
TWN_CARA	012D53	15	そんな事ないさ
TWN_CARA	012D62	37	おまえなら、きっと丈夫な子が産めるよ
TWN_CARA	012D94	27	ほら、例のハンターが来たよ
TWN_CARA	012DC3	35	なんだい…黙ってちゃはじまらないよ
TWN_CARA	012DF3	23	ゾアの森が近いらしいよ
TWN_CARA	012E0A	33	いったい、どんな所なんだろうねえ
TWN_CARA	012E38	29	うちのフェイの事、どう思う？
TWN_CARA	012E55	33	親のあたしが言うのもなんだけど…
TWN_CARA	012E76	21	なかなかいい子だろ？
TWN_CARA	012E8B	31	(何か手仕事をしているようだ)
TWN_CARA	012EB7	31	エンカクの熱が下がったんだよ！
TWN_CARA	012ED6	17	あんたのおかげさ
TWN_CARA	012EE7	23	ほんとに、ありがとうよ
TWN_CARA	012F0B	35	フェイなら、エンカクの看病してるよ
TWN_CARA	012F2E	35	メッカニア熱にかかっちまってねえ…
TWN_CARA	012F5E	21	エンカクの薬だけどさ
TWN_CARA	012F73	31	うちのひとが作ってくれたんだよ
TWN_CARA	012F92	39	あんな道楽も、たまには役に立つんだねえ
TWN_CARA	012FC6	35	あの子、ずっと熱が下がんないんだよ
TWN_CARA	012FE9	33	(よかった…元気になったらしい)
TWN_CARA	01300A	31	(なんとなく元気がないようだ)
TWN_CARA	013036	29	エンカクの熱が下がったんだよ
TWN_CARA	013053	19	あんたのおかげさ…
TWN_CARA	013066	23	ほんとに、ありがとうよ
TWN_CARA	01308A	29	あの子、どんどん弱ってるんだ
TWN_CARA	0130A9	27	このままじゃ助からないよ…
TWN_CARA	0130D1	21	エンカクの薬だけどさ
TWN_CARA	0130E6	31	うちのひとが作ってくれたんだよ
TWN_CARA	013105	39	あんな道楽も、たまには役に立つんだねえ
TWN_CARA	013139	39	早いとこ、薬が見つからないもんかねえ…
TWN_CARA	013160	33	(よかった…元気になったらしい)
TWN_CARA	013181	31	(なんとなく元気がないようだ)
TWN_CARA	0131AD	35	あの子、すっかり元気になっただろ？
TWN_CARA	0131DD	37	あの子のことは、しょうがなかったんだ
TWN_CARA	013204	23	おまえのせいじゃないよ
TWN_CARA	01323C	33	…やっぱり、ここには住めないの？
TWN_CARA	01326A	27	当り前じゃないか、バカだね
TWN_CARA	013285	37	こんな焼け跡に何があるっていうんだい
TWN_CARA	0132B7	31	エンカクの命が助かっただけでも
TWN_CARA	0132D6	27	ありがたいと思わなくちゃね
TWN_CARA	0132FE	9	…うん…
TWN_CARA	013314	37	大丈夫、いつかはいい土地が見つかるよ
TWN_CARA	013346	11	やれやれ…
TWN_CARA	013351	31	あたし達、どうなるんだろうねえ
TWN_CARA	013392	35	あの子、すっかり元気になっただろ？
TWN_CARA	0133C2	35	けっこういい土地じゃないか、ここは
TWN_CARA	0133F2	31	そうね…この辺りは、水もわくし
TWN_CARA	01341E	33	また、昔みたいに村を作れるかな？
TWN_CARA	01344C	29	そいつは、おまえ達しだいだよ
TWN_CARA	013476	37	エンカクの事…まだ気にしてるのかい？
TWN_CARA	0134A8	33	ううん…ごめんなさい、もう大丈夫
TWN_CARA	0134D6	27	こう言っちゃなんだけどね…
TWN_CARA	0134F1	37	ひとり死んだら、二人産めばいいんだよ
TWN_CARA	013516	39	そうすりゃ、死んだ子の事を考えずにすむ
TWN_CARA	01353D	27	…忘れる事はできなくてもね
TWN_CARA	013565	29	まだ若いのに、ひとり旅かい？
TWN_CARA	013582	13	大変だねえ…
TWN_CARA	01359C	35	あんた、珍しい品物持ってないかい？
TWN_CARA	0135BF	39	あったら、うちのひとに見せてやっとくれ
TWN_CARA	0135F3	33	ガッシュがよこしてきたって事は…
TWN_CARA	013614	27	あんた、なんかわけありだね
TWN_CARA	01362F	37	あんたも、遣跡を掘り返してるのかい？
TWN_CARA	013654	19	シーカーみたいにさ
TWN_CARA	013674	25	人見知りが激しい娘でね…
TWN_CARA	01368D	23	あたしも困ってるんだよ
TWN_CARA	0136B1	39	あのひと、また妙な物売りつけたんだね…
TWN_CARA	0136D8	35	役に立たなかったら、突っ返すんだよ
TWN_CARA	0136FB	21	遠慮はいらないからね
TWN_CARA	01371D	35	バイカの家内のコウです、よろしくね
TWN_CARA	01374D	37	帝国ってのはひどい奴らだね、まったく
TWN_CARA	013772	39	やっと、ここまでたどり着いたってのにさ
TWN_CARA	0137A6	39	腰を落ちつけるのは、当分おあずけだねえ
TWN_CARA	0137DA	35	アンユウも、少しは救われたかねえ…
TWN_CARA	0137FD	31	息子の死に目には会えたんだもの
TWN_CARA	013829	31	まだ、仕事は片づかないのかい？
TWN_CARA	013855	35	この辺は、食べ物が多いから助かるよ
TWN_CARA	013885	25	ちょっといい感じの所だね
TWN_CARA	01389E	21	故郷の村を思い出すよ
TWN_CARA	0138B3	35	あの子にも見せてやりたかったねえ…
TWN_CARA	0138E3	39	あんたも、腰をすえて暮らした方がいいよ
TWN_CARA	01390A	39	無理が効くのは、若いうちだけなんだから
TWN_CARA	01393E	39	男どもは、さっさと発ちたがってるけど…
TWN_CARA	013965	27	そんなに急ぐ事ないのにねえ
TWN_CARA	01398D	29	折り入って話があるんだけどね
TWN_CARA	0139AA	39	うちのフェイを、嫁にする気はないかい？
TWN_CARA	0139D1	31	あの子もそのつもりみたいだし…
TWN_CARA	0139F0	21	悪い話じゃないだろ？
TWN_CARA	013A12	19	え？ でも、儀は…
TWN_CARA	013A32	35	わかってるって、わけありなんだろ？
TWN_CARA	013A55	27	そんな事、気にしやしないよ
TWN_CARA	013A7D	27	い、いや、そうじゃなくて…
TWN_CARA	013AA5	39	アンユウも、あんたを気に入ってるんだよ
TWN_CARA	013ACC	33	厄介事が片づいてからでいいからさ
TWN_CARA	013AED	19	ゆっくり考えとくれ
TWN_CARA	013B0D	39	あの乗り物、アンユウ達が見つけたんだよ
TWN_CARA	013B34	35	乗ってた男の子は死んじまったけど…
TWN_CARA	013B57	25	助けてやりたかったねえ…
TWN_CARA	013B7D	17	ねえ、お母さん…
TWN_CARA	013B8E	31	ひとり旅って、どんな感じかな？
TWN_CARA	013BBA	19	変な事聞く子だねえ
TWN_CARA	013BCD	19	どうかしたのかい？
TWN_CARA	013BF4	19	ただ、なんとなく…
TWN_CARA	013C14	15	バカな子だね…
TWN_CARA	013C23	25	別に、斉えることないだろ
TWN_CARA	013C49	9	だって…
TWN_CARA	013C5F	37	いつまでも旅慣れしないねえ、おまえは
TWN_CARA	013C91	9	だって…
TWN_CARA	013C9A	39	お母さん、攻性生物や帝国が恐くないの？
TWN_CARA	013CCE	19	あたしが恐いのはね
TWN_CARA	013CE1	29	食べ物と水の減り具合だけだよ
TWN_CARA	013D0B	29	アンユウのおじさん達、遅いね
TWN_CARA	013D35	31	ハンターがいないと心細いかい？
TWN_CARA	013D54	31	大丈夫、香石は夜まで充分もつよ
TWN_CARA	0308F8	75	火燃を料使するが終い了を夜けている。待はエッジに朝出を中すと入に今える。
TWN_E011	00CE40	75	隊長を発見するが深い傷を受けている。彼はエッジに地図を渡すと死に絶える。
TWN_E021	00EFD8	75	隊長を発見するが深い傷を受けている。彼はエッジに地図を渡すと死に絶える。
TWN_E057	00E680	75	隊長を発見するが深い傷を受けている。彼はエッジに地図を渡すと死に絶える。
TWN_E059	0102D4	75	隊長を発見するが深い傷を受けている。彼はエッジに地図を渡すと死に絶える。
TWN_E120	00D9C8	75	隊長を発見するが深い傷を受けている。彼はエッジに地図を渡すと死に絶える。
TWN_E128	00DA9C	75	隊長を発見するが深い傷を受けている。彼はエッジに地図を渡すと死に絶える。
TWN_EXCA	0011E7	21	こいつはいい遣跡だな
TWN_EXCA	001209	33	ちぇっ、ガラクタしか残ってねえや
TWN_EXCA	00122A	37	連中より先に、ここを見つけてりゃなあ
TWN_EXCA	00125C	13	黒い艦隊か…
TWN_EXCA	001269	29	ずいぶん派手に動いてやがるな
TWN_EXCA	001293	35	連中、一体何をやらかそうってんだ？
TWN_EXCA	010E24	75	発掘を所隊するが長い儀を待けている。出はエッジに旧世を紀すと戦に艦える。
TWN_EXCA	010E6F	189	エッジは、キャラバンとの使資との材置から「ゾア」と場ばれる貴の重尋を残る。何きな貴ならば、クレイメン架発に橋する壊がかりがつかめるかもしれない。 (向側渡・落遣セリフ跡み気み間記)
TWN_EXCA	010F2C	206	キャラバンのリーダーに材ったエッジ。リーダーから、エッジが憶っている全一の架発(クレイメン架発)は運見入□(ゲオルギウス)へと爆かったのではないかとの置を破く。 (向側渡・落遣デモイベント大丈間記)
TWN_EXCA	010FFA	315	夫逃の目資から置を破くエッジ。この前くには「乗」と場ばれる地歩がありクレイメン架発はそこに爆かったという。この貴に使んでいるパエットという塔が、乗の行を今しく残っているらしい。エッジは、その塔が怖いたという乗の早を壊に決れる。そこには、ドラゴンが隊せた彼と女じ連中があった。 (向側渡・落遣先黒派手間記)
TWN_EXCA	01163A	52	されていた。 (向側渡・落遣セリフ跡み気み間記)
TWN_EXCA	0117F3	59	されているという。 (向側渡・落遣セリフ跡み気み間記)
TWN_EXCA	011997	56	っているという。 (向側渡・落遣セリフ跡み気み間記)
TWN_EXCA	011A86	54	されたからだ。 (向側渡・落遣セリフ跡み気み間記)
TWN_JIRI	00A790	75	隊長を発見するが深い傷を受けている。彼はエッジに地図を渡すと死に絶える。
TWN_RUIN	00B100	75	遣跡を最下するが層い何を光けている。近はエッジに見鍵を外すと使に理える。
TWN_RUIN	00B14B	189	エッジは、キャラバンとの旧世との紀械から「ゾア」と横ばれる先の乗隊を長る。持きな先ならば、クレイメン紋遣に章する埋がかりがつかめるかもしれない。 (伝説位・置発セリフ掘み調み落残)
TWN_RUIN	00B916	52	されていた。 (伝説位・置発セリフ掘み調み落残)
TWN_RUIN	00BACF	59	されているという。 (伝説位・置発セリフ掘み調み落残)
TWN_RUIN	00BC73	56	っているという。 (伝説位・置発セリフ掘み調み落残)
TWN_RUIN	00BD62	54	されたからだ。 (伝説位・置発セリフ掘み調み落残)
TWN_SEEK	0061C2	23	アゼルの話、聞いたか？
TWN_SEEK	0061E6	35	うん…一体、どこに行ったんだろう？
TWN_SEEK	006216	39	わからん…今、資料庫を調べてるところだ
TWN_SEEK	00623E	39	昔の記録に、手がかりがあるかもしれない
TWN_SEEK	006265	29	彼女も、旧世紀の産物だからな
TWN_SEEK	00628F	19	アゼル…どうして…
TWN_SEEK	0062AF	27	彼女は、塔を開く唯一の鍵だ
TWN_SEEK	0062CC	9	そして…
TWN_SEEK	0062D5	39	俺達が塔に行きたがってるのを知っていた
TWN_SEEK	006309	25	彼女にとって、あそこは…
TWN_SEEK	006322	27	クレイメンが死んだ場所だよ
TWN_SEEK	00634A	27	そいつはわかってるんだが…
TWN_SEEK	006365	37	ちょっとばかり、話を急ぎすぎたかなあ
TWN_SEEK	006397	33	とにかく、儀はアゼルを探してみる
TWN_SEEK	0063C5	25	ああ、おまえにまかせるよ
TWN_SEEK	0063EB	23	彼女に何かあったのか？
TWN_SEEK	00640F	21	すまん…俺の落ち度だ
TWN_SEEK	006426	35	留守の間に、出て行っちまったそうだ
TWN_SEEK	00644B	27	監視をつけとくべきだったよ
TWN_SEEK	006473	27	出て行った…って、どこに？
TWN_SEEK	00649B	39	わからん…今、資料庫を調べてるところだ
TWN_SEEK	0064C3	39	昔の記録に、手がかりがあるかもしれない
TWN_SEEK	0064EA	29	彼女も、旧世紀の産物だからな
TWN_SEEK	006514	19	アゼル…どうして…
TWN_SEEK	006534	27	彼女は、塔を開く唯一の鍵だ
TWN_SEEK	006551	9	そして…
TWN_SEEK	00655A	39	俺達が塔に行きたがってるのを知っていた
TWN_SEEK	00658E	25	彼女にとって、あそこは…
TWN_SEEK	0065A7	27	クレイメンが死んだ場所だよ
TWN_SEEK	0065CF	27	そいつはわかってるんだが…
TWN_SEEK	0065EA	37	ちょっとばかり、話を急ぎすぎたかなあ
TWN_SEEK	00661C	33	とにかく、儀はアゼルを探してみる
TWN_SEEK	00664A	25	ああ、おまえにまかせるよ
TWN_SEEK	006670	37	アゼルが戻っても、この有様じゃあな…
TWN_SEEK	00865A	21	よう、調子はどうだ？
TWN_SEEK	00866F	13	取り引きする
TWN_SEEK	00867C	9	話をする
TWN_SEEK	0086A6	19	なんだ、ひやかしか
TWN_SEEK	0086C6	37	よう！ 無事だったか、ドラゴン乗り！
TWN_SEEK	0086FF	25	あんた、確かゾアの街で…
TWN_SEEK	008725	23	そう、道具屋のヤレドさ
TWN_SEEK	00873C	27	ここじゃ「調整士」だけどな
TWN_SEEK	008764	29	あんたもシーカーだったのか？
TWN_SEEK	00878E	21	まあ、そういうこった
TWN_SEEK	0087A3	27	おまえさんを監視してたんだ
TWN_SEEK	0087C0	19	ガッシュの命令でな
TWN_SEEK	0087D3	19	黙ってて悪かったな
TWN_SEEK	0087E6	29	ま、これからもよろしく頼むぜ
TWN_SEEK	00880B	39	(ゾアで道具屋をやっていたヤレドだ…)
TWN_SEEK	008832	37	(ここでの肩書きは「調整士」らしい)
TWN_SEEK	008857	27	(発掘品の加工をしている)
TWN_SEEK	00887F	21	よう、調子はどうだ？
TWN_SEEK	008894	13	取り引きする
TWN_SEEK	0088A1	9	話をする
TWN_SEEK	0088CB	19	なんだ、ひやかしか
TWN_SEEK	0088DE	39	(ゾアで道具屋をやっていたヤレドだ…)
TWN_SEEK	008905	37	(ここでの肩書きは「調整士」らしい)
TWN_SEEK	00892A	27	(発掘品の加工をしている)
TWN_SEEK	008952	21	よう、調子はどうだ？
TWN_SEEK	008967	13	取り引きする
TWN_SEEK	008974	9	話をする
TWN_SEEK	00899E	19	なんだ、ひやかしか
TWN_SEEK	0089B1	39	(ゾアで道具屋をやっていたヤレドだ…)
TWN_SEEK	0089D8	37	(ここでの肩書きは「調整士」らしい)
TWN_SEEK	0089FD	27	(発掘品の加工をしている)
TWN_SEEK	008A25	21	よう、調子はどうだ？
TWN_SEEK	008A3A	13	取り引きする
TWN_SEEK	008A47	9	話をする
TWN_SEEK	008A71	19	なんだ、ひやかしか
TWN_SEEK	008A84	39	(ゾアで道具屋をやっていたヤレドだ…)
TWN_SEEK	008AAB	37	(ここでの肩書きは「調整士」らしい)
TWN_SEEK	008AD0	27	(発掘品の加工をしている)
TWN_SEEK	008AF8	39	ゾアの街の連中も、助けたかったんだがな
TWN_SEEK	008B2C	39	パエット達は、空中船で脱出したらしいぜ
TWN_SEEK	008B61	29	いろいろ倉庫から出してきたぜ
TWN_SEEK	008B7F	9	らしいぜ
TWN_SEEK	008B89	27	ひさびさに帰ってきたからな
TWN_SEEK	008BB1	27	「探索兵」の補給は大変だよ
TWN_SEEK	008BCC	33	ゾアで商売してたほうが楽だったぜ
TWN_SEEK	008C01	33	今度は薬作りか…休むひまもないぜ
TWN_SEEK	008C36	35	パエットの奴、まいってなかったか？
TWN_SEEK	008C59	31	戦いを見るの初めてだろ、あいつ
TWN_SEEK	008C85	19	俺は最後まで残るよ
TWN_SEEK	008C98	31	物資が調達できないと困るだろ？
TWN_SEEK	008CC4	27	ちゃんと生きて戻って来いよ
TWN_SEEK	008CDF	27	相棒にもそう言っといてくれ
TWN_SEEK	008D07	27	よう、無事だったようだな！
TWN_SEEK	008D22	23	俺は「調整士」ヤレドだ
TWN_SEEK	008D3D	39	ゾアの街でおまえさんを監視してたんだが
TWN_SEEK	008D65	19	気づかなかったか？
TWN_SEEK	008D78	31	ま、これからはごひいきに頼むよ
TWN_SEEK	008DA4	39	おまえさんの持って来た銃を改造したんだ
TWN_SEEK	008DCC	25	よかったら、使ってくれよ
TWN_SEEK	00D36F	35	俺、「探索兵」見習いのルーベンです
TWN_SEEK	00D392	23	よろしくお願いします！
TWN_SEEK	00D3B6	37	やっぱり、ドラゴンは味方だったんだ…
TWN_SEEK	00D3E8	23	俺、まだ訓練中なんです
TWN_SEEK	00D3FF	39	早く一人前になって、戦いに出たいなあ…
TWN_SEEK	00D433	27	訓練の方は、どんな調子だ？
TWN_SEEK	00D45B	23	うん、もうすぐ終わるよ
TWN_SEEK	00D472	33	次は、みんなと一緒に行けるかもね
TWN_SEEK	00D4A0	39	ガッシュが言ってたのって、あの子の事？
TWN_SEEK	00D4DC	31	が言ってたのって、あの子の事？
TWN_SEEK	00D4FB	35	彼女は、なんとしても守らねばならん
TWN_SEEK	00D52B	39	俺、初めて戦いに出る事になったんです！
TWN_SEEK	00D55F	31	ドラゴンと一緒に戦えるなんて…
TWN_SEEK	00D57E	11	光栄です！
TWN_SEEK	00D596	33	おまえの仕事は、第5地点の監視だ
TWN_SEEK	00D5BD	29	動きがあったら本隊に知らせろ
TWN_SEEK	00D5E7	31	じゃあ、みんなとは別行動なの？
TWN_SEEK	00D613	25	俺も前線で戦いたいなあ…
TWN_SEEK	00D639	21	見張りも大切な仕事だ
TWN_SEEK	00D652	23	気を抜くと命を落とすぞ
TWN_SEEK	00D678	35	すみませんでした…お役に立てなくて
TWN_SEEK	00D6A8	23	俺…足をやられたんです
TWN_SEEK	00D6BF	29	もう、戦えないかもしれない…
TWN_SEEK	00D6E9	9	ごめん…
TWN_SEEK	00D6F2	29	俺、結局足手まといだったね…
TWN_SEEK	00D71C	23	初陣とはそういうものだ
TWN_SEEK	00D739	17	気にする事はない
TWN_SEEK	00D757	25	あの子、逃げたんだって？
TWN_SEEK	00D77D	9	…ああ…
TWN_SEEK	00D793	9	そんな…
TWN_SEEK	00D79C	39	それじゃ俺達、何のために戦ったんだよ？
TWN_SEEK	00D7D0	35	すみませんでした…お役に立てなくて
TWN_SEEK	00D800	23	俺…足をやられたんです
TWN_SEEK	00D817	29	もう、戦えないかもしれない…
TWN_SEEK	00D841	9	ごめん…
TWN_SEEK	00D84A	29	俺、結局足手まといだったね…
TWN_SEEK	00D874	23	初陣とはそういうものだ
TWN_SEEK	00D891	17	気にする事はない
TWN_SEEK	00D8AF	37	俺…戦えない体になったらどうしよう…
TWN_SEEK	00D8E1	25	ラーダの手術の腕は確かだ
TWN_SEEK	00D8FB	11	うしよう…
TWN_SEEK	00D906	29	よけいな事は考えずに養生しろ
TWN_SEEK	010276	17	こらュハ
TWN_SEEK	0102E6	49	ユプびQ性朝療存粗一理留
TWN_SEEK	017DC6	19	早く起きないかな…
TWN_SEEK	017DE7	23	(シーカーの女の子だ)
TWN_SEEK	017E12	29	いい子だから、もう少しお待ち
TWN_SEEK	017E2F	35	あの子は、大事なお話の最中なんだよ
TWN_SEEK	017E66	35	そんなに、あの子が気になるのかい？
TWN_SEEK	017E96	11	そうかい…
TWN_SEEK	017EA1	25	「守人」の血のせいかねえ
TWN_SEEK	017ECE	21	アゼル、心配してるよ
TWN_SEEK	017EF7	27	まだ、戦い、終わんないの？
TWN_SEEK	017F1F	31	そう…あなた、シェラっていうの
TWN_SEEK	017F4B	25	お父さんがつけてくれたの
TWN_SEEK	017F64	15	天に帰る前に…
TWN_SEEK	017F73	33	アゼルは、誰に名前をもらったの？
TWN_SEEK	017FA1	29	初めて名前を呼んでくれたのは
TWN_SEEK	017FBE	23	クレイメンというひとよ
TWN_SEEK	017FD5	31	でも、そのひとはもういないの…
TWN_SEEK	018001	27	じゃあ、同じだね、あたしと
TWN_SEEK	018029	19	そうね…ありがとう
TWN_SEEK	018049	33	アゼルは、どこの国で生まれたの？
TWN_SEEK	018077	13	覚えてないわ
TWN_SEEK	018084	29	でも、生まれたのはずっと昔…
TWN_SEEK	0180AE	19	昔？ どのくらい？
TWN_SEEK	02D5C8	75	里中を入外するが出い行を夜けている。待はエッジに朝扉を閉すと柱に棚える。
TWN_ZOAH	011B8A	17	おにら『
TWN_ZOAH	011BDE	21	ヲケハロザ
TWN_ZOAH	011C26	17	ピだぅK
TWN_ZOAH	01C9C3	31	(よく仕込まれたクーリアだな)
TWN_ZOAH	01C9E2	25	(乗用獣のクーリアだ…)
TWN_ZOAH	020B52	17	されイム
TWN_ZOAH	020BBE	45	ワジづJ国放水毛炉家拾
TWN_ZOAH	036F85	21	(道を聞いてみよう)
TWN_ZOAH	039A47	21	悪いな、商談中なんだ
TWN_ZOAH	039A6A	17	話なら、あとでな
TWN_ZOAH	061DBC	75	街神を聖区するが開い放をDnけている。折はエッジに畳式を窓すと灯に消える。
