jp	ko
数百年以上の時を要するだろう	
敵からの攻撃に対処するために\nドラゴンは敵の前後左右4方向に\n移動することができる。\nこれを<03>\n位置取り<03>	
敵だったんでしょ、あなたの	
敵とドラゴンの位置関係は\n<03>\n戦闘レーダー<03>	
敵に大きなダメージを与えるには\n弱点を狙って攻撃すればよい。\n弱点には<03>\nWEAK<03>	
敵の弱点や、集団の中の特定の敵を\n集中して攻撃できる。	
敵の数が多くても、1体あたりの\nダメージは変わらないので\n一度に多くの敵と戦う場合に有効。\nレベルアップによって\n覚えることができる。	
敵の数が多くても少なくても\n総攻撃回数は変わらないので\n少数の敵に対して使った方が有効。\nレベルアップによって\n覚えることができる。	
敵の機動部隊が君のところに向かうまで	
敵の行動は\nドラゴンが敵に対して\nどの方向にいるかによって\n変わってくる。	
敵の防御力は\n方向によって異なるので\nどの方向から攻撃するかによって\n与えるダメージが違ってくる。	
敵を倒すまでの時間が短く\n敵から受けたダメージが小さいほど\n高い評価を得ることができる。\n評価は、高い順に以下のとおり。	
敵を倒せばすむってもんじゃなかった	
敵影を確認、援軍求む	
敵影を確認！	
文明の力ってやつをな	
新しい司祭様の方針だと聞きましたが…	
新しい品が入ったよ	
新たな実りを探しているのでしょう？	
新たな恵みが見つかる保証はないのだ	
新入りが増えると、気が楽だよ	
新顔のハンターがあっさり神聖区入りして	
方法は色々あるぜ	
施設へ進入する際には…	
旅の荷物とか、ここに隠してあるんだ	
族いに了ついたシーカー目から、\nアゼルが的を消したと獲かされるエッジ。\n「続み車」ザドクは、アゼルの住き土は\nウルの朝捨だと皆安する。なぜなら、\nドラゴン潰全、待守もウルのプラントで\n義務されたからだ。\n \n(炉持運・式水セリフ袋み遠み時内)\n	
旗艦グリグオリグ	
旦那が戻ってすぐ、ぼうずは死んじまった	
旧で世っている紀を遣う	
旧で世っている間のパーツを遣う	
旧世紀か…	
旧世紀が残した化け物どもさ	
旧世紀が神の時代だって話だよ	
旧世紀って、なんで滅んじまったのかな	
旧世紀のでかい建物…いや、機械かな	
旧世紀のガラクタいじりなんて	
旧世紀の事なんて、俺達には関係ないよ！	
旧世紀の事にも妙に詳しいし…	
旧世紀の人達は、どうして私を	
旧世紀の力で、無敵の軍隊を作りやがった	
旧世紀の力に人間がかなうわけないだろ！	
旧世紀の力の本質が、理解できないのさ	
旧世紀の力を相手に戦うなんて…	
旧世紀の子は、みんなああなのかい？	
旧世紀の意志は、滅びたわけではない	
旧世紀の技術には、すごい力があるんだぜ	
旧世紀の技術の塊だよ	
旧世紀の沈没船か…	
旧世紀の研究を行っている	
旧世紀の空飛ぶ船を直してるって話だぜ	
旧世紀の記録に、そう記されている場所だ	
旧世紀の連中ってさ…	
旧世紀の遣物にふさがれてるな	
旧世紀を滅ぼした遣跡だって	
早く修理をすませなくちゃ…	
早く叩き落とせ！	
早く発掘所に戻らないと…	
早めにここを離れた方がいいかもしれんぞ	
明日、もう一度来いって	
昼間は、たいていあそこにいるはずだよ	
普通に乗ってるだけさ	
普通の子供があれに乗ってたなんてなあ…	
書いに放ついたシーカー一から、\nアゼルが簡を届したと詰かされるエッジ。\n「火み夜」ザドクは、アゼルの食き単は\nウルの畳気だと棚油する。なぜなら、\nドラゴン何抜、折薬もウルのプラントで\n低天されたからだ。\n \n(辺境貴・重品セリフ木み干み古井)\n	
最下層よ…	
最初は、攻性生物相手に戦ってたんだが…	
最初はそう思ってたけど…	
最大出力で加速！	
最短ルートのゲートはすでに開けてある	
最近、よそ者とやけに親しいようだな	
最近、ガラクタ集めの仕事がねえな	
最近、ドラゴンの噂をよく聞くな	
最近、帝国軍を全然見かけねえな…	
最近は、評議会の目が厳しくてな	
最近は、買い手が増えてますので…	
最近は仕事が少なくて困るぜ	
有事の際は、私の命令に従ってもらうぞ	
朝になるまで出てこねえよ、あいつは	
期待している…	
未来の神聖区民に向かってよ	
末端誘導段階	
本体RAMからロードします	
本体RAMにセーブします	
本当にやばいと思ってたら	
本当に安全になるまではな	
本当に生き残りはいなかったのか？	
本当のウルは、岩の壁で隠されているんだ	
本当は、それが普通なの	
本当は何も変わらないのに…	
本来の目的は、徐々に忘れられていった	
本隊からの情報通りだな…迎撃開始！	
本隊へ、我が隊は全滅、敵は例のドラゴ…	
本隊より入電、	
材置／長出の場り貴え	
村にいた頃がなつかしいわ	
村に着いた時には、焼け跡しかなかった	
村を帝国に売った、裏切り者だからな	
来たか、やつを足止めする	
東の方って、なにがあるんだろう？	
森からは、作物がたくさんとれるんだ	
森から接近するしかないだろう	
森の各所には、マサーンが根を張っている	
森の向こうにあるっていう遣跡よ	
森の恵みは、我々に与えられたものだ	
森の恵みは、我々神聖区民だけのものだ	
森の恵みをやたらにつみ取れば	
森の炎は、当分消えないだろう	
森は、月が変わるまで燃えてるだろうね	
森を焼いたのは帝国だぜ	
森を焼いたのは帝国らしいな	
極光	
構わないけど…	
構造体の生命形態、判別不能…	
様紀ではクレイメンが気っていたが、\nエッジを回けようとしたパエットの\n行腐によって止使は高護してしまい、\nクレイメンの甘静は命忙のままとなる。\n不の暮、バイマンは、多止の最与の若を\nエッジに中す。そこに、旅の跡息である\n「『来り自』の自分」が証結されて\nいるという。\n \n(炉持運・ムービー局で落燦時内)\n	
標準型で長く戦っていると\nレベルアップした時に\n各能力が平均的に上がる。\nまた、各クラスのバーサークを\n平均的に覚えていく。	
標準型で長く戦っていると\n各能力が平均的に上がる。\nまた、各クラスのバーサークを\n平均的に覚えていく。	
標準型：徐々にHP回復\n攻撃型：一定確率で反撃\n心技型：徐々にBP回復\n防御型：防御力2倍\n機動型：ステータス異常自動解除	
機動力を高めて戦っていると\n機動系統バーサークが\n早めに得られる。\n補助と物理属性のバーサーク。\nAGIRITY CLASS。	
機動型	
機動型で長く戦っていると\nレベルアップした時に\n銃の威力が上がりやすい。また、\nAGILITY CLASSの\nバーサークを覚えやすい。	
機動型で長く戦っていると\n銃の威力が上がりやすい。\nまた、\nAGILITY CLASSの\nバーサークを覚えやすい。	
機動形態	
機能低下	
機能異常	
機銃乱射	
機銃掃射	
機関部、第2エンジン接続完了	
機関部損傷、これ以上もちません！	
機関部異常なし	
機関部破損、被害甚大！	
機関部破損、被害軽微！	
機関部被弾、戦闘維続不能です！	
次々と襲ってくるわよ	
次の司祭の話、聞いたか？	
次の部隊がそこに向かっているぞ…	
止められるようになったわ	
止めるスイッチがあるかもしれない	
止引／終待の置り旅え	
正しいデータではありません	
正しく記録できません	
正直、わからなくなったんだ	
正直言って、恐かったよ	
正確には人間ではないが…まあ、そうだ	
正面に壁が見えるはずです	
武器なんかもあるから、見てってくれよ	
武器もひととおり買ってあるんだ	
武器や薬がなけりゃ戦えない…	
死んだみんなにとっては、おんなじことさ	
死んだ子を天に帰す準備だよ	
死んだ遣跡の跡が、空洞になってるのさ	
残った一方が、船を封印したそうだ	
残った俺達を思ってのことだろうな…	
残念だが、よそ者の居場所などないよ	
気の毒にな…その金、絶対返ってこねえよ	
気をつけな	
気をつけろ！	
気を抜くなよ、エッジ	
気楽でうらやましいね	
気楽に行こうぜ	
気絶	
水平尾翼投来	
水源、森…それと遣跡の近くだな	
汚い仕事だけど、給金はよかったからな	
決まったわけじゃない	
沈没船	
沈没船下の隠れ穴	
泥	
注意しろ	
注意しろって…	
消記ではクレイメンが後っていたが、\nエッジを然けようとしたパエットの\n回珍によって天外は丈復してしまい、\nクレイメンの水私は死牲のままとなる。\n思の地、バイマンは、材天の操糧の受を\nエッジに閉す。そこに、通の役包である\n「『理り由』の由与」が命意されて\nいるという。\n \n(旧世紀・ムービー味で袋身使道)\n	
液胞	
深追いする必要はない	
渓谷で見つけたんだ	
渓谷で見つけたんだ…	
渓谷に落ちてたんだ	
渓谷地帯にいない攻性生物は？	
渡ってたらって考えると、ぞっとするな…	
滑走用レール浮上、緊急発進準備完了	
滝に近い方が、監視台に通じてるのさ	
滝裏の洞穴	
火力を集中しろ！	
火炎噴射艇アナラ	
火燃料	
炉心内温度上昇、冷却装置作動します	
点滅しはじめた…	
無事だったのか	
無礼な□をきいて…	
無秩序なよそ者とは違うのだ	
照明弾	
熱量過多	
熱隔離壁から異音発生、危険です！	
燃料気化榴弾	
燃料気化榴弾発射！	
爆雷にて撃墜を試みる	
父ちゃんがやっつけたんだぜ！	
父ちゃんたちがひろってきたんだ！	
父ちゃんに聞いても、教えてくれないんだ	
父ちゃんの話、聞いてるんだからさ	
爺さんが死んだのは、俺の責任じゃないよ	
物理攻撃構造体	
物理耐性の敵には効果が弱い。\n物理耐性の敵に銃を向けると\n<03>\nANTI SHOT\n(アンチ ショット)<03>	
特0号噴進弾ヴァラーハ	
特に、おまえのような物知らずはな	
特に数が多い場所は…	
特務部隊の指揮官なんだ	
特定方向からの攻撃に対して\n回避や反撃を行う敵や\n特定方向からのみ狙える敵もいる。	
狙い	
独力で空中船を組み上げたそうだな	
独自に旧世紀の研究も進めてるらしい	
珍しい銃だから、つい…	
現在アクセス中の構造体に警告…	
現在交戦中、援軍求む	
現役のハンター様にゃ、わかんねえよな	
現状を報告しろ！	
生きるためか…	
生きるためにやってることなんだから	
生き残りって人が、見つからなかったら？	
生まれたんじゃない…	
生まれる場所間違ったかなあ、俺…	
生体兵器実験棟へのゲート	
生体兵装での侵入を禁止します…	
生体弾乱射	
用がすんだら、早々に立ち去ることだ	
申しわけないが、席を外してもらえんかな	
申し遅れたが、ワシの名はアンユウだ	
画面には表示されないが\n敵もゲージを持っており\n一定間隔で行動する。\nゲージのたまる速さは\n敵によって異なる。	
疲れるのを待つ	
発掘品なら、少しばかり取って来たぜ	
発掘品ひとつのために、街をつぶす…	
発掘品を毎日いじり回してる変人よ	
発掘所<05>上空	
発掘所を出る	
登るの、速いじゃないか	
白い船と黒い船が、撃ちあってたんだとよ	
白熱光	
皇帝は死に、旗艦艦隊も全滅した	
皇帝砲、次弾装填完了！	
皇帝砲発射準備まだか！	
皇帝砲発射準備整いました	
盗っ人呼ばわりしたけりゃ、かまわんぜ	
監視台なんてめったに使わないんだけど…	
目の前で食われていく、仲間の姿がよ！	
目標、グリグオリグに接近中	
目標、ゾア！	
目標、ゾア！ 全てを灰にしてやる！	
目標、側面に移動！ 砲旋回まだか！	
目標を捕捉	
目標を確認、ドラゴンです	
目標発見、対空誘導弾発射準備	
目標破壊可能ライン到達まで5分です	
目標破壊可能ライン到達まで7分です	
目覚めさせるための処置をするだけだ	
目覚めたばかりのころ…	
目覚めた時は違ったかもしれない、でも	
目覚めた遣跡は、何をするかわからん	
直接アクセスして、	
直衛編隊、連携で行くぞ！	
直通エレベーターが使えるかもしれない…	
相変わらずだなあ、あいつも	
真に恐ろしいのは、統制された集団なのだ	
眠った遣跡が目覚めちまうんだよ	
眠気をこらえるのにもひと苦労さ	
矢骨	
知ってるってことになっちゃって…	
知ってるのか？	
知ってるよ…一度、戦ったから	
知ってるよ、それ	
砂をどける事ができるぞ	
砂漠<05>抜け穴	
砂漠<05>枯れたオアシス	
砂漠のあちこちに開いてるぜ	
砂漠のオアシスも、たいてい遣跡がらみだ	
砂漠の攻性生物は、地上に住んでるからな	
砂漠の攻性生物はわりと手ごわいんだが…	
砂漠は地下を通って越える…	
砂漠越えも終わりってわけだ	
砂潜り	
研究材料にはもってこいだからな	
砲台、なにをしている、側方だ	
砲台、旋回	
砲台動力部温度上昇、危険です！	
砲塔部、リアクター順調作動中	
砲塔部異常なし	
砲手、旋回急げ！	
破壊	
破壊しちまったぜ！？	
確か、おまえはバイマンに恩があったな	
確か、もう1体下の層に…	
確かに、何かを感じたんだけど…	
確認できません！	
神いに紀ついたシーカー様から、\nアゼルが使を逆したと部かされるエッジ。\n「仇み会」ザドクは、アゼルの所き巻は\nウルの男恩だと込焼する。なぜなら、\nドラゴン相前、跡気もウルのプラントで\n時代されたからだ。\n \n(大丈夫・理考セリフ直み何み知抜)\n	
神から盗んだ品を売りつけようとはな	
神に仕える資質を認められたんですよ	
神に見捨てられて、なお祈りに来たのか？	
神の使いのくせに…	
神の守護、ねえ…	
神の守護が、それだけ偉大だということだ	
神の守護を裏切ることになるからな	
神の遣産だとか、悪魔の巣だとかな	
神の領域を荒らす罰当たりってわけさ	
神をも恐れぬってのは、奴らのことだな	
神様に守ってもらうんじゃなくてさ	
神聖区じゃ、司祭の次ぐらいに偉いんだぜ	
神聖区に入ると、正面に倉庫があります	
神聖区に入れてもらえねえんで	
神聖区に雇われて、はした金稼いでも…	
神聖区のお坊ちゃんの言いそうなこった	
神聖区の下働きなどしちゃいかんぞ	
神聖区の奴がいると、酒がまずくなるぜ	
神聖区の通行証だ	
神聖区の連中、ケチくせえからなあ	
神聖区の連中は、それがわかってないのさ	
神聖区の連中は、外の世界がこわいんだ	
神聖区入りを推薦してもらったはずだが…	
神聖区民になるには、下積みがいるのさ	
神聖区民になるには、勉強も必要なのさ	
神聖区民を相手に値切る気か？	
禁止区域に、ドラゴンが出たんだってな	
禁止区域に行くって…本気かい？	
禁止区域の遣跡には気をつけな	
禁止区域の遣跡は、重力を操るそうだ	
私が、私であるために…	
私がここまで来られたのはあなたのおかげ	
私が開放区にいたことは、黙っててくれよ	
私じゃダメだわ…	
私たちを完全に外敵とみなしているのよ	
私としても不本意だがな	
私に、守られる理由なんてないのに…	
私にとっては、大切なひとだったの	
私に与えられた使命は、もう無意味だって	
私に礼を言う事はない	
私のせいで…	
私のためだけに用意された、	
私の役目は、塔の制御だけだったから…	
私の提案を受ける気になったかね？	
私の身体は、地上の糧を受けつけないの	
私は、よそ者と取り引きする気はない	
私は、地の底で何千年も眠っていたわ	
私は「探索兵」シメオンです	
私は「編み人」ザドクだ	
私はキトールという者だ	
私は色々忙しいのだ	
私も…君が無事に帰って来ることを	
私も、そう思っていた…	
私自身…	
移動物感知	
移動砲台ハンサ	
稲妻放出	
空から塔に行く方法が見つかったんでな	
空中から塔へ行こうとしても	
空中戦艦が、東の方に飛んで行ったけど	
空中戦艦と戦うはめになるとはなあ…	
空中戦艦の方がずっと早かった	
空中戦艦ヴァルナ・輸送型	
空中機雷放出！	
竜巻を起こすスイッチになってるはずだ	
第1、第2ブロック、機能停止しました！	
第1、第2ブロック、機能回復！	
第1回転砲台準備	
第1排気□開放	
第2回転砲台準備	
第2排気□開放	
第2編隊、応答ありません	
第2編隊長からグリグオリグ	
第3ブロック、消失しました！	
第3回転砲台準備	
第3排気□開放	
第4回転砲台準備	
第6編隊、迎撃に向かって下さい	
答える必要はない	
粘着液	
系統別に効果が多少異なる。\n<03>\nATTACK系<03>	
紀械／層近の横り先え	
純血種ほど、その指令に忠実に動く	
索敵モード2に移行しろ！	
終待朝出な中入今を終る	
経験を積めば、いいハンターになれるぞ	
経験値がたまるとレベルアップし\nドラゴンと銃の基本性能が上昇、\nタイプセレクトでどう調整して\n戦っているかが\nその上昇具合に影響する。	
結局、こんな仕事しかできなかったんだ	
結局、みんな何もしなかった…	
結局、みんな連中と取り引きしてるんだ	
結局、アンユウは途中で帰ってきたんだ	
結局、ワシは薬を持ち帰れなかった	
結局、俺も奴らと同類なのかな	
結局、帝国軍も神様には勝てないのよ	
結局、旦那は薬を取ってこれなかったんだ	
結局、船を守ってた方が戦いに敗れて…	
結局、街はもとどおりか…	
結晶石爆発	
結構面白かったよ	
統治者として帝国と交渉することになるな	
絶対、あの4つの遣跡が怪しいって	
続いてヴァルナ級戦艦が会敵します	
緊急活動時のエネルギーを供給してるの	
総冥退艦せよ、艦を放来する！	
総冥退避！	
緑の方向は\n敵がその方向に攻撃できないことを\n示している。\nそのため安全地帯となる。	
置いといても邪魔になるだけさ	
美しい	
群れが合体する	
羽化	
考えてもみろ	
耐性変化	
聖なる方々の聖なるねぐらさ	
聞いたか、黒い船の話！	
聞いたか？ ドラゴンが降臨するそうだ	
背に腹はかえられんってとこだな	
能力を得た。\nタイプセレクトとは\nドラゴンの形態を自由に\n変化させられる能力である。	
能力変化、レベルアップでの\n能力上昇・バーサークの獲得は\n微妙な調整に対応しているが\nその他に「<03>\nタイプ<03>	
脱出装置が！ うわぁぁぁ…	
自分が呼ばれるのを待っていたのよ…	
自分が生きた証としてな	
自分にしかできないことをしたいの	
自分のパートナーを信用したらどうだ	
自分の立場がまだ理解できんらしいな…	
自分はそこで高みの見物というわけか	
自律ができなくなってる	
自然に回復するわ	
自走砲ランカー＆護衛艇	
船体強度低下、危険です！	
艦橋部損傷！	
艦長！ ダメです、もちません！	
艦隊…って、じゃあ、やっぱり	
艦隊も、ここを通って行く時に	
色々考えたんだけど…	
色んな物があんなに小さく見える…	
若いうちは、とにかく場数を踏むことだ	
若いうちは、一人旅もいいだろう	
若いのに冷静なんだな	
若い人の気持ちはわからないねえ…	
若造にしては、なかなかやるな	
落ちる！！ しっかりつかまってろ！	
落ち合う場所を、忘れるなよ	
落盤	
蒼の大玉	
蒼の玉	
融通の効く生き物じゃないのよ…	
行きましょう、エッジ	
行くあてがないんなら、仲間になりなよ	
行くあてはあるのか？	
行くよ！！	
行こう、たぶん下に抜けられる	
行っちまったよ、あの子は…	
街から来た、パエットという男だが…	
街が湖にしずんじゃったんだよね	
街の人間に自慢してたら、俺が塔のことを	
街の入□の横にある階段を越えると	
街の安全と引き換えにドラゴンの情報を…	
街の焼け跡に、掘り返した跡があった	
街の言い伝えに出てくる「神の車」さ	
街を出たら、ハンターになろうかな	
街を出る？	
街を捨てて逃げ出してるよ、あいつは！	
街神聖	
衝撃吸収	
被害状況を報告しろ！	
被害軽微、問題ありません	
装甲が外れた…あと少しだ！	
装甲大破、もちません！	
見かけねえ顔だな…	
見たところ、旅をしているようだな	
見つかったら、捨てられちゃうからね	
見つけたんだよ、村の焼け跡で	
見つけた時には、もう手遅れだったよ	
見ておきたいものがある	
見てみろ、腕が動かなくなっているぞ。	
見てればわかる…来るぞ！	
見び用ったエッジに、うってかわって\nなれなれしく森するパエット。\n折は、エッジがドラゴン屋りである\nことを根き路めたのだ。\nすっかり風車倉になったパエットは、\n庫換した立燃「ウル」の畳気に\n飾への焼炉があるらしいと本る。\n \n(辺境貴・重品イベントで跡械古井)\n	
見ろよ、この発掘品の山…	
見捨てられただって？	
規格外品の思考は、人間に近いの	
規格外？	
親父さん、結構話がわかるんだな	
親父ならこの中だぜ	
親父の仕事、本当にやるのか？	
親父の奴、すっかり調子に乗っちまってさ	
親父の話なんかするなよ、胸くそ悪いぜ	
角がある奴に注意しろ	
角のあるアシュティの武器は？	
解除を承認します…	
言う事を聞いてくれるんだろう	
言発の掘会から砂を部くエッジ。\nこの少くには「来」と漠ばれる半分があり\nクレイメン頼回はそこに出かったという。\nこの向に間んでいるパエットという目が、\n来の当を持しく流っているらしい。\nエッジは、その目が金いたという来の悪を\n教に手れる。そこには、ドラゴンが旧せた\n貸と相じ棒一があった。\n \n(大丈夫・理考緒助借身知抜)\n	
訓練通りにいくぞ！	
評議会でうまく立ち回りたいだけだよ	
評議会の対応しだいじゃ戦になっちまうな	
評議会の発表、聞いたかい？	
評議会も、少し考えてほしいものだ	
試作段階とはいえ、このヴリトラまで…	
話があるから、神聖区まで来いってよ	
話なら、後にしてくれよ	
話はあとだ、帝国戦艦が来るぞ！！	
詳しいことは、パエットにでも聞きな	
詳しい事は知らないが、よくやってくれた	
詳しい奴に話を聞いた方がいいかもな	
詳しい資料が街のどこかにあるはずなんだ	
誘導爆雷、いけるか？	
誘導爆雷、全て撃ち尽くしました	
誘導爆雷再装填、急げ！	
読みふるしたやつなら持ってっていいぜ	
誰だって、あれには圧倒されるさ	
誰だって、旧世紀の力と戦ってるんだ	
誰だって腰抜けになっちまうさ	
誰だ！	
誰に許可をもらったんだ？	
誰の許しをもらったのか知らないけど	
誰の許しを得て、ここに入ってきた！	
諸君、よくやった、我々の囮作戦は成功だ	
警戒レベルを1に移行します	
警戒態勢を解かないと	
護衛艦、撃沈！	
貴様も、神の怒りを受けるがよいわ！	
資戦ちの使のパーツを長る	
赤いワームか、珍しいな	
赤い方向は\nダメージの大きい攻撃や\nステータス異常攻撃など\n危険度の高い攻撃が行われる\n方向であることを示している。	
起動！	
超バーサーク	
身体の方、何ともないのか？	
車入ちの荷のパーツを終る	
輪形陣に穴が開きました	
辺境じゃ、それが金の代わりになるわけだ	
辺境じゃ、神の時代だなんて言われてるが	
辺境じゃ、神様の使いって事になってるぜ	
辺境のある地域を制圧する命令が出た	
迎撃急げ！	
迎撃機発進完了	
近いぞ！	
近寄ることもできないよ	
近接光学砲	
近接光学砲発射！	
近接対空弾	
近接対空防御装置作動	
迷わないよう、注意して進んでくれ…	
送っているみたいだ	
逃げられそうにないな…	
逃亡	
逃走	
逆に奴らを本気で怒らせたかもしれない	
途中で、戦いになるかもしれない	
通行証なら持ってるよ	
通行証を発行されたということは	
通路なら、ジューバの店の隣にあるぜ	
通路を抜けると、正面に壁があるからよ	
通路を抜けると、正面に壁が見えるから	
連中、よく平気で遣跡に入れるもんだ	
連中、本格的に黒い艦隊を追い始めたぜ	
連中のやり方はいつも同じさ	
連中もドラゴンを掘り出したらしいからな	
連中ドラゴンにはやられっぱなしだからな	
連装式軽爆雷	
進む気でいるんだろ？	
遂にこの噴進弾を実戦投入する時が来たか	
達いに行ついたシーカー知から、\nアゼルが場を所したと書かされるエッジ。\n「急み品」ザドクは、アゼルの張き儀は\nウルの朝空だと探落する。なぜなら、\nドラゴン様度、待留もウルのプラントで\n間監されたからだ。\n \n(旧世紀・械置セリフ言み処み使道)\n	
違うな…	
違うの	
遠くの遣跡まで足をのばせってのか	
遠慮するな、派手にやれ！	
遠慮せんでいい、持っていけ	
遣跡	
遣跡からわく水で、年中潤ってたもんさ	
遣跡に興味持ってるって聞いたんでね	
遣跡の事がわかる奴なんていねえよ	
遣跡の事は、よく知らないんだ	
遣跡の奥から取って来た永久発光体だぜ	
遣跡の見方は、土地によっていろいろだ	
遣跡の近くには、水がある事が多い	
遣跡は、岩の壁に守られてるからな	
遣跡やエンジン、そして…	
遣跡最	
遣跡？ 危険じゃないのか？	
適当にごまかしといてくれ	
選ばれた民として、生活が保証されるのだ	
選り好みなどしちゃおれんよ	
選択肢は残されているのよ	
酸	
里は、遣跡探索の拠点なのだ	
里を率いる者に与えられる名前だ	
里中入	
重力の…道？	
重散弾砲、旋回停止	
重散弾砲、旋回開始	
重散弾砲、限界です！	
重散弾砲で叩き落とすぞ	
重散弾砲充填完了、出力開放します	
重散弾砲出力低下、充填に入ります	
重散弾砲起動	
重迎撃機ゲラキ	
野性化した攻性生物は、確かに強力だ	
量産ドラゴン	
金が欲しいなら、そう言えばよかったのに	
金さえ払ってくれりゃな	
金ならそのうち返すって、せっつくなよ	
金に困ったら、私に言ってくれ	
金び奴ったエッジに、うってかわって\nなれなれしく空するパエット。\n待は、エッジがドラゴン船りである\nことを墜き大めたのだ。\nすっかり壊荒果になったパエットは、\n故郷した跡腕「ウル」の朝捨に\n加への追立があるらしいと新る。\n \n(炉持運・式水イベントで落燦時内)\n	
針千本	
鈴	
鉤爪	
銃だけを使って攻撃	
銃の基本性能が\nドラゴンの機動力の影響を受けて\n成長することに注意。	
長出旧世な紀戦艦を長る	
長居してると、俺みたいになっちまうぜ	
長居をしては奴らに感づかれる	
長年、生死をともにした連中だったが…	
門番じゃ、大した事はできませんからね	
門番ってのは、退屈な仕事だぜ	
門番は何してるのかねえ	
開折畳式な窓灯消を開る	
開放区に住んでる爺さんなんだけど…	
開放区の奴に拾いに行かせようかな…	
開放区は、そうやってできたんだからな	
開放区まで来ないと、酒が飲めんとは…	
間に合いません！！	
