id	kind	count	budget	chars	jp	ko
1613	narration	1	35	17	(ハンターがよく使う携帯ランプだ)	(헌터가 자주 쓰는 휴대용 램프다)
1614	narration	1	39	19	(ハンターが弾薬入れによく使っている)	(헌터가 탄약통으로 자주 쓴다)
1615	narration	1	31	15	(ハンターが身につける防具だ)	(헌터가 착용하는 방어구다)
1616	narration	1	27	13	(ハンターのラドガムだ…)	(헌터의 라드검이다…)
1617	narration	1	27	13	(ハンターの使う道具だ…)	(헌터가 쓰는 도구다…)
1618	narration	1	23	11	(ハンターの死体だ…)	(헌터의 시체다…)
1619	narration	1	29	14	(パエットが作業をしている)	(파에트가 작업을 한다)
1620	narration	1	37	18	(パエットぐらいしかいないよなあ…)	(파에트 정도밖에 없겠지…)
1621	narration	1	31	15	(パエットだ…不機嫌そうだな)	(파에트다…기분이 안 좋아 보인다)
1622	narration	1	37	18	(パエットには聞こえてないのか…？)	(파에트에게는 안 들리는 건가…？)
1623	narration	1	37	18	(パエットに見せてもらった通りだ…)	(파에트가 보여준 대로다…)
1624	narration	1	35	17	(パエットの欲しがってる物って…)	(파에트가 원하는 물건이란…)
1625	narration	1	39	19	(パエットは、じっと発掘品を見ている)	(파에트는 가만히 발굴품을 본다)
1626	narration	1	15	7	(パエット！)	(파에트！)
1627	narration	1	31	15	(プロテクトキーってやつか…)	(프로텍트 키라는 건가…)
1628	narration	1	21	10	(プロテクトキー？)	(프로텍트 키？)
1629	narration	1	25	12	(マクランジュエルか…)	(마크란 주얼인가…)
1630	narration	1	39	19	(マクランジュエルが欲しいらしいな…)	(마크란 주얼을 원하는 모양이군…)
1631	narration	1	39	19	(マクランジュエルを調達するんだっけ)	(마크란 주얼을 조달하는 거였지)
1632	narration	1	37	18	(メル=カヴァが見えた時と同じだ…)	(멜=카바가 보였을 때와 같다…)
1633	narration	1	37	18	(メル=カヴァの一部のようだけど…)	(멜=카바의 일부인 듯한데…)
1634	narration	1	33	16	(ラグス草を栽培しているらしい)	(라구스 풀을 재배하는 듯)
1635	narration	1	37	18	(ランプを外した台だけが吊ってある)	(램프를 뗀 받침대만 매달려 있다)
1636	narration	1	35	17	(ランプを降ろすのに使ったらしい)	(램프를 내리는 데 쓴 듯하다)
1637	narration	1	17	8	(ランプ台だ…)	(램프 받침대다…)
1638	narration	1	19	9	(ワームの幼性？)	(웜의 유생？)
1639	narration	1	25	12	(一体、何の用だろう？)	(대체 무슨 용건일까？)
1640	narration	1	27	13	(一応満足したみたいだな)	(일단 만족한 모양이군)
1641	narration	1	23	11	(一緒についてくるぞ)	(같이 따라오는군)
1642	narration	1	39	19	(上等のランプだ…本を読むためだろう)	(고급 램프다…책 읽는 용도겠지)
1643	narration	1	21	10	(不思議な男だな…)	(신기한 남자로군…)
1644	narration	1	33	16	(中が空洞になってる…通れるな)	(속이 비었다…지나갈 수 있겠군)
1645	narration	1	37	18	(中身はほとんど持ち出されてるな…)	(내용물은 거의 다 빼낸 듯…)
1646	narration	1	21	10	(主を失った船か…)	(주인을 잃은 배인가…)
1647	narration	1	35	17	(乗せてやった方がよかったかな…)	(태워 주는 게 좋았으려나…)
1648	narration	1	21	10	(井戸が掘ってある)	(우물이 파여 있다)
1649	narration	1	37	18	(井戸というより、地下の通路だな…)	(우물이라기보다 지하 통로로군…)
1650	narration	1	23	11	(人が倒れている…！)	(사람이 쓰러져 있다…！)
1651	narration	1	37	18	(今では、この男がゾアの支配者か…)	(지금은 이 남자가 조아의 지배자)
1652	narration	1	33	16	(今のが遣跡のガーディアンか！)	(방금 그게 유적의 가디언인가！)
1653	narration	1	31	15	(今の声…直接頭に響いてきた)	(방금 그 소리…머리에 울렸다)
1654	narration	1	31	15	(今はこのまま寝かせてやろう)	(지금은 이대로 재워 주자)
1655	narration	1	39	19	(今はこの男の言うことを聞くしかない)	(이 남자 말을 들을 수밖에)
1656	narration	1	33	16	(今はこれを修理しているらしい)	(지금은 이걸 수리하는 듯)
1657	narration	1	21	10	(今は動いてない…)	(지금은 움직이지 않는군…)
1658	narration	1	33	16	(今夜、ここに来いと書いてある)	(오늘 밤 여기로 오라 쓰여 있다)
1659	narration	1	39	19	(今度はもっと戦い方を工夫してみよう)	(다음엔 싸우는 법을 궁리해 보자)
1660	narration	1	33	16	(今日は気が立ってるみたいだ…)	(오늘은 기분이 예민해 보이는데…)
1661	narration	1	31	15	(今日は特に調子がよさそうだ)	(오늘은 유난히 상태가 좋아 보여)
1662	narration	1	27	13	(仕組んでたってわけか…)	(짜고 친 거였나…)
1663	narration	1	21	10	(他にもいるかな…)	(다른 사람도 있으려나…)
1664	narration	1	31	15	(他に手がかりを探してみよう)	(다른 단서를 찾아보자)
1665	narration	1	31	15	(他に道を探すしかないのか？)	(다른 길을 찾을 수밖에 없나？)
1666	narration	1	27	13	(仲間の所に戻ったのかな)	(동료한테 돌아간 걸까)
1667	narration	1	29	14	(体力が落ちてきたみたいだ)	(체력이 떨어진 듯하다)
1668	slot	1	29	14	(体裁のいいものじゃないな)	(체면이 서는 물건은 아니군)
1669	narration	1	21	10	(何かいるのか！？)	(뭔가 있는 건가！？)
1670	narration	1	29	14	(何かが作動したみたいだ…)	(뭔가가 작동한 듯하다…)
1671	narration	1	31	15	(何かが引きあげられている？)	(뭔가가 끌어올려진다？)
1672	narration	1	31	15	(何かの作業をしているようだ)	(뭔가 작업을 하는 듯)
1673	narration	1	17	8	(何かの紋章だ)	(뭔가의 문장이다)
1674	narration	1	31	15	(何かの道具が下げられている)	(뭔가의 도구가 매달려 있다)
1675	narration	1	21	10	(何かの鍵らしいが)	(뭔가의 열쇠 같은데)
1676	narration	1	27	13	(何かはめ込んであるぞ…)	(뭔가가 끼워져 있군…)
1677	narration	1	35	17	(何かをはめるみたいな形だけど…)	(뭔가를 끼우는 듯한 형태인데…)
1678	narration	1	17	8	(何か光ってる)	(뭔가 빛나고 있다)
1679	narration	1	33	16	(何か変化があったかもしれない)	(뭔가 변화가 있었을지도 모른다)
1680	narration	1	31	15	(何か話してるみたいだけど…)	(뭔가 이야기하는 것 같은데…)
1681	narration	1	17	8	(何だ、こいつ)	(뭐야,이 녀석)
1682	narration	1	23	11	(何だろう、これは？)	(뭘까,이건？)
1683	narration	1	11	5	(何だ！)	(뭐야！)
1684	narration	1	25	12	(何だ？ この遣跡は…)	(뭐지？이 유적은…)
1685	narration	1	27	13	(何だ？ 帝国軍の奴ら…)	(뭐지？제국군 녀석들…)
1686	narration	1	25	12	(何でも売ってるんだな)	(뭐든지 팔고 있군)
1687	narration	1	29	14	(何に使うのかさっぱりだ…)	(뭐에 쓰는지 전혀 모르겠다…)
1688	narration	1	23	11	(何に使うんだろう？)	(뭐에 쓰는 걸까？)
1689	narration	1	31	15	(何のための装置なんだろう？)	(뭘 위한 장치일까？)
1690	narration	1	21	10	(何も起こらない…)	(아무 일도 없다…)
1691	narration	1	33	16	(何も起こらなければいいけど…)	(아무 일도 없으면 좋겠는데…)
1692	narration	1	29	14	(何をやろうとしてるんだ？)	(뭘 하려는 거지？)
1693	narration	1	21	10	(作りかけの水袋だ)	(만들다 만 물주머니다)
1694	narration	1	31	15	(作物が山のように積んである)	(작물이 산더미처럼 쌓였다)
1695	narration	1	31	15	(作物を運ぶためのかごらしい)	(작물을 나르는 바구니인 듯하다)
1696	narration	1	29	14	(保存燃料を使ったたき火だ)	(보존 연료를 쓴 모닥불이다)
1697	narration	1	33	16	(倉庫の換気のための風車らしい)	(창고 환기를 위한 풍차인 듯하다)
1698	narration	1	27	13	(倒す方法が別にあるのか)	(쓰러뜨릴 방법이 따로 있나)
1699	narration	1	27	13	(傷だらけになっている…)	(상처투성이가 돼 있다…)
1700	narration	1	33	16	(儀がこの遣跡の封印を解くのを)	(내가 이 봉인을 푸는 것을)
1701	narration	1	39	19	(儀にはガラクタにしか見えないけど…)	(내겐 고물로밖에 안 보이는데…)
1702	narration	1	35	17	(儀の事は気にしてないみたいだ…)	(내 일은 신경 안 쓰는 듯하다…)
1703	narration	1	31	15	(儀らを仲間だと思ったのかな)	(기 일행을 동료라고 생각한 걸까)
1704	narration	1	31	15	(儀を警戒しているみたいだ…)	(기를 경계하는 듯…)
1705	narration	1	25	12	(儀式に使う祭壇らしい)	(의식에 쓰는 제단인 듯하다)
1706	narration	1	25	12	(儀式に使う道具らしい)	(의식에 쓰는 도구인 듯하다)
1707	narration	1	29	14	(光の粒子を吹き出してる…)	(빛의 입자를 뿜어내고 있다…)
1708	narration	1	35	17	(入□が爆破されていて入れない…)	(입구가 폭파돼 들어갈 수 없다…)
1709	narration	1	35	17	(全部、動かせということなのか…)	(전부 움직이라는 뜻인가…)
1710	narration	1	33	16	(内部か…とにかく先に進もう…)	(내부인가…어쨌든 먼저 나아가자…)
1711	narration	1	23	11	(刈り取り用の農具だ)	(수확용 농기구다)
1712	narration	1	39	19	(力を出しつくしてしまったんだろう…)	(힘을 다 써버린 거겠지…)
1713	narration	1	21	10	(動きが止まった…)	(움직임이 멈췄다…)
1714	narration	1	29	14	(動力源が2つあったのか！)	(동력원이 2개 있었던 건가！)
1715	narration	1	37	18	(反撃されないためには銃しかないな)	(반격당하지 않으려면 총뿐이군)
1716	narration	1	31	15	(反撃を上にさせて巣を狙おう)	(반격을 위로 유도해 둥지를 치자)
1717	narration	1	35	17	(取ってきた部品を検分している…)	(가져온 부품을 검사한다…)
1718	narration	1	33	16	(古びたひもが壁にかかっている)	(낡은 끈이 벽에 걸렸다)
1719	narration	1	27	13	(古びた木箱が置いてある)	(낡은 나무 상자가 놓였다)
1720	narration	1	15	7	(古井戸だ…)	(오래된 우물이다…)
1721	narration	1	37	18	(古井戸だ…すっかり水がかれている)	(오래된 우물이다…물이 말라붙었다)
1722	narration	1	21	10	(司祭のダモンだ…)	(사제 다몬이다…)
1723	narration	1	31	15	(吊り床が壁に取りつけてある)	(해먹이 벽에 설치돼 있다)
1724	narration	1	27	13	(吊り床が放り出してある)	(해먹이 내던져져 있다)
1725	narration	1	31	15	(吊り床が柱にとりつけてある)	(해먹이 기둥에 설치돼 있다)
1726	narration	1	39	19	(吊り床を支える網が引きちぎってある)	(해먹을 지탱하는 그물이 찢겼다)
1727	narration	1	23	11	(吊り床を支える網だ)	(해먹을 지탱하는 그물이다)
1728	narration	1	19	9	(同じ印の遣跡…)	(같은 문양의 유적…)
1729	narration	1	27	13	(向こう側へは渡れないな)	(맞은편으로는 건널 수 없군)
1730	narration	1	37	18	(場所は…ゾアの北…95万リオン？)	(장소는…조아 북쪽…95만 리온？)
1731	narration	1	35	17	(塔へ行く道の入□があるとすれば)	(탑으로 가는 길의 입구가 있다면)
1732	narration	1	25	12	(塩が入っているらしい)	(소금이 든 듯)
1733	narration	1	37	18	(墜落したらしい…ひどく壊れている)	(추락한 듯하다…심하게 부서졌다)
1734	narration	1	39	19	(壁から引きちぎって放り出したらしい)	(벽에서 뜯어내 내던진 듯하다)
1735	narration	1	35	17	(壁に、古びたひもがかかっている)	(벽에 낡은 끈이 걸렸다)
1736	narration	1	29	14	(壁の向こうに井戸が見える)	(벽 너머로 우물이 보인다)
1737	narration	1	35	17	(壁の隙間から大きな家が見える…)	(벽 틈으로 큰 집이 보인다…)
1738	narration	1	27	13	(壁の隙間から扉が見える)	(벽 틈으로 문이 보인다)
1739	narration	1	33	16	(壊れた機械と、妙な薬のつぼだ)	(부서진 기계와 이상한 약 단지다)
1740	narration	1	33	16	(壊れているけど、立派な銃だ…)	(부서지긴 했지만 훌륭한 총이다…)
1741	narration	1	29	14	(変わった飾りが立っている)	(특이한 장식이 세워져 있다)
1742	narration	1	21	10	(多分この場所だ…)	(아마 이곳일 것이다…)
1743	narration	1	39	19	(夜になったら、またここに来てみよう)	(밤이 되면 다시 여기 와 보자)
1744	narration	1	29	14	(大きさのわりに軽そうだな)	(크기에 비해 가벼워 보이는군)
1745	narration	1	27	13	(大きなかごが置いてある)	(큰 바구니가 놓였다)
1746	narration	1	19	9	(大きなかまどだ)	(커다란 아궁이다)
1747	narration	1	27	13	(大きな木箱が置いてある)	(큰 나무 상자가 놓였다)
1748	narration	1	17	8	(大きな木箱だ)	(큰 나무 상자다)
1749	narration	1	29	14	(大きな水がめが置いてある)	(큰 물항아리가 놓였다)
1750	narration	1	23	11	(大きな焼却炉がある)	(큰 소각로가 있다)
1751	narration	1	33	16	(大きな荷物に布をかぶせてある)	(큰 짐에 천이 덮여 있다)
1752	narration	1	33	16	(天井に物を吊るのに使うらしい)	(천장에 물건을 매다는 데 쓰나)
1753	narration	1	25	12	(天井に管が通っている)	(천장에 관이 지나가고 있다)
1754	narration	1	15	7	(天幕の柱だ)	(천막 기둥이다)
1755	narration	1	27	13	(天幕をしまう箱だろうか)	(천막을 넣어두는 상자일까)
1756	narration	1	37	18	(奴ら、儀が封印を解くのを見こして)	(녀석들,내가 풀 걸 예상하고)
1757	narration	1	25	12	(威嘯のつもりにしては)	(위협하려던 것치고는)
1758	narration	1	33	16	(嫌われてるらしい…まいったな)	(미움받고 있는 듯…난감하군)
1759	narration	1	33	16	(子供をたおすのもあきてきたな)	(아이를 잡는 것도 지겨워졌군)
1760	narration	1	25	12	(完全に暴走している！)	(완전히 폭주한다！)
1761	narration	1	35	17	(実のならない木を育てるなんて…)	(열매 없는 나무를 기르다니…)
1762	narration	1	35	17	(実は子供は経験値がないんだよな)	(사실 아이는 경험치가 없단 말야)
1763	narration	1	33	16	(客の座るイスがかたづけてある)	(손님이 앉는 의자가 치워져 있다)
1764	narration	1	21	10	(客の座るイスだ…)	(손님이 앉는 의자다…)
1765	narration	1	29	14	(封をしたつぼが置いてある)	(봉인된 단지가 놓였다)
1766	narration	1	25	12	(封印が解けたせいで、)	(봉인이 풀린 탓에,)
1767	narration	1	41	20	(封印を解くたびに、ここに変化がある…)	(봉인을 풀 때마다 변화가 있다…)
1768	narration	1	31	15	(小さいけど、きれいな寝床だ)	(작지만 깨끗한 잠자리다)
1769	narration	1	21	10	(小さなかまどだ…)	(작은 아궁이다…)
1770	narration	1	21	10	(小さな女の子だ…)	(어린 여자아이다…)
1771	narration	1	17	8	(小さな暖炉だ)	(작은 벽난로다)
1772	narration	1	29	14	(小さな機械がついている…)	(작은 기계가 달려 있다…)
1773	narration	1	17	8	(小さな苗床だ)	(작은 모판이다)
1774	narration	1	25	12	(小型の炉が置いてある)	(소형 화로가 놓였다)
1775	narration	1	33	16	(少し量が減っているみたいだな)	(양이 조금 줄어든 듯하다)
1776	narration	1	31	15	(屋根に風車がすえつけてある)	(지붕에 풍차가 설치돼 있다)
1777	narration	1	25	12	(布で隠してあるけど…)	(천으로 가려져 있는데…)
1778	narration	1	23	11	(布の袋が置いてある)	(천 자루가 놓였다)
1779	narration	1	25	12	(布や染料が置いてある)	(천과 염료가 놓였다)
1780	narration	1	19	9	(布張りの箱だ…)	(천으로 감싼 상자다…)
1781	narration	1	37	18	(帝国との戦いになるかもしれない…)	(제국과의 전쟁이 될지도 모른다…)
1782	narration	1	33	16	(帝国の戦艦が撃沈されている…)	(제국의 전함이 격침돼 있다…)
1783	narration	1	39	19	(帝国の書物だ…どこかで拾ったのかな)	(제국 서적이다…어디서 주운 걸까)
1784	narration	1	21	10	(帝国の書物だ…！)	(제국의 서적이다…！)
1785	narration	1	37	18	(帝国の書物も混ざってるみたいだな)	(제국의 서적도 섞여 있는 듯)
1786	narration	1	29	14	(帝国軍が怖くないのかな？)	(제국군이 무섭지 않은 걸까？)
1787	narration	1	27	13	(帝国軍が爆破している…)	(제국군이 폭파한다…)
1788	narration	1	25	12	(干し肉が吊るしてある)	(육포가 매달려 있다)
1789	narration	1	23	11	(年老いた女の人だ…)	(나이 든 여인이다…)
1790	narration	1	39	19	(年老いた男だ…でも哀えた様子はない)	(늙은 남자다…쇠약한 기색은 없다)
1791	narration	1	29	14	(床に機械が放り出してある)	(바닥에 기계가 내던져져 있다)
1792	narration	1	31	15	(床の上にランプが置いてある)	(바닥 위에 램프가 놓였다)
1793	narration	1	33	16	(役に立ちそうな本はないかな…)	(쓸모 있을 만한 책은 없으려나…)
1794	narration	1	29	14	(彼女は生きて戻れたのか…)	(그녀는 살아서 돌아온 걸까…)
1795	narration	1	37	18	(後の通路みたいなのが気になるな…)	(뒤쪽 통로가 신경 쓰이는군…)
1796	narration	1	37	18	(後ろにのびてる通路に続いてるのか)	(뒤로 뻗은 통로로 이어지나)
1797	narration	1	39	19	(心が通じるって、こんな感じなのかな)	(마음이 통하는 게 이런 느낌일까)
1798	narration	1	18	7	(急いで<03>\n指令塔<03>	(서둘러<03>\n지령탑<03>
1799	narration	1	21	10	(戦いの犠牲者か…)	(전투의 희생자인가…)
1800	narration	1	29	14	(戦い方がまずかったかな…)	(싸우는 방식이 나빴던 걸까…)
1801	narration	1	17	8	(戻ってみよう)	(돌아가 보자)
1802	narration	1	33	16	(扉がテーブルでふさがれている)	(문이 테이블로 막혀 있다)
1803	narration	1	23	11	(扉が閉まっている…)	(문이 닫혀 있다…)
1804	narration	1	33	16	(手つきにも活気が出てきたな…)	(손놀림에도 활기가 생겼군…)
1805	narration	1	35	17	(手を加えすぎて失敗したらしいな)	(손을 너무 대서 실패한 모양이군)
1806	narration	1	27	13	(手紙だ！ いつの間に…)	(편지다！언제 이런 게…)
1807	narration	1	23	11	(折畳み式のテントだ)	(접이식 텐트다)
1808	narration	1	27	13	(持ち運びには向かないな)	(들고 다니기엔 적합하지 않군)
1809	narration	1	23	11	(持ち運び式の炉だ…)	(휴대용 화로다…)
1810	narration	1	39	19	(指揮を取っている場所さえわかれば！)	(지휘를 하는 장소만 알면！)
1811	narration	1	27	13	(探せば、まだいそうだな)	(찾아보면 아직 있을 듯하군)
1812	narration	1	37	18	(換気のために管を通しているようだ)	(환기용으로 관을 통과시킨 듯하다)
1813	narration	1	31	15	(携帯ランプを改造した物だ…)	(휴대용 램프를 개조한 물건이다…)
1814	narration	1	37	18	(操縦機とエンジンをつなぐ伝達線だ)	(조종기와 엔진을 잇는 전달선이다)
1815	narration	1	29	14	(攻性生物が寄生している！)	(공성생물이 기생한다！)
1816	narration	1	39	19	(攻性生物でも子を守ろうとするんだ…)	(공성생물도 새끼는 지키는군…)
1817	narration	1	31	15	(攻性生物にやられたらしい…)	(공성생물에게 당한 듯하다…)
1818	narration	1	21	10	(攻性生物のマユ…)	(공성생물의 고치…)
1819	narration	1	23	11	(攻性生物のマユか…)	(공성생물의 고치인가…)
1820	narration	1	25	12	(攻性生物の体の一部だ)	(공성생물의 몸 일부다)
1821	narration	1	27	13	(攻性生物の体の一部だ…)	(공성생물의 몸 일부다…)
1822	narration	1	33	16	(攻性生物の体内にできる宝石だ)	(공성생물 몸에서 생기는 보석이다)
1823	narration	1	31	15	(攻性生物の体液を塗った布だ)	(공성생물의 체액을 바른 천이다)
1824	narration	1	31	15	(攻性生物の内臓が干してある)	(공성생물의 내장이 말려져 있다)
1825	narration	1	31	15	(攻性生物の内臓で作ってある)	(공성생물의 내장으로 만들어졌다)
1826	narration	1	33	16	(攻性生物の内臓や体液の匂いだ)	(공성생물의 내장과 체액 냄새다)
1827	narration	1	21	10	(攻性生物の死体だ)	(공성생물의 시체다)
1828	narration	1	37	18	(攻性生物の殻に模様をつけた飾りだ)	(공성생물 껍질에 무늬를 넣었다)
1829	narration	1	31	15	(攻性生物の腕が吊るしてある)	(공성생물의 팔이 매달려 있다)
1830	narration	1	37	18	(攻性生物の腕だ…爪を抜いてあるな)	(공성생물 팔이다…발톱은 뽑혔군)
1831	narration	1	39	19	(攻性生物はたいてい殻が堅いからな…)	(공성생물은 껍질이 단단하니까…)
1832	narration	1	23	11	(攻生成物避けの香石)	(공성생물 퇴치 향석)
1833	narration	1	25	12	(敷布が放り出してある)	(깔개가 내던져져 있다)
1834	narration	1	27	13	(敷布の下に何かあるぞ…)	(깔개 밑에 뭔가 있다…)
1835	narration	1	29	14	(料理をしているみたいだ…)	(요리를 하는 듯…)
1836	narration	1	31	15	(旅の道具が入っているようだ)	(여행용 도구가 든 듯)
1837	narration	1	39	19	(旧世紀からずっと動き続けてるのかな)	(구세기부터 계속 움직이는 걸까)
1838	narration	1	25	12	(旧世紀のエレベータだ)	(구세기의 엘리베이터다)
1839	narration	1	35	17	(旧世紀の伝説にあるドラゴン！？)	(구세기 전설에 나오는 드래곤！？)
1840	narration	1	23	11	(旧世紀の機械がある)	(구세기 기계가 있다)
1841	narration	1	33	16	(旧世紀の機械が光を発している)	(구세기 기계가 빛을 내고 있다)
1842	narration	1	31	15	(旧世紀の機械が吊るしてある)	(구세기 기계가 매달려 있다)
1843	narration	1	39	19	(旧世紀の機械が幻を出しているらしい)	(구세기 기계가 환영을 보여준다)
1844	narration	1	19	9	(旧世紀の機械だ)	(구세기 기계다)
1845	narration	1	25	12	(旧世紀の沈没船？か…)	(구세기의 침몰선？인가…)
1846	narration	1	35	17	(旧世紀の発掘品、手作りの道具…)	(구세기 발굴품,손수 만든 도구…)
1847	narration	1	21	10	(旧世紀の空中船だ)	(구세기의 공중선이다)
1848	narration	1	23	11	(旧世紀の空中船だ…)	(구세기의 공중선이다…)
1849	narration	1	23	11	(旧世紀の記録機械だ)	(구세기의 기록 기계다)
1850	narration	1	29	14	(旧世紀の部品も使ってある)	(구세기의 부품도 사용돼 있다)
1851	narration	1	33	16	(旧世紀の銃！ まだ使えそうだ)	(구세기의 총！아직 쓸 수 있겠다)
1852	narration	1	39	19	(旧式の銃だが、よく手入れされている)	(구식 총이지만 손질이 잘 됐다)
1853	narration	1	33	16	(早く3つ目の鍵を探さなきゃ…)	(빨리 세 번째 열쇠를 찾아야…)
1854	narration	1	25	12	(早く何とかしないと！)	(빨리 어떻게든 하지 않으면！)
1855	narration	1	33	16	(昼間は動きを止めているらしい)	(낮에는 움직임을 멈추는 듯하다)
1856	narration	1	29	14	(普通に仕事をしてるけど…)	(평소처럼 일하고 있지만…)
1857	narration	1	29	14	(普通の家で使うランプだ…)	(평범한 가정용 램프다…)
1858	narration	1	33	16	(普通の獣の皮なんて、珍しいな)	(평범한 짐승 가죽이라니 희귀하군)
1859	narration	1	39	19	(暖炉の中で、小さな火が燃えている…)	(벽난로에서 작은 불이 탄다…)
1860	narration	1	31	15	(暴走しているのは、あれか…)	(폭주하는 건 저건가…)
1861	narration	1	19	9	(最後の封印、か)	(마지막 봉인,인가)
1862	narration	1	23	11	(最後の封印の鍵か…)	(마지막 봉인의 열쇠인가…)
1863	narration	1	37	18	(最近、中身を持ち出したみたいだな)	(최근에 내용물을 꺼낸 모양이군)
1864	narration	1	33	16	(最近、銃を持ち出したらしい…)	(최근에 총을 들고 나간 듯하다…)
1865	narration	1	33	16	(木々がびっしりはびこっている)	(나무들이 빽빽이 우거져 있다)
1866	narration	1	29	14	(木と布でできたテーブルだ)	(나무와 천으로 만든 테이블이다)
1867	narration	1	27	13	(木のはしごが置いてある)	(나무 사다리가 놓였다)
1868	narration	1	29	14	(木の実や種が入ったかごだ)	(열매와 씨앗이 든 바구니다)
1869	narration	1	29	14	(木の板で作った吊り床だ…)	(나무 판자로 만든 해먹이다…)
1870	narration	1	33	16	(木の根本に、何か落ちている…)	(나무 밑동에 뭔가 떨어져 있다…)
1871	narration	1	21	10	(木彫りの飾り柱だ)	(나무 조각 기둥)
1872	narration	1	37	18	(木彫りの飾り柱だ…細かい細工だな)	(나무 조각 기둥…세공이 정교하군)
1873	narration	1	29	14	(木箱がたくさん置いてある)	(나무 상자가 많이 놓였다)
1874	narration	1	27	13	(本がたくさん並んでいる)	(책이 많이 늘어서 있다)
1875	narration	1	35	17	(本棚だ…色々な書物が置いてある)	(책장이다…여러 서적이 놓였다)
1876	narration	1	37	18	(机の上に、たくさん書物が出ている)	(책상 위에 서적이 잔뜩 나왔다)
1877	narration	1	31	15	(机の上にも機械が置いてある)	(책상 위에도 기계가 놓였다)
1878	narration	1	23	11	(架け橋が壊されてる)	(다리가 부서져 있다)
1879	narration	1	37	18	(棚と同じように作られたテーブルだ)	(선반과 같은 식으로 만든 탁자다)
1880	narration	1	31	15	(棚には売り物が並んでいる…)	(선반에 팔 물건이 놓였다…)
1881	narration	1	33	16	(棚には本や物入れがのっている)	(선반에는 책과 수납함이 놓였다)
1882	narration	1	27	13	(棚には雑貨がのっている)	(선반에는 잡화가 놓였다)
1883	narration	1	27	13	(棚には食器がのっている)	(선반에는 식기가 놓였다)
1884	narration	1	27	13	(棚の上に箱が載っている)	(선반 위에 상자가 놓였다)
1885	narration	1	35	17	(棚の中に油のつぼがしまってある)	(선반에 기름 단지가 보관돼 있다)
1886	narration	1	37	18	(棚の中に香料のつぼがしまってある)	(선반에 향료 단지가 보관돼 있다)
1887	narration	1	37	18	(森からは、こんな物がとれるのか…)	(숲에서 이런 걸 얻을 수 있나…)
1888	narration	1	31	15	(森の中にも続いているようだ)	(숲속으로도 이어지는 듯하다)
1889	narration	1	39	19	(森の中の街だけあって、いいたき木だ)	(숲속 마을답게 땔감이 좋군)
1890	narration	1	19	9	(森の中へ入ろう)	(숲속으로 들어가자)
1891	narration	1	35	17	(機械の部品がたくさん出してある)	(기계 부품이 잔뜩 꺼내져 있다)
1892	narration	1	33	16	(機械や道具が入っているらしい)	(기계나 도구가 든 듯)
1893	narration	1	23	11	(次はがんばるぞ！！)	(다음엔 힘내자！！)
1894	narration	1	35	17	(次はこいつに合う鍵穴探しだな…)	(다음은 맞는 열쇠 구멍 찾기…)
1895	narration	1	19	9	(止まっている！)	(멈춰 있다！)
1896	narration	1	33	16	(武器、日用品、旧世紀の機械…)	(무기,생활용품,구세기 기계…)
1897	narration	1	29	14	(歩くのはうまくないんだな)	(걷는 게 서투르군)
1898	narration	1	37	18	(死んでる…攻性生物にやられたのか)	(죽었다…공성생물에게 당한 건가)
1899	narration	1	39	19	(死体から、光る石がこぼれ落ちている)	(시체에서 빛나는 돌이 흘러나온다)
1900	narration	1	29	14	(残ってるのは、これだけか)	(남아있는 건 이것뿐인가)
1901	narration	1	31	15	(残ってるのはこれぐらいか…)	(남아있는 건 이 정도인가…)
1902	narration	1	21	10	(毛皮が干してある)	(모피가 말려져 있다)
1903	narration	1	19	9	(気づかれた！！)	(들켰다！！)
1904	narration	1	39	19	(気のせいか、いつもより元気がいいな)	(평소보다 활기차 보이는군)
1905	narration	1	27	13	(気の荒いクーリアだな…)	(성질이 사나운 쿠리아로군…)
1906	narration	1	23	11	(気落ちした様子だ…)	(낙담한 모습이다…)
1907	narration	1	11	5	(水袋だ)	(물주머니다)
1908	narration	1	19	9	(汚い敷布だな…)	(더러운 깔개로군…)
1909	narration	1	39	19	(洞窟？ …の、ようにも見えるけど…)	(동굴？…로 보이기도 하는데…)
1910	narration	1	37	18	(渓谷で拾った銃に目をとめたようだ)	(주운 총에 눈길이 가는 듯하다)
1911	narration	1	37	18	(滝を見ていると吸い込まれそうだ…)	(폭포를 보면 빨려들 듯하다…)
1912	narration	1	39	19	(焼却炉の中で、本が焼け残っている…)	(소각로에 책이 타다 남아 있다…)
1913	narration	1	27	13	(照明用の機械だろうか…)	(조명용 기계일까…)
1914	narration	1	23	11	(熱が下がっている…)	(열이 내려가고 있다…)
1915	narration	1	29	14	(熱と湿気を防ぐ特製の箱だ)	(열과 습기를 막는 특제 상자다)
1916	narration	1	27	13	(燃料はまだ使えるかな…)	(연료는 아직 쓸 수 있으려나)
1917	narration	1	29	14	(特に変わった様子はないな)	(특별히 달라진 모습은 없군)
1918	narration	1	35	17	(特殊な器官を取り出しているらしい	(특수한 기관을 꺼내고 있는 듯)
1919	narration	1	37	18	(狩りの無事を祈るためのしきたりだ)	(사냥의 무사를 비는 관습이다)
1920	narration	1	19	9	(狩りの獲物か…)	(사냥감인가…)
1921	narration	1	39	19	(獲物をバラすための道具が入っている)	(사냥감을 손질할 도구가 들었다)
1922	narration	1	27	13	(珍しい模様の敷布だな…)	(희귀한 무늬의 깔개로군…)
1923	narration	1	19	9	(生物の鼓動…？)	(생물의 고동…？)
1924	narration	1	21	10	(疲れてるのかな…)	(피곤한 걸까…)
1925	narration	1	35	17	(発掘品いじりが役に立ったんだな)	(발굴품을 만진 게 도움이 됐군)
1926	narration	1	33	16	(発掘品の細工をしているようだ)	(발굴품을 세공하는 듯)
1927	narration	1	27	13	(発掘品を加工した物だ…)	(발굴품을 가공한 물건이다…)
1928	narration	1	31	15	(石碑のような物が置いてある)	(비석 같은 것이 놓였다)
1929	narration	1	39	19	(砂漠で見た事があるような植物だな…)	(사막에서 본 듯한 식물이군…)
1930	narration	1	35	17	(破壊しちゃったけど、大丈夫かな)	(부숴버렸는데 괜찮으려나)
1931	narration	1	29	14	(確か、機械が墜落したのは)	(확실히 기계가 추락한 건)
1932	narration	1	25	12	(祈りに集中している…)	(기도에 집중한다…)
1933	narration	1	29	14	(祈りを捧げているようだ…)	(기도를 올리고 있는 듯…)
1934	narration	1	25	12	(祭壇が片づけてある…)	(제단이 정리돼 있다…)
1935	narration	1	25	12	(祭壇に銃が飾ってある)	(제단에 총이 장식돼 있다)
1936	narration	1	33	16	(祭壇に銃を飾るための台座だ…)	(제단에 총을 장식할 받침대다…)
1937	narration	1	33	16	(穀物が入ったつぼが並んでいる)	(곡물이 든 단지가 늘어서 있다)
1938	narration	1	15	7	(穀物の山だ)	(곡물 더미다)
1939	narration	1	31	15	(穀物や油のつぼが並んでいる)	(곡물과 기름 단지가 늘어서 있다)
1940	narration	1	19	9	(穀物入りの袋だ)	(곡물이 든 자루다)
1941	narration	1	37	18	(空いた箱から中身が出しかけてある)	(빈 상자에서 내용물이 나와 있다)
1942	narration	1	25	12	(窓の灯は消えている…)	(창문 불빛이 꺼져 있다…)
1943	narration	1	37	18	(立派な寝床だけど…ちょっと汚いな)	(훌륭한 잠자리지만…좀 지저분하군)
1944	narration	1	39	19	(竜巻で何かが引きあげられている！？)	(회오리에 뭔가가 끌어올려진다！？)
1945	narration	1	25	12	(箱の中はからっぽだ…)	(상자 안은 텅 비어 있다…)
1946	narration	1	27	13	(箱の中身は衣類のようだ)	(상자 속은 옷가지인 듯하다)
1947	narration	1	33	16	(簡単に消えることはないだろう)	(간단히 사라지지는 않을 것이다)
1948	slot	1	29	10	(簡素な吊り床だ…)	(소박한 해먹이다…)
1949	narration	1	39	19	(粒子に当たると外にはじき出される…)	(입자에 맞으면 밖으로 튕긴다…)
1950	narration	1	37	18	(約束の場所は、あの渓谷だったな…)	(약속 장소는 그 협곡이었지…)
1951	narration	1	33	16	(紋章に封印されていたのかな？)	(문장에 봉인되어 있었던 걸까？)
1952	narration	1	31	15	(細かい細工を施した飾り柱だ)	(정교한 세공을 한 장식 기둥이다)
1953	narration	1	31	15	(腹のふくれる代物じゃないな)	(배가 부를 만한 물건은 아니군)
1954	narration	1	27	13	(船の方に集まってるぞ…)	(배 쪽으로 모이고 있군…)
1955	narration	1	31	15	(色々な形のつぼが置いてある)	(여러 형태의 단지가 놓였다)
1956	narration	1	35	17	(色々な機械を組み合わせてある…)	(여러 기계를 조합해 놓았다…)
1957	narration	1	27	13	(色々な物が吊ってある…)	(여러 물건이 매달려 있다…)
1958	narration	1	33	16	(若い女の人が掃除をしている…)	(젊은 여인이 청소를 한다…)
1959	narration	1	29	14	(若い男が寝ころんでいる…)	(젊은 남자가 드러누워 있다…)
1960	narration	1	31	15	(若い男だ…かなり酔ってるな)	(젊은 남자다…꽤 취해 있군)
1961	narration	1	35	17	(若い男だ…ここの住人だろうか？)	(젊은 남자다…이곳 주민일까？)
1962	narration	1	25	12	(若い男のシーカーだ…)	(젊은 남자 시커다…)
1963	narration	1	21	10	(荷物を入れる袋だ)	(짐을 넣는 자루다)
1964	narration	1	31	15	(落ち着きなく歩き回っている)	(안절부절못하며 돌아다니고 있다)
1965	narration	1	31	15	(薬の材料にでもするのかな…)	(약재료로라도 쓰려는 걸까…)
1966	narration	1	23	11	(街の外に通じる門だ)	(마을 밖으로 통하는 문이다)
1967	narration	1	31	15	(装置がうなりをあげはじめた)	(장치가 굉음을 내기 시작했다)
1968	narration	1	27	13	(装置が動き出したのか…)	(장치가 작동하기 시작한 건가…)
1969	narration	1	27	13	(装置が止まったせいかな)	(장치가 멈춘 탓인가)
1970	narration	1	27	13	(見たことのない木の実だ)	(본 적 없는 나무 열매다)
1971	narration	1	27	13	(見たところ何も変化は…)	(보기엔 별다른 변화는…)
1972	narration	1	25	12	(見なれない攻性生物だ)	(낯선 공성생물이다)
1973	narration	1	37	18	(親のところまで連れていってやるか)	(부모가 있는 곳까지 데려다줄까)
1974	narration	1	29	14	(親の巣の跡に何かある…？)	(부모 둥지 흔적에 뭔가 있다…？)
1975	narration	1	33	16	(解いていけば、この場所の謎が)	(풀어나가면 이곳의 수수께끼가)
1976	narration	1	29	14	(誰かが入った跡がある…！)	(누군가 들어온 흔적이 있다…！)
1977	narration	1	29	14	(調べものをしているようだ)	(조사를 하는 듯)
1978	narration	1	19	9	(警戒が厳しい…)	(경계가 삼엄하군…)
1979	narration	1	33	16	(赤いワームなんて、珍しいな…)	(붉은 웜이라니 희귀하군…)
1980	narration	1	29	14	(身体を洗ってもらっている)	(몸을 씻겨주고 있다)
1981	narration	1	31	15	(農具がたくさんしまってある)	(농기구가 잔뜩 보관돼 있다)
1982	narration	1	35	17	(近くで見ると、結構大がかりだな)	(가까이서 보니 꽤 큼직하군)
1983	narration	1	31	15	(近づきやすくなったはずだ…)	(접근하기 쉬워졌을 텐데…)
1984	narration	1	29	14	(近よらないと動かせないな)	(가까이 가지 않으면 못 움직인다)
1985	narration	1	37	18	(近よらないと鍵を使うのは無理だな)	(가까이 가야 열쇠를 쓰겠군)
1986	narration	1	21	10	(道具屋のヤレドだ)	(도구상 야레드다)
1987	narration	1	13	6	(道具箱だ)	(도구 상자다)
1988	narration	1	35	17	(道具箱の中身が床に転がっている)	(도구 상자 속이 바닥에 널렸다)
1989	narration	1	29	14	(遠すぎてよく聞こえないな)	(너무 멀어서 잘 안 들리는군)
1990	narration	1	25	12	(遠出の時に使う水袋だ)	(멀리 갈 때 쓰는 물통)
1991	narration	1	19	9	(遣跡への入□だ)	(유적으로 가는 입구다)
1992	narration	1	21	10	(邪魔するように…)	(방해하듯이…)
1993	narration	1	23	11	(鉢植えが置いてある)	(화분이 놓였다)
1994	narration	1	19	9	(銃が置いてある)	(총이 놓였다)
1995	narration	1	35	17	(銃で下にいる奴らを狙ってみるか)	(총으로 아래 녀석들을 노려볼까)
1996	narration	1	29	14	(銃の台座だけが残っている)	(총의 받침대만 남아 있다)
1997	narration	1	33	16	(銃の攻撃力を上げる部品だな…)	(총의 공격력을 올리는 부품이군…)
1998	narration	1	39	19	(錠前がついている…開けるのは無理だ)	(자물쇠가 달렸다…여는 건 무리다)
1999	narration	1	25	12	(鍵がないと外せない…)	(열쇠가 없으면 뗄 수 없다…)
2000	narration	1	31	15	(門の開閉はここで行うようだ)	(문의 개폐는 여기서 하는 듯하다)
2001	narration	1	25	12	(門は閉ざされている…)	(문은 닫혀 있다…)
2002	narration	1	21	10	(門番の詰所らしい)	(문지기 초소인 듯하다)
2003	narration	1	17	8	(開いてないな)	(열리지 않는군)
2004	narration	1	13	6	(開かない)	(열리지 않는다)
2005	narration	1	37	18	(間違いない…これは旧世紀の機械だ)	(틀림없다…이건 구세기 기계다)
2006	narration	1	27	13	(防具が壁にかかっている)	(방어구가 벽에 걸렸다)
2007	narration	1	25	12	(降りて調べてみるか…)	(내려가서 살펴볼까…)
2008	narration	1	25	12	(隣の区画に通じる門だ)	(옆 구역으로 통하는 문이다)
2009	narration	1	39	19	(隣の部屋からガラクタがあふれている)	(옆방에서 고물이 넘쳐나고 있다)
2010	narration	1	31	15	(雇われハンターのラウルだ…)	(고용 헌터 라울이다…)
2011	narration	1	27	13	(難しそうな本が多いな…)	(어려워 보이는 책이 많군…)
2012	narration	1	17	8	(霧が晴れた！)	(안개가 걷혔다！)
2013	narration	1	19	9	(静かになったな)	(조용해졌군)
2014	narration	1	21	10	(静かになったな…)	(조용해졌군…)
2015	narration	1	31	15	(頭に直接響いてくる…感じだ)	(머릿속에 직접 울리는…느낌이다)
2016	narration	1	35	17	(頭をつぶさないときりがないぞ…)	(머리를 부수지 않으면 끝없다…)
2017	narration	1	37	18	(風がやまない限り先には行けないな)	(바람이 멎지 않으면 못 간다)
2018	narration	1	21	10	(風がやんでいる…)	(바람이 멎어 있다…)
2019	narration	1	21	10	(風が吹いている…)	(바람이 불고 있다…)
2020	narration	1	33	16	(風向と風力を計っているらしい)	(풍향과 풍력을 재고 있는 듯)
2021	narration	1	39	19	(風網を止めるスイッチを探すのが先か)	(풍망을 멈출 스위치부터 찾자)
2022	narration	1	27	13	(食事を作っているらしい)	(식사를 만들고 있는 듯)
2023	narration	1	29	14	(食事用のテーブルだけど…)	(식사용 테이블인데…)
2024	narration	1	23	11	(食器の入った棚だ…)	(식기가 든 선반이다…)
2025	narration	1	17	8	(飲まれる！？)	(먹힌다！？)
2026	narration	1	21	10	(飲み水の蓄えだ…)	(식수 저장분이다…)
2027	narration	1	29	14	(飲み水や食料が置いてある)	(식수와 식량이 놓였다)
2028	narration	1	31	15	(飲み水や食料が置いてある…)	(식수와 식량이 놓였다…)
2029	narration	1	37	18	(飾りの後ろに、木の像が並んでいる)	(뒤에 나무 조각상이 늘어섰다)
2030	narration	1	37	18	(飾り窓の向こうから光がさしている)	(장식 창 너머로 빛이 비친다)
2031	narration	1	37	18	(香木が立ててある…古い物が多いな)	(향목이 세워졌다…오래된 게 많군)
2032	narration	1	35	17	(香辛料としては高く売れるけど…)	(향신료치고는 비싸게 팔리는데…)
2033	narration	1	17	8	(騒がしいな…)	(시끄럽군…)
2034	narration	1	15	7	(驚いたな！)	(놀랐다！)
2035	narration	1	27	13	(高熱で眠り続けている…)	(고열로 계속 잠들었다…)
2036	narration	1	23	11	(！      ！ )	(！      ！ )
2037	narration	1	21	10	(！！ 聞こえる…)	(！！들린다…)
2038	narration	1	19	9	(！？ あれは…)	(！？저건…)
2039	narration	1	37	18	(！？ これがメル=カヴァなのか…)	(！？이게 멜=카바인가…)
2040	narration	1	19	9	(．．．幻聴か？)	(．．．환청인가？)
2041	narration	1	23	11	(？      ？ )	(？      ？ )
2042	narration	1	7	3	(？)	(？)
2043	dialog	1	11	5	)<01>キャンプ	)<01>캠프
2044	dialog	1	41	19	)<1D><1A><01>(…だめだ、とっくに冷たくなってる)	)<1D><1A><01>(…안 돼,벌써 차갑게 식었어)
2045	dialog	1	33	15	)<1D><1A><01>(餌でもやってみようかな…)	)<1D><1A><01>(먹이라도 줘볼까…)
2046	dialog	1	8	1	)<1D><1A><01><18><09><09>	)<1D><1A><01><18><09><09>
2047	dialog	1	13	5	)<1D><1A><01>…………	)<1D><1A><01>…………
2048	dialog	1	17	13	)<1D><1A><01>イス」ゥスゆゆりもョ。ォ	)<1D><1A><01>イス」ゥスゆゆりもョ。ォ
2049	dialog	1	17	13	)<1D><1A><01>イス」・スゆらろもョ。ォ	)<1D><1A><01>イス」・スゆらろもョ。ォ
2050	dialog	1	17	13	)<1D><1A><01>イスイースゆゆりもョ。ォ	)<1D><1A><01>イスイースゆゆりもョ。ォ
2051	dialog	1	17	13	)<1D><1A><01>イスェ「スゆゆよもョ。ォ	)<1D><1A><01>イスェ「スゆゆよもョ。ォ
2052	dialog	1	17	13	)<1D><1A><01>イスークスりらゆもョ。ォ	)<1D><1A><01>イスークスりらゆもョ。ォ
2053	dialog	1	15	6	)<1D><1A><01>キャラバン	)<1D><1A><01>캐러밴
2054	dialog	1	17	7	)<1D><1A><01>シーカーの里	)<1D><1A><01>시커의 마을
2055	dialog	1	13	5	)<1D><1A><01>ゾアの街	)<1D><1A><01>조아의 거리
2056	dialog	1	11	4	)<1D><1A><01>発掘所	)<1D><1A><01>발굴소
2057	dialog	1	16	8	)当やばい男だぜ	)상당히 위험한 자야
2058	ui	1	17	8	000エッジ負傷	000엣지 부상
2059	ui	1	27	13	002エッジ意識を取り戻す	002엣지 의식을 되찾다
2060	ui	1	19	9	004ドラゴン登場	004드래곤 등장
2061	ui	1	15	7	006発掘所へ	006발굴소로
2062	ui	1	17	8	008隊長の遣言	008대장의 유언
2063	ui	1	29	14	011追われるガッシュを発見	011쫓기는 가슈를 발견
2064	ui	1	25	12	014ガッシュとの出会い	014가슈와의 만남
2065	ui	1	37	18	016ドラゴン伝承をガッシュから聞く	016가슈에게서 드래곤 전승을 듣다
2066	ui	1	23	11	022ガッシュとの別れ	022가슈와의 이별
2067	ui	1	29	14	024「クレイメン艦隊」の噂	024「크레이멘 함대」의 소문
2068	ui	1	35	17	029アーウェン艦を撃破〜AD登場	029아웬 함을 격파〜AD 등장
2069	ui	1	25	12	034パエットからの依頼	034파에트의 의뢰
2070	ui	1	25	12	040帝国軍に拿捕される	040제국군에 나포되다
2071	ui	1	19	9	041帝国軍の尋問	041제국군의 심문
2072	ui	1	21	10	043シーカーの襲撃	043시커의 습격
2073	ui	1	23	11	049ガッシュとの再会	049가슈와의 재회
2074	ui	1	23	11	052パエットとの交渉	052파에트와의 교섭
2075	ui	1	19	9	053透視版の映像	053투시판의 영상
2076	ui	1	27	13	054ツァスタヴァ少尉登場	054차스타바 소위 등장
2077	ui	1	17	8	057AD登場2	057AD등장2
2078	ui	1	17	8	059ウル地下へ	059우르 지하로
2079	ui	1	23	11	060アゼルとの出会い	060아젤과의 만남
2080	ui	1	23	11	067エレベーター乗る	067엘리베이터를 탄다
2081	ui	1	19	9	068アゼルの独白	068아젤의 독백
2082	ui	1	17	8	071再会の予感	071재회 예감
2083	ui	1	21	10	072パエットと空へ	072파에트와 하늘로
2084	ui	1	23	11	074帝国からの先遣隊	074제국의 선발대
2085	ui	1	25	12	078バイマンからの依頼	078바이만의 의뢰
2086	ui	1	21	10	087バイマンの陰謀	087바이만의 음모
2087	ui	1	31	15	089クレイメン部下深夜の襲撃	089크레이멘 부하 심야의 습격
2088	ui	1	29	14	090Aメル=カヴァが見える	090A멜=카바가 보인다
2089	ui	1	23	11	090遣産の見せたもの	090유산이 보여준 것
2090	ui	1	179	86	1)最上層から外周部13階へ→\n  13階から昇降機で12階へ→\n  12階から上部格納層へ\n\n2)上部格納層から外周部11階へ→\n  11階から昇降機で9階へ→\n  9階から中間層へ	1)최상층에서 외주부\n13층으로→ 13층에서 승강기로\n12층으로→ 12층에서 상부\n격납층으로 2)상부 격납층에서\n외주부 11층으로→ 11층에서\n승강기로 9층으로→ 9층에서\n중간층으로
2091	dialog	1	19	9	10000Dnで売る	10000Dn에팜
2092	dialog	1	11	5	1000Dn	1000Dn
2093	dialog	1	17	8	1000Dnで買う	1000Dn에삼
2094	dialog	1	19	9	100Dnでいいんだ	100Dn이면 됐어
2095	dialog	1	11	5	10Dn払う	10Dn냄
2096	ui	1	15	7	10の月22日	10월 22일
2097	ui	1	15	7	10の月23日	10월 23일
2098	ui	1	15	7	10の月25日	10월 25일
2099	ui	1	37	18	117アゼル助けるエッジ／帝国軍登場	117아젤을 구하는 엣지／제국군 등장
2100	ui	1	13	6	118街消滅	118거리소멸
2101	ui	1	15	7	11の月14日	11월 14일
2102	ui	1	15	7	11の月16日	11월 16일
2103	ui	1	13	6	11の月2日	11월 2일
2104	ui	1	13	6	11の月8日	11월 8일
2105	ui	1	31	15	120クレイメン艦登場(前半)	120크레이멘 함 등장(전반)
2106	ui	1	31	15	121クレイメン艦登場(後半)	121크레이멘 함 등장(후반)
2107	ui	1	23	11	122クレイメンの告白	122크레이멘의 고백
2108	ui	1	35	17	127アゼルの覚醒／クレイメンの死	127아젤의 각성／크레이멘의 죽음
2109	ui	1	23	11	128攻性生物対帝国軍	128공성생물 대 제국군
2110	ui	1	15	7	12の月20日	12월 20일
2111	ui	1	13	6	12の月3日	12월 3일
2112	ui	1	13	6	12の月6日	12월 6일
2113	ui	1	21	10	134シーカーの正体	134시커의 정체
2114	ui	1	21	10	135アゼル目覚める	135아젤 눈뜨다
2115	ui	1	17	8	137帝国軍襲来	137제국군 습래
2116	ui	1	19	9	142アゼルの説得	142아젤의 설득
2117	ui	1	19	9	144アゼルの決意	144아젤의 결의
2118	ui	1	15	7	150塔再潜入	150탑재잠입
2119	ui	1	27	13	152エッジとアゼルの別れ	152엣지와 아젤의 이별
